REGION_CODE,REGION_NAME,ADMIN1,ADMIN1_CODE,AREA_KM2,rep_lat,rep_lon
1100015,Alta Floresta D'Oeste,Rondônia,11,7067.127,-12.471074749999957,-62.1370136176932
1100023,Ariquemes,Rondônia,11,4426.143,-9.978684099999953,-63.056845750422056
1100031,Cabixi,Rondônia,11,1314.352,-13.506868449999956,-60.678589354321936
1100049,Cacoal,Rondônia,11,3793.0,-11.317330299999952,-61.251007243338975
1100056,Cerejeiras,Rondônia,11,2783.297,-13.183968699999951,-61.204777958881415
1100064,Colorado do Oeste,Rondônia,11,1451.063,-13.136192549999947,-60.53743900071487
1100072,Corumbiara,Rondônia,11,3060.321,-12.88145929999996,-61.22329237206949
1100080,Costa Marques,Rondônia,11,4987.177,-12.087196749999976,-64.18629923174664
1100098,Espigão D'Oeste,Rondônia,11,4518.038,-11.369301649999954,-60.731576369287936
1100106,Guajará-Mirim,Rondônia,11,24856.877,-11.323048599999964,-64.41668632255461
1100114,Jaru,Rondônia,11,2944.14,-10.649682749999926,-62.553494069940584
1100122,Ji-Paraná,Rondônia,11,6896.649,-10.45106894999995,-61.69204652343228
1100130,Machadinho D'Oeste,Rondônia,11,8509.27,-9.190073699999942,-61.927099565200436
1100148,Nova Brasilândia D'Oeste,Rondônia,11,1703.008,-11.628766599999977,-62.33065437201533
1100155,Ouro Preto do Oeste,Rondônia,11,1969.879,-10.51398384999996,-62.012668289248225
1100189,Pimenta Bueno,Rondônia,11,6241.019,-11.86287219999997,-60.81012509368216
1100205,Porto Velho,Rondônia,11,34091.146,-8.988166149999955,-63.99460562547435
1100254,Presidente Médici,Rondônia,11,1758.464,-11.193678349999942,-61.847953003671904
1100262,Rio Crespo,Rondônia,11,1717.64,-9.687692499999969,-62.8362684655408
1100288,Rolim de Moura,Rondônia,11,1457.812,-11.741026699999964,-61.752447203059674
1100296,Santa Luzia D'Oeste,Rondônia,11,1197.796,-12.142676449999954,-61.729806656865065
1100304,Vilhena,Rondônia,11,11708.579,-12.124048749999929,-60.11260408184566
1100320,São Miguel do Guaporé,Rondônia,11,6789.605,-11.621131399999939,-62.66546058536643
1100338,Nova Mamoré,Rondônia,11,10070.49,-10.404881399999937,-64.77584068858839
1100346,Alvorada D'Oeste,Rondônia,11,3029.189,-11.334481849999975,-62.46892566956769
1100379,Alto Alegre dos Parecis,Rondônia,11,3958.273,-12.573871099999934,-61.7638257584944
1100403,Alto Paraíso,Rondônia,11,2651.991,-9.697418099999936,-63.37666293643572
1100452,Buritis,Rondônia,11,3265.81,-10.087995749999948,-63.91079389427169
1100502,Novo Horizonte do Oeste,Rondônia,11,843.446,-11.689299999999974,-62.08521199378417
1100601,Cacaulândia,Rondônia,11,1962.026,-10.330456599999962,-62.968536955997706
1100700,Campo Novo de Rondônia,Rondônia,11,3442.005,-10.498456949999962,-63.76481194834048
1100809,Candeias do Jamari,Rondônia,11,6843.673,-8.964493349999941,-63.53791812123089
1100908,Castanheiras,Rondônia,11,892.841,-11.438427299999944,-61.89552986637366
1100924,Chupinguaia,Rondônia,11,5117.29,-12.578837799999945,-60.88656846214161
1100940,Cujubim,Rondônia,11,3863.946,-9.121291499999955,-62.53147137828798
1101005,Governador Jorge Teixeira,Rondônia,11,5067.384,-10.822505449999966,-63.24061540857724
1101104,Itapuã do Oeste,Rondônia,11,4081.581,-9.132569349999955,-63.12422687901423
1101203,Ministro Andreazza,Rondônia,11,798.083,-11.180436249999957,-61.58373982196706
1101302,Mirante da Serra,Rondônia,11,1191.875,-11.045824349999947,-62.806621513271836
1101401,Monte Negro,Rondônia,11,1931.378,-10.246702649999946,-63.379639534487566
1101435,Nova União,Rondônia,11,807.14,-10.886089749999968,-62.53479016660513
1101450,Parecis,Rondônia,11,2548.683,-12.312846299999933,-61.429086076788465
1101468,Pimenteiras do Oeste,Rondônia,11,6014.733,-13.01046004999995,-61.736515161358106
1101476,Primavera de Rondônia,Rondônia,11,605.692,-11.908187599999962,-61.302515238572
1101484,São Felipe D'Oeste,Rondônia,11,541.647,-11.916149899999937,-61.454282480178605
1101492,São Francisco do Guaporé,Rondônia,11,10948.593,-12.380408699999975,-62.94763610222887
1101500,Seringueiras,Rondônia,11,4444.017,-11.877316949999937,-63.104505253437466
1101559,Teixeirópolis,Rondônia,11,459.935,-10.93041519999997,-62.2581114380004
1101609,Theobroma,Rondônia,11,2197.413,-10.089020699999963,-62.280821085853134
1101708,Urupá,Rondônia,11,831.857,-11.114086899999961,-62.456418815694875
1101757,Vale do Anari,Rondônia,11,3135.106,-9.69050834999996,-61.77146753362944
1101807,Vale do Paraíso,Rondônia,11,965.676,-10.359167249999956,-62.070207918562666
1200013,Acrelândia,Acre,12,1811.621,-9.95432569999997,-66.88032715794012
1200054,Assis Brasil,Acre,12,4977.815,-10.720407849999958,-70.01541301552564
1200104,Brasiléia,Acre,12,3928.82,-10.703851999999955,-69.18614943167353
1200138,Bujari,Acre,12,3035.547,-9.60177374999995,-68.22413711416954
1200179,Capixaba,Acre,12,1705.236,-10.453428849999966,-67.87677893844321
1200203,Cruzeiro do Sul,Acre,12,8782.922,-7.956637949999958,-72.73148918717897
1200252,Epitaciolândia,Acre,12,1652.715,-10.880646699999943,-68.58755844010085
1200302,Feijó,Acre,12,27977.12,-8.896217999999948,-70.59971276385232
1200328,Jordão,Acre,12,5356.981,-9.222242699999953,-71.85262700118639
1200336,Mâncio Lima,Acre,12,5451.617,-7.45595444999995,-73.41197051259283
1200344,Manoel Urbano,Acre,12,10630.225,-9.400749649999966,-70.05890607969842
1200351,Marechal Thaumaturgo,Acre,12,8190.967,-9.08960529999996,-72.49116342881081
1200385,Plácido de Castro,Acre,12,1952.531,-10.24026239999995,-67.25290358863259
1200393,Porto Walter,Acre,12,6446.102,-8.448129549999948,-72.76269358520013
1200401,Rio Branco,Acre,12,8834.831,-9.994384799999978,-68.15931764126871
1200427,Rodrigues Alves,Acre,12,3077.159,-7.861978199999953,-73.21177825397842
1200435,Santa Rosa do Purus,Acre,12,6156.234,-9.518374083999959,-70.29386690260334
1200450,Senador Guiomard,Acre,12,2320.946,-9.980414349999961,-67.32414881008302
1200500,Sena Madureira,Acre,12,23760.41,-9.763094999999964,-69.3326906131899
1200609,Tarauacá,Acre,12,20169.485,-8.270729799999941,-71.42772271226116
1200708,Xapuri,Acre,12,5350.3,-10.611690499999952,-68.46248725722222
1200807,Porto Acre,Acre,12,2603.942,-9.635682849999966,-67.64806029058062
1300029,Alvarães,Amazonas,13,5922.884,-3.675173399999977,-65.34217312959252
1300060,Amaturá,Amazonas,13,4754.109,-3.42089969999995,-68.34975030512403
1300086,Anamã,Amazonas,13,2446.121,-3.474056499999932,-61.67151325722892
1300102,Anori,Amazonas,13,6036.019,-4.211319649999979,-61.961945759694046
1300144,Apuí,Amazonas,13,54240.544,-7.5932034499999475,-59.44142961885092
1300201,Atalaia do Norte,Amazonas,13,76507.617,-5.671610799999968,-71.72741083463987
1300300,Autazes,Amazonas,13,7652.852,-3.8310146999999404,-59.45079032710363
1300409,Barcelos,Amazonas,13,122462.433,-0.14098279999993224,-63.17932574051408
1300508,Barreirinha,Amazonas,13,5751.765,-3.1335250999999573,-57.24003029553532
1300607,Benjamin Constant,Amazonas,13,8705.265,-5.494318599999957,-70.31587278275121
1300631,Beruri,Amazonas,13,17472.779,-4.537876249999954,-61.73411551513584
1300680,Boa Vista do Ramos,Amazonas,13,2589.407,-3.1605360499999335,-57.905532370828475
1300706,Boca do Acre,Amazonas,13,21938.583,-8.81738649999997,-68.00209564430835
1300805,Borba,Amazonas,13,44236.184,-5.330572749999959,-59.23739702688309
1300839,Caapiranga,Amazonas,13,9455.539,-3.0545713999999293,-61.9398689805103
1300904,Canutama,Amazonas,13,33642.732,-7.455803399999951,-63.902752860424286
1301001,Carauari,Amazonas,13,25778.658,-5.175653249999954,-67.49562395820405
1301100,Careiro,Amazonas,13,6096.212,-3.747311949999954,-60.1484089292242
1301159,Careiro da Várzea,Amazonas,13,2627.474,-3.3071586999999454,-59.55597073908183
1301209,Coari,Amazonas,13,57970.784,-4.035799999999966,-63.543567189437155
1301308,Codajás,Amazonas,13,18701.074,-3.128112849999951,-63.207885844978875
1301407,Eirunepé,Amazonas,13,14966.241,-7.041109899999952,-70.11868750763469
1301506,Envira,Amazonas,13,7505.794,-7.616099249999962,-70.19590931918334
1301605,Fonte Boa,Amazonas,13,12156.034,-2.5458593984999425,-66.91623084569758
1301654,Guajará,Amazonas,13,7583.534,-7.251998349999951,-72.74281390136507
1301704,Humaitá,Amazonas,13,33111.129,-7.511690699999946,-62.59968565977866
1301803,Ipixuna,Amazonas,13,12109.779,-7.1431946999999525,-71.41892102779313
1301852,Iranduba,Amazonas,13,2216.817,-3.0868723499999646,-60.66552614291291
1301902,Itacoatiara,Amazonas,13,8891.979,-3.136208049999965,-58.81268282552719
1301951,Itamarati,Amazonas,13,25260.429,-6.727239449999956,-67.92328023946007
1302009,Itapiranga,Amazonas,13,4335.075,-2.544382049999939,-58.65336070249662
1302108,Japurá,Amazonas,13,55827.202,-1.3836395999999525,-68.79320725551274
1302207,Juruá,Amazonas,13,19438.805,-3.374764399999947,-66.45041622887128
1302306,Jutaí,Amazonas,13,69459.501,-4.51043704999995,-68.24937685271115
1302405,Lábrea,Amazonas,13,68262.68,-8.382857749999943,-65.71101526695156
1302504,Manacapuru,Amazonas,13,7336.578,-3.2770439499999497,-60.710583664422934
1302553,Manaquiri,Amazonas,13,3973.258,-3.7426940999999374,-60.667282126375795
1302603,Manaus,Amazonas,13,11401.002,-2.5754932999999482,-60.370347591242485
1302702,Manicoré,Amazonas,13,48315.038,-6.7875105999999334,-61.10962460549242
1302801,Maraã,Amazonas,13,16830.826,-2.6129641999999365,-64.70330760563
1302900,Maués,Amazonas,13,39991.067,-5.241802449999966,-58.19454163029886
1303007,Nhamundá,Amazonas,13,14107.502,-1.0799382999999523,-58.44496626578102
1303106,Nova Olinda do Norte,Amazonas,13,5578.132,-4.027365799999956,-58.58759135957913
1303205,Novo Airão,Amazonas,13,37776.664,-1.802134749999965,-61.018059372604895
1303304,Novo Aripuanã,Amazonas,13,41179.656,-6.828447499999953,-60.229306344961934
1303403,Parintins,Amazonas,13,5956.048,-2.7940899999999544,-56.689231783677144
1303502,Pauini,Amazonas,13,41624.664,-7.764894849999962,-68.19565376154101
1303536,Presidente Figueiredo,Amazonas,13,25459.099,-1.2204098999999644,-60.11482933073333
1303569,Rio Preto da Eva,Amazonas,13,5815.622,-2.514318699999933,-59.59842694307365
1303601,Santa Isabel do Rio Negro,Amazonas,13,62798.845,-0.2516812999999445,-64.98843059837866
1303700,Santo Antônio do Içá,Amazonas,13,12366.215,-3.0836797499999307,-69.06881245985653
1303809,São Gabriel da Cachoeira,Amazonas,13,109192.593,0.35928165000007084,-68.16767322376876
1303908,São Paulo de Olivença,Amazonas,13,19658.536,-4.738692149999935,-69.52498567708314
1303957,São Sebastião do Uatumã,Amazonas,13,10647.463,-1.8948103999999546,-58.810999398221064
1304005,Silves,Amazonas,13,3723.382,-2.8507021499999325,-58.497656127280564
1304062,Tabatinga,Amazonas,13,3260.245,-4.030012399999947,-69.69385667370726
1304104,Tapauá,Amazonas,13,84946.035,-6.026457199999953,-66.03925486530397
1304203,Tefé,Amazonas,13,23692.621,-4.411329199999955,-65.57601205731888
1304237,Tonantins,Amazonas,13,6447.227,-2.575678349999947,-67.47256324637802
1304260,Uarini,Amazonas,13,10275.559,-3.202934699999929,-65.43021277411684
1304302,Urucará,Amazonas,13,27924.566,-1.2496710999999436,-58.78876535992821
1304401,Urucurituba,Amazonas,13,2863.889,-2.8352144999999496,-57.830326255866126
1400027,Amajari,Roraima,14,28473.45,3.7247967500000527,-61.810255344668434
1400050,Alto Alegre,Roraima,14,25454.297,3.1037150500000337,-62.60912002484622
1400100,Boa Vista,Roraima,14,5687.037,3.01751955000006,-60.74428303035561
1400159,Bonfim,Roraima,14,8079.914,2.793621350000052,-60.17502860194976
1400175,Cantá,Roraima,14,7664.831,2.2953966500000718,-60.53661102322211
1400209,Caracaraí,Roraima,14,47379.908,0.3115647000000479,-62.10849501359496
1400233,Caroebe,Roraima,14,12065.896,0.9623908500000482,-59.325772590753154
1400282,Iracema,Roraima,14,14011.695,2.1750141500000666,-61.66834313491458
1400308,Mucajaí,Roraima,14,12337.851,2.525750000000045,-61.99566183362475
1400407,Normandia,Roraima,14,6959.868,3.836214500000068,-60.03215230527553
1400456,Pacaraima,Roraima,14,8025.045,4.166427600000048,-60.887367313125104
1400472,Rorainópolis,Roraima,14,33579.739,-0.21678684999994857,-61.0614758084196
1400506,São João da Baliza,Roraima,14,4284.505,0.7693598000000463,-59.9211650480822
1400605,São Luiz,Roraima,14,1526.898,0.8464044500000512,-60.14458474194714
1400704,Uiramutã,Roraima,14,8113.599,4.71630760000005,-60.335405886366345
1500107,Abaetetuba,Pará,15,1610.646,-1.7391818999999487,-48.855126361372974
1500131,Abel Figueiredo,Pará,15,614.131,-4.962741899999941,-48.39398587414344
1500206,Acará,Pará,15,4344.387,-2.0345514999999637,-48.32055626984919
1500305,Afuá,Pará,15,8338.439,-0.23495204999994712,-50.740826867837015
1500347,Água Azul do Norte,Pará,15,7113.956,-6.762611199999952,-50.32883724901298
1500404,Alenquer,Pará,15,23644.385,-0.3082207999999298,-55.151569076040474
1500503,Almeirim,Pará,15,72956.173,0.4054606000000547,-54.0082257355906
1500602,Altamira,Pará,15,159533.306,-6.3168302999999355,-54.26261241518749
1500701,Anajás,Pará,15,6913.64,-0.7918007999999759,-49.99908010429932
1500800,Ananindeua,Pará,15,190.59,-1.3432544999999436,-48.39121702397637
1500859,Anapu,Pará,15,11895.27,-3.947218199999952,-51.35342477869705
1500909,Augusto Corrêa,Pará,15,1099.58,-1.0985332499999458,-46.4987491385421
1500958,Aurora do Pará,Pará,15,1811.84,-2.260079099999956,-47.706780871220474
1501006,Aveiro,Pará,15,17074.053,-3.7632018499999447,-56.01385108437544
1501105,Bagre,Pará,15,4397.321,-2.4831573499999706,-50.18134009993972
1501204,Baião,Pará,15,3760.0,-3.1689774999999543,-49.75001465792832
1501253,Bannach,Pará,15,2956.649,-7.4790553999999645,-50.67857996785206
1501303,Barcarena,Pará,15,1310.338,-1.4487038499999585,-48.63816998339768
1501402,Belém,Pará,15,1059.458,-1.2726574999999514,-48.502214467879256
1501451,Belterra,Pará,15,4398.418,-3.247252399999951,-54.9382098181636
1501501,Benevides,Pará,15,187.826,-1.3609381999999357,-48.26241710467019
1501576,Bom Jesus do Tocantins,Pará,15,2816.604,-5.028500949999966,-48.77122581653002
1501600,Bonito,Pará,15,586.977,-1.3945660999999632,-47.31383488708066
1501709,Bragança,Pará,15,2124.735,-1.1858779999999456,-46.765801508468314
1501725,Brasil Novo,Pará,15,6362.575,-3.3038341499999433,-52.610268616115405
1501758,Brejo Grande do Araguaia,Pará,15,1288.473,-5.763735199999957,-48.498400330738264
1501782,Breu Branco,Pará,15,3941.736,-3.756808149999955,-49.46821666514364
1501808,Breves,Pará,15,9566.498,-1.157386799999955,-50.437772997223725
1501907,Bujaru,Pará,15,994.662,-1.6482074499999442,-48.05138633533004
1501956,Cachoeira do Piriá,Pará,15,2419.6,-2.0141218499999525,-46.41688964331658
1502004,Cachoeira do Arari,Pará,15,3100.261,-0.8134987999999623,-48.956454228281444
1502103,Cametá,Pará,15,3082.19,-2.281527049999937,-49.51700825584679
1502152,Canaã dos Carajás,Pará,15,3146.749,-6.481657399999932,-50.03170435984845
1502202,Capanema,Pará,15,621.483,-1.1882809999999608,-47.12824401820615
1502301,Capitão Poço,Pará,15,2901.026,-2.066140499999932,-47.25878607945606
1502400,Castanhal,Pará,15,1029.3,-1.2641765999999564,-47.93688425836868
1502509,Chaves,Pará,15,12534.995,0.015076850000042441,-49.86591867276475
1502608,Colares,Pará,15,384.068,-0.9180027999999538,-48.2295003259501
1502707,Conceição do Araguaia,Pará,15,5829.482,-8.206864699999954,-49.5480541168793
1502756,Concórdia do Pará,Pará,15,700.614,-1.8811016999999595,-47.97578671750726
1502764,Cumaru do Norte,Pará,15,17085.001,-8.509149549999933,-51.37249202654407
1502772,Curionópolis,Pará,15,2369.096,-6.250511599999953,-49.693295817729194
1502806,Curralinho,Pará,15,3617.35,-1.5650730999999496,-50.04187247288985
1502855,Curuá,Pará,15,1431.351,-1.783946799999967,-55.10412693433007
1502905,Curuçá,Pará,15,676.322,-0.7535924499999567,-47.866796097477376
1502939,Dom Eliseu,Pará,15,5268.809,-4.20067094999996,-47.82373685284432
1502954,Eldorado do Carajás,Pará,15,2956.691,-6.11713089999995,-49.25826917066847
1503002,Faro,Pará,15,11771.669,-1.1093733499999416,-57.80018840259007
1503044,Floresta do Araguaia,Pará,15,3444.285,-7.552661599999965,-49.60601911449833
1503077,Garrafão do Norte,Pará,15,1608.014,-2.220789949999954,-47.08493569612618
1503093,Goianésia do Pará,Pará,15,7023.932,-4.018135499999943,-48.7327951625375
1503101,Gurupá,Pará,15,8569.676,-1.113500649999935,-51.48671321098646
1503200,Igarapé-Açu,Pará,15,785.983,-1.17517289999995,-47.57630286800094
1503309,Igarapé-Miri,Pará,15,1996.798,-2.075965849999932,-49.08840165492358
1503408,Inhangapi,Pará,15,472.605,-1.4541463499999452,-47.896720743869686
1503457,Ipixuna do Pará,Pará,15,5215.555,-2.937438199999974,-47.967013840951935
1503507,Irituia,Pará,15,1385.209,-1.8343683499999486,-47.39930685100302
1503606,Itaituba,Pará,15,62042.472,-6.032696349999952,-55.96954590484888
1503705,Itupiranga,Pará,15,7880.296,-5.07859014999994,-49.89860388458477
1503754,Jacareacanga,Pará,15,53304.563,-7.47891034999995,-57.60563006718139
1503804,Jacundá,Pará,15,2008.333,-4.594331449999942,-49.20873772938067
1503903,Juruti,Pará,15,8306.24,-2.646694699999955,-56.236678300508345
1504000,Limoeiro do Ajuru,Pará,15,1489.356,-1.8866440499999442,-49.49576684510926
1504059,Mãe do Rio,Pará,15,469.341,-1.9897435499999574,-47.50800761235198
1504109,Magalhães Barata,Pará,15,323.984,-0.8230344999999488,-47.639724955625276
1504208,Marabá,Pará,15,15127.872,-5.524734799999976,-49.944474123149675
1504307,Maracanã,Pará,15,807.628,-0.8035148499999707,-47.48137668015953
1504406,Marapanim,Pará,15,804.625,-0.801512799999955,-47.75518818875351
1504422,Marituba,Pará,15,103.214,-1.3977938999999537,-48.32177698211644
1504455,Medicilândia,Pará,15,8272.629,-3.1650587999999686,-53.21736584797398
1504505,Melgaço,Pará,15,6772.764,-1.5336603999999454,-51.06865520207455
1504604,Mocajuba,Pará,15,871.168,-2.5500627999999494,-49.35668638436685
1504703,Moju,Pará,15,9094.139,-2.5353224499999385,-49.06018417686747
1504752,Mojuí dos Campos,Pará,15,4988.236,-3.037083499999966,-54.538003662281504
1504802,Monte Alegre,Pará,15,18151.323,-1.021438149999966,-54.28838431644117
1504901,Muaná,Pará,15,3763.343,-1.315992849999958,-49.344451282628484
1504950,Nova Esperança do Piriá,Pará,15,2808.195,-2.396086449999956,-46.79071942262651
1504976,Nova Ipixuna,Pará,15,1564.184,-5.013899549999934,-49.20563828652059
1505007,Nova Timboteua,Pará,15,489.852,-1.169504849999953,-47.40402942707583
1505031,Novo Progresso,Pará,15,38162.003,-7.907613849999933,-55.5957460475685
1505064,Novo Repartimento,Pará,15,15398.736,-4.5248240999999325,-50.19475794419141
1505106,Óbidos,Pará,15,28010.001,0.07519030000003113,-55.76110909330556
1505205,Oeiras do Pará,Pará,15,3852.291,-2.3863792999999305,-49.9264028590832
1505304,Oriximiná,Pará,15,107613.629,0.26926705000005313,-57.523275277573575
1505403,Ourém,Pará,15,561.71,-1.496004749999969,-47.12378677948552
1505437,Ourilândia do Norte,Pará,15,14410.567,-7.455012099999976,-51.51467379952486
1505486,Pacajá,Pará,15,11832.323,-3.6996992999999634,-50.60320547739264
1505494,Palestina do Pará,Pará,15,984.362,-5.91276474999998,-48.355222848733604
1505502,Paragominas,Pará,15,19342.565,-3.1238321999999528,-47.40381822628278
1505536,Parauapebas,Pará,15,6885.865,-6.198719099999948,-50.429804524492226
1505551,Pau D'Arco,Pará,15,1671.418,-7.725124849999958,-50.13525695941386
1505601,Peixe-Boi,Pará,15,450.224,-1.13174934999995,-47.27266864135649
1505635,Piçarra,Pará,15,3312.709,-6.552012949999948,-48.99575777706967
1505650,Placas,Pará,15,7173.2,-3.9135688499999333,-54.44226525730022
1505700,Ponta de Pedras,Pará,15,3363.743,-1.1089221499999553,-49.06366989799445
1505809,Portel,Pará,15,25386.158,-2.6209954499999526,-50.99747187844941
1505908,Porto de Moz,Pará,15,17422.329,-2.1692763999999443,-52.59565417011024
1506005,Prainha,Pará,15,14788.189,-1.9195757999999614,-53.453818504839816
1506104,Primavera,Pará,15,259.331,-0.9378162499999689,-47.152655291355124
1506112,Quatipuru,Pará,15,302.586,-0.8588622499999587,-47.018991586160936
1506138,Redenção,Pará,15,3823.809,-8.060249899999974,-50.21537034855406
1506161,Rio Maria,Pará,15,4114.627,-7.370344199999948,-50.1033536331277
1506187,Rondon do Pará,Pará,15,8246.394,-4.465656249999938,-48.4704715477647
1506195,Rurópolis,Pará,15,7021.321,-4.20023754999994,-55.32240495098857
1506203,Salinópolis,Pará,15,226.12,-0.706153899999947,-47.3508466252822
1506302,Salvaterra,Pará,15,918.563,-0.8143149499999538,-48.61468269539198
1506351,Santa Bárbara do Pará,Pará,15,278.154,-1.192048099999937,-48.23823565183445
1506401,Santa Cruz do Arari,Pará,15,1076.652,-0.5546511499999554,-49.32417538044089
1506500,Santa Izabel do Pará,Pará,15,717.662,-1.3678716999999665,-48.13003039827359
1506559,Santa Luzia do Pará,Pará,15,1346.502,-1.7254448999999568,-46.89812181283213
1506583,Santa Maria das Barreiras,Pará,15,10330.214,-8.642848799999939,-50.39245279748583
1506609,Santa Maria do Pará,Pará,15,457.724,-1.3672641499999543,-47.5309296208729
1506708,Santana do Araguaia,Pará,15,11591.441,-9.272942549999954,-50.54412760158835
1506807,Santarém,Pará,15,17899.238,-2.668762049999941,-55.53604585822167
1506906,Santarém Novo,Pará,15,229.51,-0.9026056999999525,-47.34583979141726
1507003,Santo Antônio do Tauá,Pará,15,537.618,-1.0965264499999705,-48.14158136630715
1507102,São Caetano de Odivelas,Pará,15,464.166,-0.8624664999999538,-48.0417253931574
1507151,São Domingos do Araguaia,Pará,15,1392.464,-5.68166599999995,-48.73135140394086
1507201,São Domingos do Capim,Pará,15,1686.765,-1.9289727499999572,-47.76046130883122
1507300,São Félix do Xingu,Pará,15,84212.901,-7.461465499999946,-52.46204089497208
1507409,São Francisco do Pará,Pará,15,479.441,-1.2080323499999395,-47.74901634879659
1507458,São Geraldo do Araguaia,Pará,15,3168.386,-6.167007299999938,-48.754804333604966
1507466,São João da Ponta,Pará,15,195.918,-0.868817049999933,-47.96311332006489
1507474,São João de Pirabas,Pará,15,668.058,-0.7734458499999448,-47.22136499395583
1507508,São João do Araguaia,Pará,15,1279.889,-5.442756849999938,-48.67728934890217
1507607,São Miguel do Guamá,Pará,15,1094.565,-1.5517619999999397,-47.6275398076511
1507706,São Sebastião da Boa Vista,Pará,15,1632.251,-1.4308525999999517,-49.60450813992004
1507755,Sapucaia,Pará,15,1298.19,-6.834287399999937,-49.56977652856679
1507805,Senador José Porfírio,Pará,15,14419.917,-4.311784099999954,-51.57706254299882
1507904,Soure,Pará,15,2857.349,-0.48450434999995196,-48.731241001115094
1507953,Tailândia,Pará,15,4430.477,-2.9048511499999563,-48.78433433430297
1507961,Terra Alta,Pará,15,204.97,-0.9923354999999674,-47.84876452742367
1507979,Terra Santa,Pará,15,1895.884,-1.905324899999954,-56.475227239674126
1508001,Tomé-Açu,Pará,15,5145.361,-2.6601191499999572,-48.25940658551704
1508035,Tracuateua,Pará,15,868.025,-1.0666674999999657,-46.91704126773351
1508050,Trairão,Pará,15,11991.085,-5.106007399999953,-55.933618839424184
1508084,Tucumã,Pará,15,2512.594,-6.812500599999936,-51.41357985483785
1508100,Tucuruí,Pará,15,2084.287,-3.7991755999999555,-49.807226510323275
1508126,Ulianópolis,Pará,15,5088.468,-3.8019547999999475,-47.54774374036298
1508159,Uruará,Pará,15,10791.4,-3.576613649999956,-53.74192620124483
1508209,Vigia,Pará,15,401.589,-0.9446907499999497,-48.12108287622961
1508308,Viseu,Pará,15,4972.936,-1.5604728499999396,-46.46981658584298
1508357,Vitória do Xingu,Pará,15,3089.537,-3.1732051499999727,-51.8776922443959
1508407,Xinguara,Pará,15,3779.348,-6.8489685999999494,-49.25573031958709
1600055,Serra do Navio,Amapá,16,7713.046,1.6424399000000562,-52.27026174349024
1600105,Amapá,Amapá,16,8454.846,1.673569450000059,-50.24850127185631
1600154,Pedra Branca do Amapari,Amapá,16,9622.29,1.2322962000000643,-52.687445335837324
1600204,Calçoene,Amapá,16,14117.297,2.61496635000006,-51.24359627611061
1600212,Cutias,Amapá,16,2179.114,1.066151900000051,-50.33909490015535
1600238,Ferreira Gomes,Amapá,16,4973.855,0.873597400000051,-51.224683823019326
1600253,Itaubal,Amapá,16,1622.867,0.49026110000005474,-50.61388744282938
1600279,Laranjal do Jari,Amapá,16,30782.998,0.7743464000000415,-52.95202217101415
1600303,Macapá,Amapá,16,6563.849,0.5715540000000487,-50.95310310708592
1600402,Mazagão,Amapá,16,13294.778,-0.0431530999999552,-51.97589412012461
1600501,Oiapoque,Amapá,16,23034.392,3.225426350000049,-51.743012496065944
1600535,Porto Grande,Amapá,16,4428.013,0.6147083000000464,-51.501888059981496
1600550,Pracuúba,Amapá,16,4948.508,1.606715800000046,-50.73458720202535
1600600,Santana,Amapá,16,1541.225,0.17562120000002324,-51.42104254798082
1600709,Tartarugalzinho,Amapá,16,6684.705,1.3115147500000433,-50.93289939970491
1600808,Vitória do Jari,Amapá,16,2508.979,-1.0168385744999568,-52.05023293326467
1700251,Abreulândia,Tocantins,17,1906.295,-9.460462349999943,-49.34485831709043
1700301,Aguiarnópolis,Tocantins,17,236.792,-6.50244749999996,-47.504280964214374
1700350,Aliança do Tocantins,Tocantins,17,1580.999,-11.358572599999945,-48.94040994585689
1700400,Almas,Tocantins,17,4007.152,-11.473358649999966,-47.30261669588785
1700707,Alvorada,Tocantins,17,1207.201,-12.408258599999954,-49.11452662891445
1701002,Ananás,Tocantins,17,1581.058,-6.194965799999977,-48.20554313945007
1701051,Angico,Tocantins,17,447.549,-6.42409104999993,-47.897113191269895
1701101,Aparecida do Rio Negro,Tocantins,17,1159.034,-9.976075049999935,-48.02490271744965
1701309,Aragominas,Tocantins,17,1168.213,-6.989166999999952,-48.52500391064664
1701903,Araguacema,Tocantins,17,2774.505,-8.908886499999966,-49.577183958092384
1702000,Araguaçu,Tocantins,17,5155.223,-12.839190849999966,-49.77919296715487
1702109,Araguaína,Tocantins,17,4004.645,-7.25191554999995,-48.27866803629429
1702158,Araguanã,Tocantins,17,834.834,-6.737606999999969,-48.554517899651145
1702208,Araguatins,Tocantins,17,2633.278,-5.6444362999999385,-48.01053049105769
1702307,Arapoema,Tocantins,17,1558.138,-7.729270399999962,-49.00897051752227
1702406,Arraias,Tocantins,17,5803.085,-12.820311649999951,-46.915873591149534
1702554,Augustinópolis,Tocantins,17,388.81,-5.5244425499999466,-47.919994766960976
1702703,Aurora do Tocantins,Tocantins,17,696.194,-12.637317249999967,-46.49498490859388
1702901,Axixá do Tocantins,Tocantins,17,153.539,-5.683002199999947,-47.762606766666636
1703008,Babaçulândia,Tocantins,17,1790.297,-7.162248399999953,-47.91089105236604
1703057,Bandeirantes do Tocantins,Tocantins,17,1540.541,-7.98965284999997,-48.70895055676766
1703073,Barra do Ouro,Tocantins,17,1105.84,-7.71294544999995,-47.64177066464123
1703107,Barrolândia,Tocantins,17,697.759,-9.896845999999954,-48.78023309979186
1703206,Bernardo Sayão,Tocantins,17,924.045,-7.990508649999953,-48.99032069158248
1703305,Bom Jesus do Tocantins,Tocantins,17,1326.947,-9.00227019999997,-47.865422040177876
1703602,Brasilândia do Tocantins,Tocantins,17,645.908,-8.273422249999953,-48.461785488497085
1703701,Brejinho de Nazaré,Tocantins,17,1722.59,-11.071634099999955,-48.69026013869606
1703800,Buriti do Tocantins,Tocantins,17,252.73,-5.34756004999997,-48.14883237809385
1703826,Cachoeirinha,Tocantins,17,351.535,-6.096764249999978,-47.84580323132616
1703842,Campos Lindos,Tocantins,17,3234.445,-8.213507849999928,-46.77089251412265
1703867,Cariri do Tocantins,Tocantins,17,1126.291,-11.946822299999951,-49.139631430533285
1703883,Carmolândia,Tocantins,17,339.366,-7.037063899999964,-48.37460269420065
1703891,Carrasco Bonito,Tocantins,17,190.352,-5.330646799999954,-48.00414567541759
1703909,Caseara,Tocantins,17,1680.014,-9.374463249999934,-49.849696919277406
1704105,Centenário,Tocantins,17,1953.134,-9.075163799999956,-47.437415524821105
1704600,Chapada de Areia,Tocantins,17,658.564,-10.166436999999974,-49.17200909818409
1705102,Chapada da Natividade,Tocantins,17,1640.833,-11.51509779999995,-47.828623710329296
1705508,Colinas do Tocantins,Tocantins,17,842.488,-8.06977459999996,-48.539890501756844
1705557,Combinado,Tocantins,17,208.791,-12.834509699999956,-46.490053469005716
1705607,Conceição do Tocantins,Tocantins,17,2530.647,-12.14800244999995,-47.28641681555745
1706001,Couto Magalhães,Tocantins,17,1584.196,-8.437849349999965,-49.17071478603348
1706100,Cristalândia,Tocantins,17,1850.75,-10.638789749999944,-49.312004600228136
1706258,Crixás do Tocantins,Tocantins,17,983.766,-11.154874599999943,-49.06343327418791
1706506,Darcinópolis,Tocantins,17,1641.77,-6.778792049999936,-47.707635417635075
1707009,Dianópolis,Tocantins,17,3318.094,-11.795584899999966,-46.977645618500915
1707108,Divinópolis do Tocantins,Tocantins,17,2358.282,-9.639807349999955,-49.41155201083723
1707207,Dois Irmãos do Tocantins,Tocantins,17,3747.645,-9.333008899999953,-49.02067738299486
1707306,Dueré,Tocantins,17,3420.657,-11.378778899999958,-49.36679006606862
1707405,Esperantina,Tocantins,17,506.175,-5.3102035499999545,-48.494473364018006
1707553,Fátima,Tocantins,17,380.373,-10.835093599999936,-48.89931811102069
1707652,Figueirópolis,Tocantins,17,1935.709,-12.239414099999976,-49.41204745165886
1707702,Filadélfia,Tocantins,17,1991.258,-7.505698249999938,-47.86372910232347
1708205,Formoso do Araguaia,Tocantins,17,13431.861,-12.119735499999962,-50.370153509816475
1708254,Tabocão,Tocantins,17,624.463,-9.085270249999951,-48.57844929363541
1708304,Goianorte,Tocantins,17,1797.229,-8.918411099999958,-49.01823246624457
1709005,Goiatins,Tocantins,17,6414.846,-8.020283349999971,-47.47523378190884
1709302,Guaraí,Tocantins,17,2106.753,-8.765626949999955,-48.36885955013522
1709500,Gurupi,Tocantins,17,1844.164,-11.65753904999994,-48.91758215716693
1709807,Ipueiras,Tocantins,17,821.152,-11.118173249999955,-48.42177811366806
1710508,Itacajá,Tocantins,17,3047.204,-8.50198169999996,-47.61673493955815
1710706,Itaguatins,Tocantins,17,730.163,-5.784476699999942,-47.605358465968806
1710904,Itapiratins,Tocantins,17,1246.349,-8.29977004999995,-48.04837975616513
1711100,Itaporã do Tocantins,Tocantins,17,969.794,-8.439647449999939,-48.761699424374044
1711506,Jaú do Tocantins,Tocantins,17,2167.201,-12.859387549999951,-48.677848686499715
1711803,Juarina,Tocantins,17,483.452,-8.132049949999953,-49.09693306654278
1711902,Lagoa da Confusão,Tocantins,17,10563.181,-11.048180999999943,-50.219480259009075
1711951,Lagoa do Tocantins,Tocantins,17,917.632,-10.344995549999965,-47.496681916286484
1712009,Lajeado,Tocantins,17,318.292,-9.839531249999965,-48.28677363023928
1712157,Lavandeira,Tocantins,17,468.006,-12.822684549999963,-46.34580488291182
1712405,Lizarda,Tocantins,17,5716.641,-9.495276599999954,-46.826770390784176
1712454,Luzinópolis,Tocantins,17,281.543,-6.215373099999937,-47.84905992272469
1712504,Marianópolis do Tocantins,Tocantins,17,2089.575,-9.772513599999968,-49.760656323257265
1712702,Mateiros,Tocantins,17,9589.273,-10.70714529999995,-46.52217330664792
1712801,Maurilândia do Tocantins,Tocantins,17,736.303,-6.020368299999944,-47.57034363610571
1713205,Miracema do Tocantins,Tocantins,17,2663.745,-9.71406559999997,-48.615132597804106
1713304,Miranorte,Tocantins,17,1033.301,-9.39489519999995,-48.66730421150771
1713601,Monte do Carmo,Tocantins,17,3601.205,-10.735012549999965,-48.022564679111696
1713700,Monte Santo do Tocantins,Tocantins,17,1072.92,-9.987677999999931,-49.11211273280321
1713809,Palmeiras do Tocantins,Tocantins,17,743.407,-6.586297799999954,-47.65520755820976
1713957,Muricilândia,Tocantins,17,1194.368,-7.015502549999951,-48.767796342031374
1714203,Natividade,Tocantins,17,3241.672,-11.727599449999957,-47.62574997960259
1714302,Nazaré,Tocantins,17,395.997,-6.322253449999948,-47.78360021465754
1714880,Nova Olinda,Tocantins,17,1567.834,-7.651987299999973,-48.34587139317543
1715002,Nova Rosalândia,Tocantins,17,514.791,-10.524648599999978,-49.00080089358386
1715101,Novo Acordo,Tocantins,17,2678.262,-10.159479299999958,-47.205982583672295
1715150,Novo Alegre,Tocantins,17,200.412,-12.887807899999956,-46.58481277364859
1715259,Novo Jardim,Tocantins,17,1213.893,-11.806239999999974,-46.654385875533734
1715507,Oliveira de Fátima,Tocantins,17,209.292,-10.662358599999948,-48.87970047389004
1715705,Palmeirante,Tocantins,17,2638.465,-7.845677949999953,-48.17654143525963
1715754,Palmeirópolis,Tocantins,17,1708.981,-13.04043219999997,-48.32975461872572
1716109,Paraíso do Tocantins,Tocantins,17,1292.267,-10.213371999999964,-48.86770206915831
1716208,Paranã,Tocantins,17,11217.373,-12.753010449999948,-47.787486648623954
1716307,Pau D'Arco,Tocantins,17,1375.551,-7.551403199999953,-48.99780630051745
1716505,Pedro Afonso,Tocantins,17,2019.556,-9.20418369999993,-48.003219870119565
1716604,Peixe,Tocantins,17,5303.612,-11.930358799999965,-48.58965208683733
1716653,Pequizeiro,Tocantins,17,1206.118,-8.399617849999942,-48.913002675820756
1716703,Colméia,Tocantins,17,1161.03,-8.89435039999995,-48.72529509491605
1717008,Pindorama do Tocantins,Tocantins,17,1560.551,-11.195486199999976,-47.578682333773486
1717206,Piraquê,Tocantins,17,1363.412,-6.7462605999999425,-48.25141578275115
1717503,Pium,Tocantins,17,10003.549,-9.945362749999958,-50.022413676554734
1717800,Ponte Alta do Bom Jesus,Tocantins,17,1718.791,-12.06675704999995,-46.57545827097503
1717909,Ponte Alta do Tocantins,Tocantins,17,6542.838,-10.752816499999966,-47.362212235104685
1718006,Porto Alegre do Tocantins,Tocantins,17,506.717,-11.549571449999974,-47.067254108618336
1718204,Porto Nacional,Tocantins,17,4434.68,-10.552378549999958,-48.552550319457396
1718303,Praia Norte,Tocantins,17,300.999,-5.489945949999935,-47.783507623292635
1718402,Presidente Kennedy,Tocantins,17,771.716,-8.464818999999949,-48.47643268246873
1718451,Pugmil,Tocantins,17,401.174,-10.42030269999995,-48.86248580764172
1718501,Recursolândia,Tocantins,17,2215.669,-8.696853749999946,-47.11137811351466
1718550,Riachinho,Tocantins,17,512.156,-6.474538849999959,-48.08880427428794
1718659,Rio da Conceição,Tocantins,17,845.823,-11.30500244999996,-46.727784867744845
1718709,Rio dos Bois,Tocantins,17,847.255,-9.239140249999963,-48.44906365102777
1718758,Rio Sono,Tocantins,17,6346.279,-9.643789849999962,-47.48974705956728
1718808,Sampaio,Tocantins,17,222.435,-5.341592949999949,-47.90493195804063
1718840,Sandolândia,Tocantins,17,3535.135,-12.385301449999957,-49.85333112049547
1718865,Santa Fé do Araguaia,Tocantins,17,1671.239,-7.0456521999999495,-49.04590013815756
1718881,Santa Maria do Tocantins,Tocantins,17,1412.318,-8.801952949999958,-47.89874867413014
1718899,Santa Rita do Tocantins,Tocantins,17,3281.219,-10.961240599999968,-49.318568672626554
1718907,Santa Rosa do Tocantins,Tocantins,17,1804.686,-11.411537199999941,-48.141299010557
1719004,Santa Tereza do Tocantins,Tocantins,17,539.511,-10.291875799999957,-47.74678459594753
1720002,Santa Terezinha do Tocantins,Tocantins,17,274.104,-6.486610599999949,-47.765648010734864
1720101,São Bento do Tocantins,Tocantins,17,1099.58,-5.953613649999937,-47.796576738397945
1720150,São Félix do Tocantins,Tocantins,17,1913.11,-10.043349699999936,-46.75190307407884
1720200,São Miguel do Tocantins,Tocantins,17,406.957,-5.547594799999956,-47.56218252052108
1720259,São Salvador do Tocantins,Tocantins,17,1424.753,-12.540211749999969,-48.35138286855523
1720309,São Sebastião do Tocantins,Tocantins,17,289.597,-5.242961399999928,-48.322282792226176
1720499,São Valério,Tocantins,17,2520.465,-11.773269449999958,-48.227278465244154
1720655,Silvanópolis,Tocantins,17,1258.771,-11.112469499999975,-48.2200990390554
1720804,Sítio Novo do Tocantins,Tocantins,17,307.095,-5.652034549999939,-47.65702144407285
1720853,Sucupira,Tocantins,17,1018.222,-12.088868349999956,-48.85526810665698
1720903,Taguatinga,Tocantins,17,2341.919,-12.34873239999996,-46.6170846137299
1720937,Taipas do Tocantins,Tocantins,17,1105.303,-12.15502639999994,-46.97908988824469
1720978,Talismã,Tocantins,17,2155.503,-12.671695799999952,-49.061114110480986
1721000,Palmas,Tocantins,17,2227.329,-10.191684899999956,-48.111913518936475
1721109,Tocantínia,Tocantins,17,2609.775,-9.619242149999963,-48.161888484954275
1721208,Tocantinópolis,Tocantins,17,1083.6,-6.235684749999933,-47.554844194405895
1721257,Tupirama,Tocantins,17,706.883,-8.940738599999946,-48.28181287056626
1721307,Tupiratins,Tocantins,17,889.126,-8.355226999999957,-48.19859294340513
1722081,Wanderlândia,Tocantins,17,1365.431,-6.884672649999942,-47.990610043004224
1722107,Xambioá,Tocantins,17,1190.489,-6.5983906499999705,-48.477158469445456
2100055,Açailândia,Maranhão,21,5805.159,-4.702721199999928,-47.11303256396084
2100105,Afonso Cunha,Maranhão,21,371.765,-4.220056199999931,-43.3297047605598
2100154,Água Doce do Maranhão,Maranhão,21,442.292,-2.9235024999999553,-42.15494694872224
2100204,Alcântara,Maranhão,21,1167.964,-2.391024749999957,-44.51335349022115
2100303,Aldeias Altas,Maranhão,21,1943.413,-4.470524749999953,-43.37823190670761
2100402,Altamira do Maranhão,Maranhão,21,524.374,-4.137415499999975,-45.51292976511253
2100436,Alto Alegre do Maranhão,Maranhão,21,392.75,-4.213070199999947,-44.38817686903074
2100477,Alto Alegre do Pindaré,Maranhão,21,1875.58,-3.961571749999962,-46.09931862003258
2100501,Alto Parnaíba,Maranhão,21,11127.384,-9.510072349999945,-46.19520377487265
2100550,Amapá do Maranhão,Maranhão,21,502.403,-1.6576880999999446,-45.93831327841441
2100600,Amarante do Maranhão,Maranhão,21,7439.615,-5.379363749999953,-46.61602321366878
2100709,Anajatuba,Maranhão,21,940.489,-3.2491195999999434,-44.59847691591964
2100808,Anapurus,Maranhão,21,608.903,-3.5614805999999533,-43.0428881601611
2100832,Apicum-Açu,Maranhão,21,341.12,-1.5503673499999593,-45.06221278937728
2100873,Araguanã,Maranhão,21,805.194,-3.0644721499999434,-45.77386844450365
2100907,Araioses,Maranhão,21,1789.73,-2.954819149999963,-41.96253720651879
2100956,Arame,Maranhão,21,2976.039,-4.988593049999963,-45.84368071435367
2101004,Arari,Maranhão,21,1100.275,-3.5501685499999383,-44.72707460239542
2101103,Axixá,Maranhão,21,160.462,-2.845586099999963,-44.09097093996365
2101202,Bacabal,Maranhão,21,1656.736,-4.120724749999937,-44.743419328804876
2101251,Bacabeira,Maranhão,21,542.961,-2.931288549999948,-44.353362852989235
2101301,Bacuri,Maranhão,21,832.084,-1.6770979499999612,-45.175260710020126
2101350,Bacurituba,Maranhão,21,413.651,-2.691529149999951,-44.706697261269255
2101400,Balsas,Maranhão,21,13141.162,-8.28710339999995,-46.25994696737528
2101509,Barão de Grajaú,Maranhão,21,2209.414,-6.592719449999947,-43.141921088360576
2101608,Barra do Corda,Maranhão,21,5187.673,-5.509472699999947,-45.24443473887544
2101707,Barreirinhas,Maranhão,21,3046.308,-2.836485549999935,-42.90152388844797
2101731,Belágua,Maranhão,21,569.606,-3.1106971499999645,-43.45168722138587
2101772,Bela Vista do Maranhão,Maranhão,21,147.954,-3.767394449999955,-45.25197058528761
2101806,Benedito Leite,Maranhão,21,1784.64,-7.15980019999995,-44.585888543585924
2101905,Bequimão,Maranhão,21,790.222,-2.4469251499999416,-44.81646772132627
2101939,Bernardo do Mearim,Maranhão,21,247.186,-4.668439849999942,-44.68257705487075
2101970,Boa Vista do Gurupi,Maranhão,21,400.35,-1.7686031999999443,-46.206301880073845
2102002,Bom Jardim,Maranhão,21,6579.946,-3.9644637499999646,-46.50785436007216
2102036,Bom Jesus das Selvas,Maranhão,21,2676.93,-4.52486879999995,-46.69629601417693
2102077,Bom Lugar,Maranhão,21,445.171,-4.2971911499999464,-45.096746368966365
2102101,Brejo,Maranhão,21,1073.258,-3.7074658499999487,-42.8458771464133
2102150,Brejo de Areia,Maranhão,21,986.036,-4.36782519999997,-45.64141296424364
2102200,Buriti,Maranhão,21,1475.779,-3.8845803999999475,-42.96210299921023
2102309,Buriti Bravo,Maranhão,21,1581.721,-5.777381249999962,-43.86118061108321
2102325,Buriticupu,Maranhão,21,2553.663,-4.421705199999963,-46.36104155683552
2102358,Buritirana,Maranhão,21,820.968,-5.512306449999954,-47.09321214622875
2102374,Cachoeira Grande,Maranhão,21,707.236,-3.0923238999999683,-43.88976310771295
2102408,Cajapió,Maranhão,21,545.244,-2.843318099999948,-44.70712290149312
2102507,Cajari,Maranhão,21,662.066,-3.4046834999999476,-45.044850418490014
2102556,Campestre do Maranhão,Maranhão,21,613.529,-6.178110499999974,-47.240496430704084
2102606,Cândido Mendes,Maranhão,21,1634.862,-1.731382799999949,-45.77694054696485
2102705,Cantanhede,Maranhão,21,773.009,-3.650364149999973,-44.3044455372588
2102754,Capinzal do Norte,Maranhão,21,590.271,-4.68544524999993,-44.31622248334474
2102804,Carolina,Maranhão,21,6267.675,-7.453071499999936,-47.306134882707056
2102903,Carutapera,Maranhão,21,1260.569,-1.3974689499999613,-46.04557270904043
2103000,Caxias,Maranhão,21,5200.642,-4.847488849999934,-43.318077957445965
2103109,Cedral,Maranhão,21,285.211,-1.976829649999928,-44.56116448523068
2103125,Central do Maranhão,Maranhão,21,319.538,-2.255351899999937,-44.83433580105455
2103158,Centro do Guilherme,Maranhão,21,1134.646,-2.413185899999945,-46.11531015833329
2103174,Centro Novo do Maranhão,Maranhão,21,8401.002,-3.068257649999964,-46.47689522380266
2103208,Chapadinha,Maranhão,21,3247.385,-3.772515099999964,-43.43296449931266
2103257,Cidelândia,Maranhão,21,1462.809,-5.055550749999952,-47.81004649433187
2103307,Codó,Maranhão,21,4361.599,-4.618667049999942,-43.92584524485071
2103406,Coelho Neto,Maranhão,21,976.653,-4.2322788999999545,-43.10916543363605
2103505,Colinas,Maranhão,21,1978.669,-6.083780849999954,-44.102784666671866
2103554,Conceição do Lago-Açu,Maranhão,21,725.664,-3.7909322499999405,-44.829994176152
2103604,Coroatá,Maranhão,21,2263.691,-4.191027799999944,-44.140402595359085
2103703,Cururupu,Maranhão,21,1255.667,-1.7483762999999328,-44.80760849490347
2103752,Davinópolis,Maranhão,21,332.249,-5.58383029999996,-47.32380734447567
2103802,Dom Pedro,Maranhão,21,358.493,-5.021099699999951,-44.39890006441727
2103901,Duque Bacelar,Maranhão,21,317.494,-4.1042080999999655,-42.96375396788948
2104008,Esperantinópolis,Maranhão,21,452.402,-4.919448749999958,-44.90860019352394
2104057,Estreito,Maranhão,21,2719.765,-6.764550349999951,-47.18202593219054
2104073,Feira Nova do Maranhão,Maranhão,21,1625.822,-7.046816299999961,-46.650550434126174
2104081,Fernando Falcão,Maranhão,21,5086.591,-6.194071849999943,-45.29208858523168
2104099,Formosa da Serra Negra,Maranhão,21,3690.61,-6.586563599999948,-46.152574491768426
2104107,Fortaleza dos Nogueiras,Maranhão,21,1853.406,-6.961722549999962,-46.09557367718712
2104206,Fortuna,Maranhão,21,835.667,-5.608721849999938,-43.96741246098911
2104305,Godofredo Viana,Maranhão,21,725.58,-1.3588784499999633,-45.71165373888478
2104404,Gonçalves Dias,Maranhão,21,883.588,-5.153154049999955,-44.17255586478635
2104503,Governador Archer,Maranhão,21,445.856,-5.00475924999995,-44.19660273856212
2104552,Governador Edison Lobão,Maranhão,21,615.957,-5.7273817499999495,-47.31328314419953
2104602,Governador Eugênio Barros,Maranhão,21,647.989,-5.351505199999934,-44.087418939073416
2104628,Governador Luiz Rocha,Maranhão,21,401.587,-5.540807199999961,-44.08315504214794
2104651,Governador Newton Bello,Maranhão,21,1144.146,-3.403007299999956,-45.944006256382366
2104677,Governador Nunes Freire,Maranhão,21,1049.604,-2.0396589999999435,-45.79919782779177
2104701,Graça Aranha,Maranhão,21,271.445,-5.39154979999995,-44.33020889414041
2104800,Grajaú,Maranhão,21,8861.718,-5.810093699999953,-45.98291850070197
2104909,Guimarães,Maranhão,21,478.857,-2.154718249999945,-44.68078641143101
2105005,Humberto de Campos,Maranhão,21,1714.625,-2.7278239999999414,-43.572244279380115
2105104,Icatu,Maranhão,21,1124.446,-2.5997775999999533,-43.82104480708563
2105153,Igarapé do Meio,Maranhão,21,368.685,-3.6531656999999598,-45.126423225250484
2105203,Igarapé Grande,Maranhão,21,346.218,-4.582860499999953,-44.844054275177726
2105302,Imperatriz,Maranhão,21,1369.039,-5.390559949999954,-47.57611111117714
2105351,Itaipava do Grajaú,Maranhão,21,1244.398,-5.21705714999996,-45.783503394841716
2105401,Itapecuru Mirim,Maranhão,21,1480.641,-3.3629197999999576,-44.28437848643897
2105427,Itinga do Maranhão,Maranhão,21,3583.423,-4.165871099999947,-47.1735598936883
2105450,Jatobá,Maranhão,21,591.637,-5.858764949999966,-44.28648314006205
2105476,Jenipapo dos Vieiras,Maranhão,21,1962.362,-5.41532289999995,-45.588255412048746
2105500,João Lisboa,Maranhão,21,1137.104,-5.240118749999965,-47.09056068935334
2105609,Joselândia,Maranhão,21,703.094,-5.019002899999947,-44.77766479210646
2105658,Junco do Maranhão,Maranhão,21,568.499,-1.8673671999999613,-46.09291768464489
2105708,Lago da Pedra,Maranhão,21,1240.444,-4.720722649999971,-45.25928613133321
2105807,Lago do Junco,Maranhão,21,328.525,-4.54173499999996,-45.001477005880076
2105906,Lago Verde,Maranhão,21,631.455,-3.98167504999995,-44.900982124113185
2105922,Lagoa do Mato,Maranhão,21,1512.985,-6.006513049999938,-43.486478297753955
2105948,Lago dos Rodrigues,Maranhão,21,220.776,-4.589078799999953,-44.94275976138023
2105963,Lagoa Grande do Maranhão,Maranhão,21,744.199,-4.91262299999994,-45.42135670424648
2105989,Lajeado Novo,Maranhão,21,1063.62,-6.102299849999952,-46.974587896980594
2106003,Lima Campos,Maranhão,21,321.932,-4.57072569999994,-44.44661546546323
2106102,Loreto,Maranhão,21,3596.74,-7.202082099999956,-45.17007282663697
2106201,Luís Domingues,Maranhão,21,467.251,-1.3682557499999461,-45.87306355786161
2106300,Magalhães de Almeida,Maranhão,21,434.433,-3.3231042499999432,-42.200878012772336
2106326,Maracaçumé,Maranhão,21,635.758,-2.0077762999999607,-45.9805811510589
2106359,Marajá do Sena,Maranhão,21,1402.593,-4.750614599999949,-45.62089483726294
2106375,Maranhãozinho,Maranhão,21,781.676,-2.4248427999999365,-45.96023697583138
2106409,Mata Roma,Maranhão,21,548.547,-3.6504732499999477,-43.24008199073762
2106508,Matinha,Maranhão,21,410.633,-3.0578976499999726,-45.039229288790565
2106607,Matões,Maranhão,21,2108.671,-5.378975049999951,-43.34234404353146
2106631,Matões do Norte,Maranhão,21,794.454,-3.7455862999999567,-44.460001750545615
2106672,Milagres do Maranhão,Maranhão,21,634.818,-3.5106594499999346,-42.80675022792445
2106706,Mirador,Maranhão,21,8522.881,-6.403097699999961,-44.83215791788177
2106755,Miranda do Norte,Maranhão,21,341.107,-3.5528227499999616,-44.52975157062565
2106805,Mirinzal,Maranhão,21,686.944,-2.069784499999969,-44.84546240989247
2106904,Monção,Maranhão,21,1245.548,-3.480934499999961,-45.32074873697756
2107001,Montes Altos,Maranhão,21,1488.513,-5.838097649999952,-47.095456052694274
2107100,Morros,Maranhão,21,1712.121,-2.9649496999999485,-43.803320326172326
2107209,Nina Rodrigues,Maranhão,21,570.938,-3.4171207999999353,-43.83568094010303
2107258,Nova Colinas,Maranhão,21,743.085,-7.183978199999956,-46.208407841671786
2107308,Nova Iorque,Maranhão,21,978.34,-6.773218799999938,-44.14441061711481
2107357,Nova Olinda do Maranhão,Maranhão,21,2452.615,-2.9474060499999553,-45.956335777730956
2107407,Olho d'Água das Cunhãs,Maranhão,21,695.333,-4.123106849999942,-45.12415212090759
2107456,Olinda Nova do Maranhão,Maranhão,21,199.879,-2.9826145499999654,-45.001967348874274
2107506,Paço do Lumiar,Maranhão,21,127.193,-2.504776999999933,-44.11893917588132
2107605,Palmeirândia,Maranhão,21,532.162,-2.6888453999999626,-44.98731690959709
2107704,Paraibano,Maranhão,21,530.517,-6.413590349999964,-43.92269691968531
2107803,Parnarama,Maranhão,21,3245.524,-5.598875849999956,-43.43514638002775
2107902,Passagem Franca,Maranhão,21,1358.327,-6.116000249999956,-43.752733185803926
2108009,Pastos Bons,Maranhão,21,1635.181,-6.654562699999957,-44.209953504562385
2108058,Paulino Neves,Maranhão,21,979.482,-2.8531855499999494,-42.58305239657996
2108108,Paulo Ramos,Maranhão,21,1168.609,-4.530615649999959,-45.38657757369643
2108207,Pedreiras,Maranhão,21,261.814,-4.656253849999956,-44.55114789415566
2108256,Pedro do Rosário,Maranhão,21,1753.867,-2.987443049999939,-45.429092311501165
2108306,Penalva,Maranhão,21,800.916,-3.2484807499999704,-45.325021685075356
2108405,Peri Mirim,Maranhão,21,397.993,-2.5601638999999636,-44.92039911809467
2108454,Peritoró,Maranhão,21,824.721,-4.408001649999932,-44.28132059402582
2108504,Pindaré-Mirim,Maranhão,21,268.285,-3.7056224499999644,-45.47703597652263
2108603,Pinheiro,Maranhão,21,1512.969,-2.4949904999999433,-45.14563634901518
2108702,Pio XII,Maranhão,21,545.14,-3.8638262999999426,-45.08297719839544
2108801,Pirapemas,Maranhão,21,688.761,-3.776000049999965,-44.16873440928675
2108900,Poção de Pedras,Maranhão,21,990.663,-4.789683099999934,-44.87593515012905
2109007,Porto Franco,Maranhão,21,1421.011,-6.384031399999969,-47.27013305144165
2109056,Porto Rico do Maranhão,Maranhão,21,244.979,-1.877049699999958,-44.630390635764215
2109106,Presidente Dutra,Maranhão,21,771.574,-5.288345799999945,-44.46173501185157
2109205,Presidente Juscelino,Maranhão,21,355.568,-3.0982573499999546,-44.06295479663359
2109239,Presidente Médici,Maranhão,21,437.687,-2.3094743999999707,-45.76526942859762
2109270,Presidente Sarney,Maranhão,21,726.176,-2.5911362999999596,-45.349972190552606
2109304,Presidente Vargas,Maranhão,21,460.004,-3.349343249999947,-43.970184375739635
2109403,Primeira Cruz,Maranhão,21,1337.161,-2.6789046499999642,-43.368237627412185
2109452,Raposa,Maranhão,21,79.213,-2.4448450499999694,-44.090420960587025
2109502,Riachão,Maranhão,21,6402.83,-7.747290199999952,-46.62678765090594
2109551,Ribamar Fiquene,Maranhão,21,733.458,-5.958553299999949,-47.31990588872067
2109601,Rosário,Maranhão,21,647.998,-2.9726344499999584,-44.199939819345666
2109700,Sambaíba,Maranhão,21,2475.9,-7.398825599999952,-45.56857674754466
2109759,Santa Filomena do Maranhão,Maranhão,21,623.213,-5.51771599999995,-44.61749648406272
2109809,Santa Helena,Maranhão,21,2191.164,-2.464450199999959,-45.52041380160606
2109908,Santa Inês,Maranhão,21,786.689,-3.8527066999999704,-45.430067230750524
2110005,Santa Luzia,Maranhão,21,4837.168,-4.292059249999937,-46.032927416478465
2110039,Santa Luzia do Paruá,Maranhão,21,1010.483,-2.514604949999949,-45.74287187634263
2110104,Santa Quitéria do Maranhão,Maranhão,21,1430.33,-3.3448462999999435,-42.90186290384961
2110203,Santa Rita,Maranhão,21,756.797,-3.159306799999939,-44.35028286859695
2110237,Santana do Maranhão,Maranhão,21,932.03,-3.1942886999999587,-42.62566833118726
2110278,Santo Amaro do Maranhão,Maranhão,21,1582.806,-2.6477070499999513,-43.178335477683206
2110302,Santo Antônio dos Lopes,Maranhão,21,770.923,-4.812824499999948,-44.481689969494624
2110401,São Benedito do Rio Preto,Maranhão,21,931.485,-3.3964508999999623,-43.602904251118396
2110500,São Bento,Maranhão,21,456.997,-2.7843268999999395,-44.93515255673506
2110609,São Bernardo,Maranhão,21,1005.824,-3.2881054499999607,-42.41365756930595
2110658,São Domingos do Azeitão,Maranhão,21,961.153,-6.852227549999952,-44.60124241113351
2110708,São Domingos do Maranhão,Maranhão,21,1151.978,-5.666591699999941,-44.317874258404544
2110807,São Félix de Balsas,Maranhão,21,2033.29,-7.109622249999944,-44.886422413267255
2110856,São Francisco do Brejão,Maranhão,21,745.357,-5.169925149999955,-47.323301238109465
2110906,São Francisco do Maranhão,Maranhão,21,2284.217,-6.204486949999932,-43.119654110648895
2111003,São João Batista,Maranhão,21,649.956,-3.0134292499999447,-44.79820455807236
2111029,São João do Carú,Maranhão,21,910.065,-3.5004219499999465,-46.30449513513898
2111052,São João do Paraíso,Maranhão,21,2052.328,-6.439910499999968,-46.90694742298048
2111078,São João do Soter,Maranhão,21,1438.066,-5.031755499999946,-43.75583523607666
2111102,São João dos Patos,Maranhão,21,1483.256,-6.565176449999967,-43.645748235563936
2111201,São José de Ribamar,Maranhão,21,180.363,-2.5815314999999543,-44.13862085442773
2111250,São José dos Basílios,Maranhão,21,353.72,-5.015334449999955,-44.55253209027169
2111300,São Luís,Maranhão,21,583.063,-2.6362649499999407,-44.27200313205386
2111409,São Luís Gonzaga do Maranhão,Maranhão,21,909.164,-4.357328299999978,-44.62283267832681
2111508,São Mateus do Maranhão,Maranhão,21,800.045,-3.986462899999964,-44.50554180845838
2111532,São Pedro da Água Branca,Maranhão,21,720.461,-5.139047849999969,-48.344875203508394
2111573,São Pedro dos Crentes,Maranhão,21,979.915,-6.850270799999947,-46.807913603406874
2111607,São Raimundo das Mangabeiras,Maranhão,21,3523.94,-7.05340419999996,-45.66814667788047
2111631,São Raimundo do Doca Bezerra,Maranhão,21,419.55,-5.102873149999937,-45.160468512906284
2111672,São Roberto,Maranhão,21,226.811,-5.022426849999931,-45.03259669813289
2111706,São Vicente Ferrer,Maranhão,21,393.928,-2.8734776999999383,-44.93410892710251
2111722,Satubinha,Maranhão,21,441.811,-3.9394034999999405,-45.264412556041336
2111748,Senador Alexandre Costa,Maranhão,21,426.437,-5.2639738999999395,-43.96298103900868
2111763,Senador La Rocque,Maranhão,21,738.187,-5.381002699999954,-47.139697711221956
2111789,Serrano do Maranhão,Maranhão,21,1185.31,-1.8861785499999542,-45.041795159823934
2111805,Sítio Novo,Maranhão,21,3114.683,-6.275227249999972,-46.55411740744839
2111904,Sucupira do Norte,Maranhão,21,1074.435,-6.503124199999974,-44.32747943440379
2111953,Sucupira do Riachão,Maranhão,21,862.226,-6.433782699999938,-43.512111884297425
2112001,Tasso Fragoso,Maranhão,21,4369.316,-8.308540949999951,-45.888086904782114
2112100,Timbiras,Maranhão,21,1486.584,-4.17119859999994,-43.78155391017273
2112209,Timon,Maranhão,21,1763.22,-5.174323849999951,-42.99037806526253
2112233,Trizidela do Vale,Maranhão,21,291.61,-4.55124694999995,-44.67984257175817
2112274,Tufilândia,Maranhão,21,270.934,-3.7609910499999444,-45.57687405210963
2112308,Tuntum,Maranhão,21,3369.119,-5.601283549999948,-44.85500830301534
2112407,Turiaçu,Maranhão,21,2622.281,-1.7108398499999566,-45.5184636605121
2112456,Turilândia,Maranhão,21,1507.976,-2.1204042999999615,-45.44581938160505
2112506,Tutóia,Maranhão,21,1566.081,-2.925603499999937,-42.37504425987963
2112605,Urbano Santos,Maranhão,21,1707.621,-3.2842273999999634,-43.29668740649871
2112704,Vargem Grande,Maranhão,21,1958.702,-3.74430849999996,-43.843833959345915
2112803,Viana,Maranhão,21,1166.745,-3.1304638999999668,-45.185549427881476
2112852,Vila Nova dos Martírios,Maranhão,21,1190.008,-5.039730549999973,-48.09760528887669
2112902,Vitória do Mearim,Maranhão,21,716.719,-3.5498003499999413,-44.92692092577954
2113009,Vitorino Freire,Maranhão,21,1193.386,-4.1561668499999485,-45.29572383595425
2114007,Zé Doca,Maranhão,21,2140.109,-3.2494481499999495,-45.97520250194934
2200053,Acauã,Piauí,22,1280.838,-8.330332899999945,-40.984256984510644
2200103,Agricolândia,Piauí,22,112.392,-5.768155749999977,-42.67202000161198
2200202,Água Branca,Piauí,22,96.842,-5.905379899999957,-42.63181906724726
2200251,Alagoinha do Piauí,Piauí,22,535.89,-6.9546001999999305,-40.91091073500357
2200277,Alegrete do Piauí,Piauí,22,243.732,-7.200246749999934,-40.79020294340681
2200301,Alto Longá,Piauí,22,1743.331,-5.39564754999995,-42.15669910127863
2200400,Altos,Piauí,22,957.232,-5.0242826999999295,-42.4736681566056
2200459,Alvorada do Gurguéia,Piauí,22,2131.506,-8.441318499999966,-44.03085325111324
2200509,Amarante,Piauí,22,1152.127,-6.400994599999962,-42.74685626757482
2200608,Angical do Piauí,Piauí,22,222.008,-6.089363999999932,-42.74788775205637
2200707,Anísio de Abreu,Piauí,22,337.877,-9.235035249999953,-43.044763744504316
2200806,Antônio Almeida,Piauí,22,644.8,-7.235506349999952,-44.21217178393847
2200905,Aroazes,Piauí,22,821.212,-6.125417999999968,-41.86849795598526
2200954,Aroeiras do Itaim,Piauí,22,316.235,-7.241998799999948,-41.53330397519023
2201002,Arraial,Piauí,22,682.727,-6.64397459999995,-42.49686959879415
2201051,Assunção do Piauí,Piauí,22,1690.703,-5.879685499999937,-41.0767508205149
2201101,Avelino Lopes,Piauí,22,1220.371,-10.200498999999951,-43.9380556179529
2201150,Baixa Grande do Ribeiro,Piauí,22,7808.915,-8.515353499999947,-45.11941093751688
2201176,Barra D'Alcântara,Piauí,22,263.943,-6.53841854999996,-42.10549522685614
2201200,Barras,Piauí,22,1722.507,-4.1544195999999545,-42.4505615330477
2201309,Barreiras do Piauí,Piauí,22,2168.713,-10.025343999999933,-45.71160905770452
2201408,Barro Duro,Piauí,22,159.436,-5.80804779999994,-42.49504400150387
2201507,Batalha,Piauí,22,1589.011,-3.9626393999999436,-42.051785395357086
2201556,Bela Vista do Piauí,Piauí,22,499.092,-7.993089499999968,-41.85987312728348
2201572,Belém do Piauí,Piauí,22,243.234,-7.383032899999932,-40.975543325409504
2201606,Beneditinos,Piauí,22,937.098,-5.51457549999995,-42.371490820157916
2201705,Bertolínia,Piauí,22,1216.116,-7.746414649999963,-43.890555415886766
2201739,Betânia do Piauí,Piauí,22,579.576,-8.133765999999952,-40.76044970343639
2201770,Boa Hora,Piauí,22,336.954,-4.37395079999996,-42.126656607548426
2201804,Bocaina,Piauí,22,261.651,-6.903918549999958,-41.31068909388483
2201903,Bom Jesus,Piauí,22,5471.023,-9.255867949999953,-44.62450153736293
2201919,Bom Princípio do Piauí,Piauí,22,523.142,-3.1543721499999435,-41.60358205868088
2201929,Bonfim do Piauí,Piauí,22,289.149,-9.187999149999968,-42.87164713721626
2201945,Boqueirão do Piauí,Piauí,22,269.786,-4.538283499999949,-42.092344679011475
2201960,Brasileira,Piauí,22,880.836,-4.127693349999959,-41.47428732101382
2201988,Brejo do Piauí,Piauí,22,2267.326,-8.36523324999996,-42.75790405034165
2202000,Buriti dos Lopes,Piauí,22,690.54,-3.271133649999939,-41.72977754813802
2202026,Buriti dos Montes,Piauí,22,2437.326,-5.116820249999961,-41.22773606986983
2202059,Cabeceiras do Piauí,Piauí,22,608.747,-4.442706499999957,-42.304756187891925
2202075,Cajazeiras do Piauí,Piauí,22,514.106,-6.78627819999997,-42.44880726758386
2202083,Cajueiro da Praia,Piauí,22,271.165,-2.991102499999954,-41.35321100385201
2202091,Caldeirão Grande do Piauí,Piauí,22,467.082,-7.323607849999945,-40.63056814915617
2202109,Campinas do Piauí,Piauí,22,783.843,-7.678639399999952,-41.85957387234812
2202117,Campo Alegre do Fidalgo,Piauí,22,657.796,-8.235042149999941,-41.85081948750067
2202133,Campo Grande do Piauí,Piauí,22,311.682,-7.182576149999932,-41.06855851290236
2202174,Campo Largo do Piauí,Piauí,22,478.078,-3.86847149999997,-42.578207799011146
2202208,Campo Maior,Piauí,22,1680.861,-4.859554399999951,-42.22025245042176
2202251,Canavieira,Piauí,22,2165.277,-7.611175399999951,-43.6076054807972
2202307,Canto do Buriti,Piauí,22,4325.643,-8.316132749999952,-43.37652717724926
2202406,Capitão de Campos,Piauí,22,571.658,-4.525468699999948,-41.917821836393145
2202455,Capitão Gervásio Oliveira,Piauí,22,1132.995,-8.533801899999958,-41.92989259343459
2202505,Caracol,Piauí,22,1610.959,-9.075935049999941,-43.32997126641011
2202539,Caraúbas do Piauí,Piauí,22,471.216,-3.587014149999959,-41.85450745259017
2202554,Caridade do Piauí,Piauí,22,498.793,-7.709968249999946,-40.94618756449697
2202604,Castelo do Piauí,Piauí,22,2378.847,-5.306509749999947,-41.56174535008354
2202653,Caxingó,Piauí,22,491.093,-3.3914640499999678,-41.844659501732295
2202703,Cocal,Piauí,22,1294.132,-3.431788299999937,-41.498703257952926
2202711,Cocal de Telha,Piauí,22,310.291,-4.614077799999933,-41.941472405851144
2202729,Cocal dos Alves,Piauí,22,324.856,-3.6368496999999422,-41.416757079787644
2202737,Coivaras,Piauí,22,484.46,-5.118074349999944,-42.28503161399141
2202752,Colônia do Gurguéia,Piauí,22,429.591,-8.153904299999965,-43.62513243085717
2202778,Colônia do Piauí,Piauí,22,950.193,-7.273384749999934,-42.19368946416431
2202802,Conceição do Canindé,Piauí,22,824.729,-7.914848349999943,-41.61162135061029
2202851,Coronel José Dias,Piauí,22,1926.103,-8.963003549999968,-42.283650154498005
2202901,Corrente,Piauí,22,3048.747,-10.386258199999958,-45.11865431633832
2203008,Cristalândia do Piauí,Piauí,22,1202.896,-10.758157949999969,-45.103541405109674
2203107,Cristino Castro,Piauí,22,1845.697,-8.80671154999996,-44.03973436289071
2203206,Curimatá,Piauí,22,2344.949,-9.974752999999936,-44.281400418790454
2203230,Currais,Piauí,22,3156.657,-8.733033649999953,-44.64839891558002
2203255,Curralinhos,Piauí,22,345.811,-5.600870299999968,-42.84477543200457
2203271,Curral Novo do Piauí,Piauí,22,755.251,-7.888443199999955,-40.808169339429696
2203305,Demerval Lobão,Piauí,22,216.807,-5.325605549999949,-42.6671659145872
2203354,Dirceu Arcoverde,Piauí,22,1005.571,-9.34417254999994,-42.53372165772576
2203404,Dom Expedito Lopes,Piauí,22,218.808,-6.975793099999947,-41.69835230513963
2203420,Domingos Mourão,Piauí,22,848.705,-4.292092699999955,-41.306494280585625
2203453,Dom Inocêncio,Piauí,22,3871.824,-8.923294749999968,-41.88311577167784
2203503,Elesbão Veloso,Piauí,22,1383.976,-6.199286899999947,-42.18764180093244
2203602,Eliseu Martins,Piauí,22,1097.79,-7.9401470499999505,-43.65915121548133
2203701,Esperantina,Piauí,22,908.748,-3.794791149999952,-42.16734095624453
2203750,Fartura do Piauí,Piauí,22,713.046,-9.483503749999954,-42.78594670840385
2203800,Flores do Piauí,Piauí,22,946.719,-7.6463525499999605,-42.824451533838364
2203859,Floresta do Piauí,Piauí,22,223.199,-7.445623299999966,-41.80725600794872
2203909,Floriano,Piauí,22,3407.979,-7.012491599999947,-43.08743596132365
2204006,Francinópolis,Piauí,22,268.704,-6.418899599999946,-42.21456175899128
2204105,Francisco Ayres,Piauí,22,656.475,-6.677650949999958,-42.72552388211945
2204154,Francisco Macedo,Piauí,22,179.245,-7.333545199999946,-40.78771185594449
2204204,Francisco Santos,Piauí,22,492.191,-7.039164049999954,-41.13887629120419
2204303,Fronteiras,Piauí,22,777.179,-7.0830816499999685,-40.60148258666301
2204352,Geminiano,Piauí,22,440.606,-7.195863599999967,-41.34957752726963
2204402,Gilbués,Piauí,22,3495.692,-9.57799929999996,-45.555948157538886
2204501,Guadalupe,Piauí,22,1026.539,-6.8420252999999605,-43.66737434259437
2204550,Guaribas,Piauí,22,3118.231,-9.085987549999942,-43.66105914869726
2204600,Hugo Napoleão,Piauí,22,224.573,-6.043325099999976,-42.50287407375481
2204659,Ilha Grande,Piauí,22,129.696,-2.828385949999955,-41.805938082841614
2204709,Inhuma,Piauí,22,978.222,-6.678894699999972,-41.699588609953636
2204808,Ipiranga do Piauí,Piauí,22,529.417,-6.794480599999957,-41.80779960951743
2204907,Isaías Coelho,Piauí,22,800.688,-7.6112663499999655,-41.686914564422395
2205003,Itainópolis,Piauí,22,827.62,-7.404975449999938,-41.49154702917684
2205102,Itaueira,Piauí,22,2554.179,-7.467282849999947,-43.103027629922224
2205151,Jacobina do Piauí,Piauí,22,1333.796,-7.912127249999941,-41.27340664168909
2205201,Jaicós,Piauí,22,866.788,-7.409096649999952,-41.17572574396348
2205250,Jardim do Mulato,Piauí,22,510.226,-6.134873499999941,-42.56849797350989
2205276,Jatobá do Piauí,Piauí,22,650.393,-4.852344999999957,-41.918415187757674
2205300,Jerumenha,Piauí,22,1865.94,-7.110420599999941,-43.53739661330351
2205359,João Costa,Piauí,22,1800.23,-8.55138839999998,-42.43451106798615
2205409,Joaquim Pires,Piauí,22,740.561,-3.5146261999999524,-42.09901824946877
2205458,Joca Marques,Piauí,22,169.005,-3.540896499999974,-42.42451626463681
2205508,José de Freitas,Piauí,22,1538.172,-4.692029799999943,-42.523476544404495
2205516,Juazeiro do Piauí,Piauí,22,935.404,-4.96828359999995,-41.562539250508976
2205524,Júlio Borges,Piauí,22,1283.916,-10.420279749999963,-44.17863935834489
2205532,Jurema,Piauí,22,1271.881,-9.056228699999963,-43.1801618077598
2205540,Lagoinha do Piauí,Piauí,22,67.649,-5.809306299999946,-42.62376524379672
2205557,Lagoa Alegre,Piauí,22,394.205,-4.48547204999997,-42.56092420385515
2205565,Lagoa do Barro do Piauí,Piauí,22,1331.025,-8.559246249999973,-41.60464248740739
2205573,Lagoa de São Francisco,Piauí,22,155.86,-4.356278449999962,-41.58449238460759
2205581,Lagoa do Piauí,Piauí,22,427.841,-5.449814749999973,-42.62450749978839
2205599,Lagoa do Sítio,Piauí,22,805.018,-6.4946797499999604,-41.52324257008168
2205607,Landri Sales,Piauí,22,1088.583,-7.332206849999949,-43.93859141045104
2205706,Luís Correia,Piauí,22,1074.132,-3.107340999999934,-41.44152917199253
2205805,Luzilândia,Piauí,22,705.599,-3.5980937499999754,-42.319410333878984
2205854,Madeiro,Piauí,22,178.842,-3.5554694999999583,-42.511298792265656
2205904,Manoel Emídio,Piauí,22,1620.413,-8.18951759999996,-43.969083570091826
2205953,Marcolândia,Piauí,22,136.786,-7.416548499999948,-40.72862136753366
2206001,Marcos Parente,Piauí,22,677.416,-7.0783185499999774,-43.8928342145317
2206050,Massapê do Piauí,Piauí,22,530.169,-7.535579449999972,-41.107063614334734
2206100,Matias Olímpio,Piauí,22,226.785,-3.702833749999968,-42.59286164544798
2206209,Miguel Alves,Piauí,22,1392.123,-4.204252799999949,-42.80037150167886
2206308,Miguel Leão,Piauí,22,93.412,-5.709962699999949,-42.64031268279129
2206357,Milton Brandão,Piauí,22,1309.128,-4.724145849999957,-41.512098578007986
2206407,Monsenhor Gil,Piauí,22,567.859,-5.615095799999949,-42.60989745719334
2206506,Monsenhor Hipólito,Piauí,22,401.568,-6.934014349999956,-41.03342977196027
2206605,Monte Alegre do Piauí,Piauí,22,2417.382,-9.572981949999956,-44.96502043673017
2206654,Morro Cabeça no Tempo,Piauí,22,2207.658,-9.761844499999967,-43.952074168654164
2206670,Morro do Chapéu do Piauí,Piauí,22,328.408,-3.6960259999999607,-42.26169161643861
2206696,Murici dos Portelas,Piauí,22,475.72,-3.36193844999994,-42.041778703587276
2206704,Nazaré do Piauí,Piauí,22,1315.841,-7.062141149999945,-42.77433244477828
2206720,Nazária,Piauí,22,362.376,-5.439109749999943,-42.851110658072514
2206753,Nossa Senhora de Nazaré,Piauí,22,356.872,-4.638092049999955,-42.17356845130479
2206803,Nossa Senhora dos Remédios,Piauí,22,357.896,-4.0162584499999525,-42.60897159189966
2206902,Novo Oriente do Piauí,Piauí,22,525.906,-6.47656829999994,-41.95543217120006
2206951,Novo Santo Antônio,Piauí,22,443.872,-5.287259799999958,-41.913991212165456
2207009,Oeiras,Piauí,22,2703.138,-6.96754089999996,-42.203107421356194
2207108,Olho D'Água do Piauí,Piauí,22,183.603,-5.823040049999946,-42.56870664948425
2207207,Padre Marcos,Piauí,22,278.696,-7.384964449999956,-40.86957307862055
2207306,Paes Landim,Piauí,22,401.378,-7.834311449999944,-42.282773074896085
2207355,Pajeú do Piauí,Piauí,22,986.961,-7.873343899999952,-42.79634713897065
2207405,Palmeira do Piauí,Piauí,22,2024.021,-8.515747599999969,-44.51626751476553
2207504,Palmeirais,Piauí,22,1493.764,-5.838209049999961,-42.97642095746629
2207553,Paquetá,Piauí,22,432.572,-7.159382999999934,-41.68366085339393
2207603,Parnaguá,Piauí,22,3428.811,-10.311890049999931,-44.545836407262925
2207702,Parnaíba,Piauí,22,436.907,-2.94053219999995,-41.73917575654468
2207751,Passagem Franca do Piauí,Piauí,22,643.226,-5.8959909999999525,-42.410858721981896
2207777,Patos do Piauí,Piauí,22,801.403,-7.661464649999971,-41.25591201713992
2207793,Pau D'Arco do Piauí,Piauí,22,430.023,-5.242593649999947,-42.46904415191554
2207801,Paulistana,Piauí,22,1941.111,-8.127830799999941,-41.230574486834826
2207850,Pavussu,Piauí,22,1090.697,-7.913680399999976,-43.32175825320175
2207900,Pedro II,Piauí,22,1544.413,-4.5327487999999505,-41.45971707186782
2207934,Pedro Laurentino,Piauí,22,870.613,-8.090449699999965,-42.28071734031792
2207959,Nova Santa Rita,Piauí,22,909.734,-8.116380849999956,-42.0076797835671
2208007,Picos,Piauí,22,577.284,-7.046525149999951,-41.49724075156175
2208106,Pimenteiras,Piauí,22,4562.58,-6.400096499999961,-41.100432449625465
2208205,Pio IX,Piauí,22,1948.142,-6.765840749999967,-40.732907162856904
2208304,Piracuruca,Piauí,22,2368.936,-3.8594900999999595,-41.61154770162071
2208403,Piripiri,Piauí,22,1407.192,-4.358097049999941,-41.844497316051246
2208502,Porto,Piauí,22,253.113,-3.944613699999934,-42.70766490363765
2208551,Porto Alegre do Piauí,Piauí,22,1168.043,-6.981769749999955,-44.103846498909704
2208601,Prata do Piauí,Piauí,22,196.787,-5.723758849999939,-42.16888751624046
2208650,Queimada Nova,Piauí,22,1283.369,-8.507619499999947,-41.320913066709046
2208700,Redenção do Gurguéia,Piauí,22,2470.531,-9.525650749999954,-44.41317421422451
2208809,Regeneração,Piauí,22,1251.321,-6.358759899999939,-42.466937491114805
2208858,Riacho Frio,Piauí,22,2220.598,-9.934426499999944,-44.798738201658125
2208874,Ribeira do Piauí,Piauí,22,1012.479,-7.926128899999952,-42.64177069671303
2208908,Ribeiro Gonçalves,Piauí,22,3987.147,-8.05641419999995,-45.44120824714361
2209005,Rio Grande do Piauí,Piauí,22,635.953,-7.791048299999943,-43.15187325093379
2209104,Santa Cruz do Piauí,Piauí,22,582.658,-7.227230549999945,-41.75658932055221
2209153,Santa Cruz dos Milagres,Piauí,22,978.546,-5.914957849999951,-41.8192999940862
2209203,Santa Filomena,Piauí,22,5293.693,-8.972272449999963,-45.737723106527966
2209302,Santa Luz,Piauí,22,1185.398,-9.063951549999956,-44.08335405598082
2209351,Santana do Piauí,Piauí,22,112.189,-6.919195499999972,-41.49170082160298
2209377,Santa Rosa do Piauí,Piauí,22,338.336,-6.813490249999944,-42.242578191013905
2209401,Santo Antônio de Lisboa,Piauí,22,385.286,-6.879778749999957,-41.18203753992219
2209450,Santo Antônio dos Milagres,Piauí,22,33.64,-6.050886899999938,-42.70688248714163
2209500,Santo Inácio do Piauí,Piauí,22,852.106,-7.452187249999952,-42.03395881534716
2209559,São Braz do Piauí,Piauí,22,656.042,-8.90316699999994,-43.02602951155033
2209609,São Félix do Piauí,Piauí,22,627.033,-5.921550799999949,-42.11656649467056
2209658,São Francisco de Assis do Piauí,Piauí,22,1072.311,-8.196886949999964,-41.58474788697032
2209708,São Francisco do Piauí,Piauí,22,1341.451,-7.1948227499999575,-42.50902474662131
2209757,São Gonçalo do Gurguéia,Piauí,22,1385.255,-10.118308499999955,-45.30459879393073
2209807,São Gonçalo do Piauí,Piauí,22,150.495,-6.019022599999943,-42.66723609508166
2209856,São João da Canabrava,Piauí,22,480.537,-6.7226384999999595,-41.38082181265999
2209872,São João da Fronteira,Piauí,22,817.111,-3.928708999999941,-41.31159368683519
2209906,São João da Serra,Piauí,22,994.224,-5.545996999999943,-41.885562588312006
2209955,São João da Varjota,Piauí,22,394.456,-6.948995899999943,-41.90052685975293
2209971,São João do Arraial,Piauí,22,213.377,-3.8211809999999673,-42.46346284920575
2210003,São João do Piauí,Piauí,22,1527.497,-8.333196399999963,-42.25375031597727
2210052,São José do Divino,Piauí,22,319.367,-3.781356849999952,-41.83374264249899
2210102,São José do Peixe,Piauí,22,1287.174,-7.514387249999942,-42.52429476315645
2210201,São José do Piauí,Piauí,22,373.347,-6.787790799999954,-41.49281442097049
2210300,São Julião,Piauí,22,291.089,-7.073027799999949,-40.82663743472811
2210359,São Lourenço do Piauí,Piauí,22,673.822,-9.175021999999956,-42.57016890474952
2210375,São Luis do Piauí,Piauí,22,217.924,-6.7724027999999805,-41.25499569600673
2210383,São Miguel da Baixa Grande,Piauí,22,444.528,-5.802780499999955,-42.27492582128842
2210391,São Miguel do Fidalgo,Piauí,22,813.444,-7.588627199999962,-42.342401313600604
2210409,São Miguel do Tapuio,Piauí,22,4988.973,-5.786468399999961,-41.57201368371066
2210508,São Pedro do Piauí,Piauí,22,518.288,-5.83989454999994,-42.75916203695659
2210607,São Raimundo Nonato,Piauí,22,2415.288,-9.025187999999957,-42.646870553234095
2210623,Sebastião Barros,Piauí,22,893.488,-10.665173249999953,-44.86148171968787
2210631,Sebastião Leal,Piauí,22,3148.857,-7.845928499999957,-44.1113243300333
2210656,Sigefredo Pacheco,Piauí,22,1031.101,-4.949002949999965,-41.78942090967499
2210706,Simões,Piauí,22,1076.055,-7.70557464999996,-40.719645944785185
2210805,Simplício Mendes,Piauí,22,1360.028,-7.779662899999948,-42.026026559747855
2210904,Socorro do Piauí,Piauí,22,761.854,-7.88151634999997,-42.44682673131991
2210938,Sussuapara,Piauí,22,205.194,-7.003234049999946,-41.377227460518256
2210953,Tamboril do Piauí,Piauí,22,1587.296,-8.48510029999997,-43.043670769139005
2210979,Tanque do Piauí,Piauí,22,398.007,-6.633699399999955,-42.28323402118737
2211001,Teresina,Piauí,22,1391.293,-5.186368949999974,-42.69918760091402
2211100,União,Piauí,22,1170.742,-4.6241592999999455,-42.76676800459421
2211209,Uruçuí,Piauí,22,8413.016,-7.797324399999951,-44.57548246026916
2211308,Valença do Piauí,Piauí,22,1333.722,-6.38556104999995,-41.767962093323156
2211357,Várzea Branca,Piauí,22,450.429,-9.287741349999976,-42.815263752970786
2211407,Várzea Grande,Piauí,22,236.453,-6.554308999999961,-42.23240137703914
2211506,Vera Mendes,Piauí,22,341.974,-7.6002667499999745,-41.527812583170174
2211605,Vila Nova do Piauí,Piauí,22,221.627,-7.208163049999968,-40.92840073974322
2211704,Wall Ferraz,Piauí,22,270.427,-7.270909999999958,-41.88962560554813
2300101,Abaiara,Ceará,23,180.833,-7.34364709999997,-39.04264852442725
2300150,Acarape,Ceará,23,130.002,-4.225037549999968,-38.645994564591625
2300200,Acaraú,Ceará,23,842.47,-3.0610046999999554,-40.03857173614392
2300309,Acopiara,Ceará,23,2254.279,-6.148827199999943,-39.538877329088436
2300408,Aiuaba,Ceará,23,2438.563,-6.58512184999995,-40.31366811168097
2300507,Alcântaras,Ceará,23,135.76,-3.5838962999999353,-40.550586009621
2300606,Altaneira,Ceará,23,72.675,-6.9837682999999515,-39.69325098615879
2300705,Alto Santo,Ceará,23,1147.208,-5.5172994499999675,-38.25387684980184
2300754,Amontada,Ceará,23,1175.044,-3.230701149999959,-39.79597876414414
2300804,Antonina do Norte,Ceará,23,259.706,-6.762112299999927,-39.9811676169883
2300903,Apuiarés,Ceará,23,543.98,-3.9602285999999367,-39.33397537208309
2301000,Aquiraz,Ceará,23,480.236,-3.9486739999999543,-38.391046129290814
2301109,Aracati,Ceará,23,1227.197,-4.676326299999971,-37.676270885235155
2301208,Aracoiaba,Ceará,23,643.988,-4.503813399999956,-38.71072797729241
2301257,Ararendá,Ceará,23,342.301,-4.776432299999954,-40.75990099207171
2301307,Araripe,Ceará,23,1097.34,-7.216028349999959,-40.07004505489407
2301406,Aratuba,Ceará,23,119.758,-4.433259799999945,-39.016634867875574
2301505,Arneiroz,Ceará,23,1068.437,-6.245649349999951,-40.18072236443848
2301604,Assaré,Ceará,23,1155.124,-6.920139599999942,-39.83432619806497
2301703,Aurora,Ceará,23,885.87,-7.009385849999944,-39.01538118415398
2301802,Baixio,Ceará,23,145.556,-6.713287799999961,-38.74961411826929
2301851,Banabuiú,Ceará,23,1080.986,-5.294190349999951,-38.95567589198389
2301901,Barbalha,Ceará,23,608.158,-7.438898499999937,-39.346544780582654
2301950,Barreira,Ceará,23,260.003,-4.318538399999937,-38.62270285039621
2302008,Barro,Ceará,23,711.346,-7.110883499999943,-38.79305044881633
2302057,Barroquinha,Ceará,23,385.584,-3.0042871499999535,-41.13538158340258
2302107,Baturité,Ceará,23,314.075,-4.424097299999943,-38.869053943724495
2302206,Beberibe,Ceará,23,1596.751,-4.3623856999999475,-38.06411857403761
2302305,Bela Cruz,Ceará,23,842.106,-3.0721506499999407,-40.284319187979854
2302404,Boa Viagem,Ceará,23,2835.037,-5.047394899999944,-39.80181938315316
2302503,Brejo Santo,Ceará,23,654.658,-7.583530449999955,-38.91101562913815
2302602,Camocim,Ceará,23,1120.449,-2.9674863499999447,-40.79016066535912
2302701,Campos Sales,Ceará,23,1082.582,-6.943875649999939,-40.24589776217864
2302800,Canindé,Ceará,23,3032.39,-4.403577749999954,-39.42361609796678
2302909,Capistrano,Ceará,23,226.549,-4.466794399999969,-38.92088072187923
2303006,Caridade,Ceará,23,926.271,-4.195312299999955,-39.15630529228441
2303105,Cariré,Ceará,23,755.597,-3.9490550999999527,-40.52540604170942
2303204,Caririaçu,Ceará,23,634.179,-7.021264799999955,-39.30461008962652
2303303,Cariús,Ceará,23,1036.417,-6.626885249999958,-39.5042971308629
2303402,Carnaubal,Ceará,23,363.22,-4.140011199999975,-41.00726934401626
2303501,Cascavel,Ceará,23,838.115,-4.25351054999993,-38.29824223370237
2303600,Catarina,Ceará,23,488.153,-6.240941299999946,-39.90780802918657
2303659,Catunda,Ceará,23,784.022,-4.631967749999944,-40.21207911709614
2303709,Caucaia,Ceará,23,1223.246,-3.771588549999933,-38.790442523365634
2303808,Cedro,Ceará,23,729.97,-6.57846884999995,-39.08639855467064
2303907,Chaval,Ceará,23,237.248,-3.0751383499999463,-41.20939637756631
2303931,Choró,Ceará,23,815.268,-4.795678249999952,-39.19944167170989
2303956,Chorozinho,Ceará,23,296.431,-4.309600549999942,-38.4686659265414
2304004,Coreaú,Ceará,23,750.333,-3.68260374999997,-40.67965049434874
2304103,Crateús,Ceará,23,2981.459,-5.208946749999967,-40.66746214042607
2304202,Crato,Ceará,23,1138.15,-7.2887029499999585,-39.48225943801545
2304236,Croatá,Ceará,23,696.348,-4.377728149999939,-40.96368387459724
2304251,Cruz,Ceará,23,335.921,-2.8851012999999455,-40.30164916395306
2304269,Deputado Irapuan Pinheiro,Ceará,23,471.134,-5.88192049999995,-39.26458893251156
2304277,Ereré,Ceará,23,349.033,-5.990713299999953,-38.3152324900348
2304285,Eusébio,Ceará,23,78.818,-3.8697592999999415,-38.45079589707639
2304301,Farias Brito,Ceará,23,530.54,-6.905424149999931,-39.5081730583146
2304350,Forquilha,Ceará,23,568.778,-3.827202099999937,-40.240587489090345
2304400,Fortaleza,Ceará,23,312.353,-3.793327599999941,-38.52809725549531
2304459,Fortim,Ceará,23,285.024,-4.460673349999951,-37.867906762552764
2304509,Frecheirinha,Ceará,23,210.284,-3.711206199999964,-40.819642603663254
2304608,General Sampaio,Ceará,23,230.371,-4.062467299999952,-39.43826236909145
2304657,Graça,Ceará,23,258.943,-4.044538399999965,-40.775318867437065
2304707,Granja,Ceará,23,2663.176,-3.264791049999957,-41.10566577514608
2304806,Granjeiro,Ceará,23,111.528,-6.9249842499999374,-39.252190573454484
2304905,Groaíras,Ceará,23,155.681,-3.9155792499999507,-40.35678008527476
2304954,Guaiúba,Ceará,23,256.053,-4.098066199999948,-38.680599840490785
2305001,Guaraciaba do Norte,Ceará,23,624.606,-4.246272499999947,-40.95988505666486
2305100,Guaramiranga,Ceará,23,90.817,-4.251677149999949,-38.94887166686553
2305209,Hidrolândia,Ceará,23,926.592,-4.435236199999963,-40.41300663805592
2305233,Horizonte,Ceará,23,160.557,-4.093959199999944,-38.46261106929901
2305266,Ibaretama,Ceará,23,879.255,-4.774096699999944,-38.70138844118341
2305308,Ibiapina,Ceará,23,414.092,-3.9513277999999445,-40.99974585316973
2305332,Ibicuitinga,Ceará,23,423.856,-4.981067149999944,-38.57687188385479
2305357,Icapuí,Ceará,23,421.44,-4.742427149999941,-37.412902638193145
2305407,Icó,Ceará,23,1865.862,-6.360056849999978,-38.77444672690109
2305506,Iguatu,Ceará,23,992.208,-6.3527875499999595,-39.28280249236177
2305605,Independência,Ceará,23,3222.381,-5.496618149999961,-40.35469190478159
2305654,Ipaporanga,Ceará,23,704.773,-4.904782299999965,-40.76206593777236
2305704,Ipaumirim,Ceará,23,276.508,-6.810015299999975,-38.73199943875641
2305803,Ipu,Ceará,23,626.049,-4.383159199999966,-40.66263723326057
2305902,Ipueiras,Ceará,23,1483.259,-4.5704836499999715,-40.914783285494536
2306009,Iracema,Ceará,23,839.174,-5.763221949999945,-38.37023444244545
2306108,Irauçuba,Ceará,23,1466.412,-3.889017149999944,-39.8300602222037
2306207,Itaiçaba,Ceará,23,213.603,-4.711814399999952,-37.865220662407516
2306256,Itaitinga,Ceará,23,153.686,-3.9913596499999358,-38.544395681931356
2306306,Itapajé,Ceará,23,432.188,-3.7369241999999474,-39.57481952266515
2306405,Itapipoca,Ceará,23,1600.358,-3.366922149999965,-39.615747625197685
2306504,Itapiúna,Ceará,23,593.231,-4.603253549999948,-38.94448027817113
2306553,Itarema,Ceará,23,714.833,-3.069644049999937,-39.880545084731295
2306603,Itatira,Ceará,23,829.626,-4.607288399999959,-39.59234793544329
2306702,Jaguaretama,Ceará,23,1826.826,-5.491254249999969,-38.71718505586455
2306801,Jaguaribara,Ceará,23,622.963,-5.579422199999954,-38.51374637697708
2306900,Jaguaribe,Ceará,23,1877.062,-5.978681199999954,-38.729388503557516
2307007,Jaguaruana,Ceará,23,854.362,-4.892048499999959,-37.75575853172526
2307106,Jardim,Ceará,23,544.98,-7.590295399999974,-39.2500796394971
2307205,Jati,Ceará,23,368.359,-7.728752199999974,-38.983233756196235
2307254,Jijoca de Jericoacoara,Ceará,23,209.029,-2.8747092999999495,-40.51027078111033
2307304,Juazeiro do Norte,Ceará,23,258.788,-7.179382049999958,-39.28154138419942
2307403,Jucás,Ceará,23,940.336,-6.470222599999943,-39.59686939561355
2307502,Lavras da Mangabeira,Ceará,23,945.263,-6.760970649999962,-38.97664315122672
2307601,Limoeiro do Norte,Ceará,23,744.525,-5.1357720999999685,-38.09611977305032
2307635,Madalena,Ceará,23,997.781,-4.884644899999955,-39.494826790411054
2307650,Maracanaú,Ceará,23,105.084,-3.884930299999951,-38.630903149937666
2307700,Maranguape,Ceará,23,583.505,-3.987289499999946,-38.748772211809495
2307809,Marco,Ceará,23,573.61,-3.183590949999939,-40.157888927067084
2307908,Martinópole,Ceará,23,303.445,-3.1490249499999265,-40.64885110679077
2308005,Massapê,Ceará,23,567.78,-3.4865731999999525,-40.406995709621256
2308104,Mauriti,Ceará,23,1079.011,-7.423888399999953,-38.729974277134914
2308203,Meruoca,Ceará,23,151.651,-3.571541149999973,-40.45100980701518
2308302,Milagres,Ceará,23,579.097,-7.268312849999944,-38.94367281572296
2308351,Milhã,Ceará,23,502.137,-5.644760749999961,-39.18307778996268
2308377,Miraíma,Ceará,23,708.678,-3.57692574999993,-39.86859713581836
2308401,Missão Velha,Ceará,23,613.317,-7.316353249999935,-39.1510115538997
2308500,Mombaça,Ceará,23,2115.748,-5.835943549999968,-39.739035514378855
2308609,Monsenhor Tabosa,Ceará,23,892.538,-4.9408148999999355,-40.06525405324195
2308708,Morada Nova,Ceará,23,2763.971,-4.970769899999965,-38.35799281975237
2308807,Moraújo,Ceará,23,414.446,-3.447711999999939,-40.686595099559625
2308906,Morrinhos,Ceará,23,411.586,-3.2828003999999567,-40.095386093184814
2309003,Mucambo,Ceará,23,192.19,-3.8945161999999414,-40.74694960905456
2309102,Mulungu,Ceará,23,97.951,-4.317692249999965,-38.98648259433186
2309201,Nova Olinda,Ceará,23,282.584,-7.10832364999996,-39.66579235956482
2309300,Nova Russas,Ceará,23,736.911,-4.71147869999993,-40.54637369302321
2309409,Novo Oriente,Ceará,23,947.44,-5.5988402499999665,-40.76446411283288
2309458,Ocara,Ceará,23,763.075,-4.524737999999957,-38.499998456691586
2309508,Orós,Ceará,23,577.526,-6.2438918499999545,-38.93319068304965
2309607,Pacajus,Ceará,23,250.304,-4.194417149999964,-38.49681788968192
2309706,Pacatuba,Ceará,23,133.223,-3.952647449999972,-38.59697529556395
2309805,Pacoti,Ceará,23,112.433,-4.206637899999947,-38.89404728119748
2309904,Pacujá,Ceará,23,88.355,-3.9995819499999357,-40.68065566307497
2310001,Palhano,Ceará,23,436.98,-4.7143678999999565,-38.021983974444446
2310100,Palmácia,Ceará,23,128.896,-4.124620299999975,-38.847325495130484
2310209,Paracuru,Ceará,23,304.734,-3.478974599999958,-39.02901502249439
2310258,Paraipaba,Ceará,23,289.231,-3.424632149999951,-39.181826777274225
2310308,Parambu,Ceará,23,2313.868,-6.297441349999929,-40.69376913307092
2310407,Paramoti,Ceará,23,539.238,-4.1687554499999635,-39.375706828333705
2310506,Pedra Branca,Ceará,23,1302.081,-5.520526599999954,-39.79103233790004
2310605,Penaforte,Ceará,23,150.536,-7.770904899999948,-39.06213690461102
2310704,Pentecoste,Ceará,23,1379.836,-3.8755698499999482,-39.159154983056546
2310803,Pereiro,Ceará,23,449.741,-6.006467499999957,-38.46191595124566
2310852,Pindoretama,Ceará,23,74.033,-4.0569385499999555,-38.31030028119316
2310902,Piquet Carneiro,Ceará,23,589.601,-5.857807349999945,-39.44791114703848
2310951,Pires Ferreira,Ceará,23,244.464,-4.25819489999995,-40.57220992034811
2311009,Poranga,Ceará,23,1310.771,-4.79930429999996,-41.05656101094674
2311108,Porteiras,Ceará,23,224.86,-7.545558099999937,-39.10404636742514
2311207,Potengi,Ceará,23,343.264,-7.067084149999943,-40.05000825951119
2311231,Potiretama,Ceará,23,409.137,-5.777735049999961,-38.160322343484474
2311264,Quiterianópolis,Ceará,23,1041.832,-5.874092849999954,-40.788898513570786
2311306,Quixadá,Ceará,23,2020.586,-4.916078599999963,-39.029363438956864
2311355,Quixelô,Ceará,23,605.345,-6.154601049999968,-39.136146766395335
2311405,Quixeramobim,Ceará,23,3324.987,-5.18661924999995,-39.32994336680939
2311504,Quixeré,Ceará,23,613.099,-5.109960449999932,-37.85135966557281
2311603,Redenção,Ceará,23,247.989,-4.263002399999976,-38.75930174225421
2311702,Reriutaba,Ceará,23,372.949,-4.112956349999962,-40.615454938863195
2311801,Russas,Ceará,23,1611.091,-4.835265099999958,-38.241691921644446
2311900,Saboeiro,Ceará,23,1381.274,-6.458545499999957,-39.91039216420802
2311959,Salitre,Ceará,23,806.253,-7.185434699999945,-40.38220301549849
2312007,Santana do Acaraú,Ceará,23,972.573,-3.497878949999972,-40.146906718689785
2312106,Santana do Cariri,Ceará,23,855.165,-7.2209941999999785,-39.74450495155487
2312205,Santa Quitéria,Ceará,23,4262.293,-4.36185729999994,-40.01166418165589
2312304,São Benedito,Ceará,23,350.847,-4.067004849999961,-40.88810062447024
2312403,São Gonçalo do Amarante,Ceará,23,842.635,-3.588686899999942,-39.04639560708775
2312502,São João do Jaguaribe,Ceará,23,279.451,-5.310550349999943,-38.2702389497063
2312601,São Luís do Curu,Ceará,23,122.865,-3.6583894999999416,-39.26568378233371
2312700,Senador Pompeu,Ceará,23,956.882,-5.578227149999947,-39.426853971845404
2312809,Senador Sá,Ceará,23,424.642,-3.27916529999996,-40.42310665659895
2312908,Sobral,Ceará,23,2068.474,-3.8565443499999503,-40.04389362694319
2313005,Solonópole,Ceará,23,1535.855,-5.7668706999999415,-38.98292735972702
2313104,Tabuleiro do Norte,Ceará,23,1047.637,-5.3959435499999415,-37.99022360974066
2313203,Tamboril,Ceará,23,2014.543,-4.8886047999999676,-40.33599987471682
2313252,Tarrafas,Ceará,23,412.719,-6.722344199999952,-39.75080294902576
2313302,Tauá,Ceará,23,4010.618,-5.8777586999999585,-40.31663744416678
2313351,Tejuçuoca,Ceará,23,758.706,-3.9235681999999485,-39.5836780575556
2313401,Tianguá,Ceará,23,909.853,-3.658304499999957,-40.9607096603044
2313500,Trairi,Ceará,23,928.725,-3.3768008499999382,-39.37490636697948
2313559,Tururu,Ceará,23,201.27,-3.531372749999946,-39.375753859904826
2313609,Ubajara,Ceará,23,423.673,-3.8754642999999476,-41.03599641337248
2313708,Umari,Ceará,23,263.183,-6.619409049999973,-38.75788759600577
2313757,Umirim,Ceará,23,315.648,-3.6793029499999648,-39.396110923975584
2313807,Uruburetama,Ceará,23,99.4,-3.6209785499999327,-39.51330092807874
2313906,Uruoca,Ceará,23,697.683,-3.3233046499999546,-40.66803305374546
2313955,Varjota,Ceará,23,179.239,-4.171292049999948,-40.48807033075709
2314003,Várzea Alegre,Ceará,23,829.976,-6.742109599999964,-39.21763310252422
2314102,Viçosa do Ceará,Ceará,23,1310.91,-3.505809749999969,-41.11466533867954
2400109,Acari,Rio Grande do Norte,24,608.466,-6.430338199999937,-36.63661777439388
2400208,Açu,Rio Grande do Norte,24,1303.442,-5.592742099999953,-37.01241359691428
2400307,Afonso Bezerra,Rio Grande do Norte,24,576.179,-5.475175399999927,-36.57667126112398
2400406,Água Nova,Rio Grande do Norte,24,50.684,-6.205308749999972,-38.31243990041751
2400505,Alexandria,Rio Grande do Norte,24,381.205,-6.365690599999937,-38.00558357347343
2400604,Almino Afonso,Rio Grande do Norte,24,128.038,-6.156702899999942,-37.7519950194051
2400703,Alto do Rodrigues,Rio Grande do Norte,24,191.334,-5.341921399999961,-36.75053543702977
2400802,Angicos,Rio Grande do Norte,24,741.582,-5.641937699999971,-36.54226597684613
2400901,Antônio Martins,Rio Grande do Norte,24,244.897,-6.206858399999959,-37.901956679041476
2401008,Apodi,Rio Grande do Norte,24,1600.394,-5.628022599999952,-37.85838685125821
2401107,Areia Branca,Rio Grande do Norte,24,342.749,-5.021593799999977,-37.04857153504567
2401206,Arês,Rio Grande do Norte,24,115.407,-6.193809549999941,-35.204173312616355
2401305,Campo Grande,Rio Grande do Norte,24,890.89,-5.885024349999952,-37.34607089342527
2401404,Baía Formosa,Rio Grande do Norte,24,247.484,-6.419344449999926,-35.050099148573366
2401453,Baraúna,Rio Grande do Norte,24,825.681,-5.082580449999966,-37.62169687401612
2401503,Barcelona,Rio Grande do Norte,24,152.626,-5.981453099999953,-35.93055193619783
2401602,Bento Fernandes,Rio Grande do Norte,24,301.069,-5.691605449999969,-35.80026272686892
2401651,Bodó,Rio Grande do Norte,24,253.519,-5.9423598999999285,-36.42967171445568
2401701,Bom Jesus,Rio Grande do Norte,24,122.035,-6.010684649999945,-35.5956093031059
2401800,Brejinho,Rio Grande do Norte,24,61.559,-6.2138761499999475,-35.37593325099442
2401859,Caiçara do Norte,Rio Grande do Norte,24,225.633,-5.174628249999955,-36.090715106837195
2401909,Caiçara do Rio do Vento,Rio Grande do Norte,24,261.194,-5.75690654999994,-36.01109509048968
2402006,Caicó,Rio Grande do Norte,24,1228.583,-6.459247099999942,-37.05771082472442
2402105,Campo Redondo,Rio Grande do Norte,24,213.727,-6.238311499999952,-36.20041043000985
2402204,Canguaretama,Rio Grande do Norte,24,245.485,-6.41745844999997,-35.15504562196048
2402303,Caraúbas,Rio Grande do Norte,24,1094.489,-5.788733199999967,-37.593547250297256
2402402,Carnaúba dos Dantas,Rio Grande do Norte,24,246.308,-6.552812099999954,-36.55470897693476
2402501,Carnaubais,Rio Grande do Norte,24,517.737,-5.267392299999955,-36.83791558388222
2402600,Ceará-Mirim,Rio Grande do Norte,24,724.838,-5.597015149999976,-35.371929725754335
2402709,Cerro Corá,Rio Grande do Norte,24,393.573,-5.973608249999955,-36.31071928415551
2402808,Coronel Ezequiel,Rio Grande do Norte,24,185.748,-6.3597088999999585,-36.2061447888557
2402907,Coronel João Pessoa,Rio Grande do Norte,24,117.139,-6.250290999999947,-38.420894857551176
2403004,Cruzeta,Rio Grande do Norte,24,295.83,-6.3657591499999455,-36.81266807125874
2403103,Currais Novos,Rio Grande do Norte,24,864.349,-6.242405349999956,-36.428339595606815
2403202,Doutor Severiano,Rio Grande do Norte,24,113.737,-6.116882449999963,-38.40599466681042
2403251,Parnamirim,Rio Grande do Norte,24,124.006,-5.917974799999939,-35.223911040713475
2403301,Encanto,Rio Grande do Norte,24,125.749,-6.130625149999929,-38.3018807932656
2403400,Equador,Rio Grande do Norte,24,264.985,-6.890713549999958,-36.66447219982528
2403509,Espírito Santo,Rio Grande do Norte,24,135.837,-6.298836999999963,-35.300085345991334
2403608,Extremoz,Rio Grande do Norte,24,140.639,-5.677803899999958,-35.269765631108584
2403707,Felipe Guerra,Rio Grande do Norte,24,292.177,-5.520584149999934,-37.64399929607538
2403756,Fernando Pedroza,Rio Grande do Norte,24,322.628,-5.775175899999937,-36.3645780622123
2403806,Florânia,Rio Grande do Norte,24,507.892,-6.180285899999944,-36.830582636969
2403905,Francisco Dantas,Rio Grande do Norte,24,181.558,-6.04244154999995,-38.13841475504792
2404002,Frutuoso Gomes,Rio Grande do Norte,24,63.279,-6.160882199999975,-37.84296872481731
2404101,Galinhos,Rio Grande do Norte,24,340.769,-5.176159449999943,-36.205429836579064
2404200,Goianinha,Rio Grande do Norte,24,192.279,-6.287188099999952,-35.209824018586005
2404309,Governador Dix-Sept Rosado,Rio Grande do Norte,24,1109.36,-5.405384849999962,-37.478148313131825
2404408,Grossos,Rio Grande do Norte,24,124.538,-4.948331549999949,-37.22731306002641
2404507,Guamaré,Rio Grande do Norte,24,258.307,-5.176159449999943,-36.34522467018803
2404606,Ielmo Marinho,Rio Grande do Norte,24,312.028,-5.796795399999951,-35.54971487651127
2404705,Ipanguaçu,Rio Grande do Norte,24,374.245,-5.544240499999972,-36.803926948819644
2404804,Ipueira,Rio Grande do Norte,24,127.348,-6.775294449999933,-37.198534870315946
2404853,Itajá,Rio Grande do Norte,24,203.624,-5.683871349999947,-36.80822643479874
2404903,Itaú,Rio Grande do Norte,24,133.031,-5.807376549999958,-37.91680016147066
2405009,Jaçanã,Rio Grande do Norte,24,54.561,-6.403663599999959,-36.236485995446415
2405108,Jandaíra,Rio Grande do Norte,24,442.754,-5.3441683999999725,-36.14104065615784
2405207,Janduís,Rio Grande do Norte,24,303.448,-5.997129799999925,-37.47231909881585
2405306,Januário Cicco,Rio Grande do Norte,24,167.042,-6.1328853499999525,-35.58413155712345
2405405,Japi,Rio Grande do Norte,24,188.99,-6.4199955999999645,-35.90765243668969
2405504,Jardim de Angicos,Rio Grande do Norte,24,254.012,-5.582705299999958,-35.98502238258375
2405603,Jardim de Piranhas,Rio Grande do Norte,24,330.53,-6.293008099999952,-37.271287998230406
2405702,Jardim do Seridó,Rio Grande do Norte,24,367.645,-6.59765239999993,-36.795912897312625
2405801,João Câmara,Rio Grande do Norte,24,714.971,-5.472501749999964,-35.86652407902221
2405900,João Dias,Rio Grande do Norte,24,88.173,-6.289725949999962,-37.85225481319706
2406007,José da Penha,Rio Grande do Norte,24,117.635,-6.351553549999949,-38.281361030531514
2406106,Jucurutu,Rio Grande do Norte,24,933.73,-6.026391649999965,-37.009520104589825
2406155,Jundiá,Rio Grande do Norte,24,44.641,-6.2511035999999365,-35.33881231760303
2406205,Lagoa d'Anta,Rio Grande do Norte,24,104.065,-6.369753449999962,-35.642148820191096
2406304,Lagoa de Pedras,Rio Grande do Norte,24,117.971,-6.192588699999959,-35.45626533728148
2406403,Lagoa de Velhos,Rio Grande do Norte,24,111.607,-6.001335399999931,-35.8509503712222
2406502,Lagoa Nova,Rio Grande do Norte,24,176.302,-6.093095349999942,-36.527082104021204
2406601,Lagoa Salgada,Rio Grande do Norte,24,79.128,-6.145878699999969,-35.49117681486862
2406700,Lajes,Rio Grande do Norte,24,676.626,-5.667585199999934,-36.161780982203965
2406809,Lajes Pintadas,Rio Grande do Norte,24,130.211,-6.148915549999941,-36.151608447905865
2406908,Lucrécia,Rio Grande do Norte,24,30.931,-6.105032049999949,-37.833132407270405
2407005,Luís Gomes,Rio Grande do Norte,24,166.638,-6.378051799999952,-38.410645834081436
2407104,Macaíba,Rio Grande do Norte,24,510.092,-5.9410366499999725,-35.42859551911727
2407203,Macau,Rio Grande do Norte,24,775.302,-5.2317521999999315,-36.466853119011915
2407252,Major Sales,Rio Grande do Norte,24,31.971,-6.411635899999965,-38.3192039135843
2407302,Marcelino Vieira,Rio Grande do Norte,24,345.711,-6.2822101499999405,-38.16646782968377
2407401,Martins,Rio Grande do Norte,24,169.464,-6.093791749999951,-37.89971381031697
2407500,Maxaranguape,Rio Grande do Norte,24,132.129,-5.45381784999995,-35.38585445639683
2407609,Messias Targino,Rio Grande do Norte,24,142.608,-6.0799900999999466,-37.52115007311174
2407708,Montanhas,Rio Grande do Norte,24,82.214,-6.4982594999999606,-35.29131804551308
2407807,Monte Alegre,Rio Grande do Norte,24,211.259,-6.1139782499999455,-35.40621524796355
2407906,Monte das Gameleiras,Rio Grande do Norte,24,71.946,-6.428038949999973,-35.809096418881424
2408003,Mossoró,Rio Grande do Norte,24,2099.334,-5.1854351499999325,-37.35301526865997
2408102,Natal,Rio Grande do Norte,24,167.401,-5.80184984999994,-35.21688394141512
2408201,Nísia Floresta,Rio Grande do Norte,24,307.719,-6.0538568499999315,-35.1711192157543
2408300,Nova Cruz,Rio Grande do Norte,24,277.319,-6.459675349999969,-35.44595397263659
2408409,Olho d'Água do Borges,Rio Grande do Norte,24,141.17,-5.978062299999976,-37.71267326961271
2408508,Ouro Branco,Rio Grande do Norte,24,253.21,-6.68574209999997,-36.921961660409806
2408607,Paraná,Rio Grande do Norte,24,81.39,-6.452332699999971,-38.29429859106557
2408706,Paraú,Rio Grande do Norte,24,383.214,-5.78077209999995,-37.11088383932716
2408805,Parazinho,Rio Grande do Norte,24,231.007,-5.3036609999999484,-35.93423927412378
2408904,Parelhas,Rio Grande do Norte,24,513.507,-6.710869399999979,-36.63082985065091
2408953,Rio do Fogo,Rio Grande do Norte,24,151.097,-5.360866999999956,-35.39258361450834
2409100,Passa e Fica,Rio Grande do Norte,24,44.105,-6.449150949999961,-35.6106833310052
2409209,Passagem,Rio Grande do Norte,24,41.215,-6.2999697999999285,-35.402214475528744
2409308,Patu,Rio Grande do Norte,24,319.135,-6.058310699999964,-37.61970377293464
2409332,Santa Maria,Rio Grande do Norte,24,219.57,-5.794466949999929,-35.72350443001035
2409407,Pau dos Ferros,Rio Grande do Norte,24,259.959,-6.107234849999969,-38.19219078713926
2409506,Pedra Grande,Rio Grande do Norte,24,221.167,-5.1482119999999725,-35.871474032456845
2409605,Pedra Preta,Rio Grande do Norte,24,294.985,-5.522459499999968,-36.08516814487166
2409704,Pedro Avelino,Rio Grande do Norte,24,952.755,-5.455703399999948,-36.32632808123586
2409803,Pedro Velho,Rio Grande do Norte,24,192.708,-6.469272699999948,-35.22101596349651
2409902,Pendências,Rio Grande do Norte,24,419.137,-5.293911249999951,-36.63859785004752
2410009,Pilões,Rio Grande do Norte,24,82.69,-6.2953156999999464,-38.03260847008339
2410108,Poço Branco,Rio Grande do Norte,24,230.401,-5.584649899999931,-35.70259081409044
2410207,Portalegre,Rio Grande do Norte,24,110.054,-6.029619049999951,-38.01373798265868
2410256,Porto do Mangue,Rio Grande do Norte,24,361.237,-5.073435549999942,-36.819441590476586
2410306,Serra Caiada,Rio Grande do Norte,24,230.036,-6.1025422999999535,-35.709660703821505
2410405,Pureza,Rio Grande do Norte,24,504.294,-5.405681449999975,-35.594615236926956
2410504,Rafael Fernandes,Rio Grande do Norte,24,78.231,-6.2008371499999555,-38.22454533314107
2410603,Rafael Godeiro,Rio Grande do Norte,24,100.073,-6.066025949999954,-37.725860202516216
2410702,Riacho da Cruz,Rio Grande do Norte,24,127.223,-5.92148629999997,-37.96262073921749
2410801,Riacho de Santana,Rio Grande do Norte,24,128.106,-6.281330099999963,-38.3547642078706
2410900,Riachuelo,Rio Grande do Norte,24,262.887,-5.819423599999965,-35.847201620599996
2411007,Rodolfo Fernandes,Rio Grande do Norte,24,154.84,-5.851031549999959,-38.06659935774846
2411056,Tibau,Rio Grande do Norte,24,169.365,-4.889812799999959,-37.3373426051559
2411106,Ruy Barbosa,Rio Grande do Norte,24,125.809,-5.85654969999996,-35.94359452016766
2411205,Santa Cruz,Rio Grande do Norte,24,624.356,-6.270386649999949,-36.01964863381062
2411403,Santana do Matos,Rio Grande do Norte,24,1422.268,-5.903185499999978,-36.61809004848031
2411429,Santana do Seridó,Rio Grande do Norte,24,188.403,-6.742373849999979,-36.764247719817476
2411502,Santo Antônio,Rio Grande do Norte,24,301.082,-6.32361979999996,-35.515839725898644
2411601,São Bento do Norte,Rio Grande do Norte,24,288.761,-5.14562049999995,-35.988621063495884
2411700,São Bento do Trairí,Rio Grande do Norte,24,190.818,-6.397715799999958,-36.0505534357134
2411809,São Fernando,Rio Grande do Norte,24,404.427,-6.313437999999934,-37.14720632586727
2411908,São Francisco do Oeste,Rio Grande do Norte,24,75.588,-5.990221949999949,-38.19514649075969
2412005,São Gonçalo do Amarante,Rio Grande do Norte,24,249.8,-5.772930199999934,-35.35896149089453
2412104,São João do Sabugi,Rio Grande do Norte,24,277.011,-6.687882499999944,-37.20212280271045
2412203,São José de Mipibu,Rio Grande do Norte,24,289.987,-6.076977849999935,-35.26470931435233
2412302,São José do Campestre,Rio Grande do Norte,24,341.115,-6.30079699999996,-35.723722981041334
2412401,São José do Seridó,Rio Grande do Norte,24,174.505,-6.483553099999938,-36.85955858991707
2412500,São Miguel,Rio Grande do Norte,24,166.233,-6.212229599999944,-38.469800623693985
2412559,São Miguel do Gostoso,Rio Grande do Norte,24,431.445,-5.16402999999994,-35.72107134119753
2412609,São Paulo do Potengi,Rio Grande do Norte,24,240.425,-5.933096449999965,-35.76274338515971
2412708,São Pedro,Rio Grande do Norte,24,195.237,-5.890087849999958,-35.61100449722578
2412807,São Rafael,Rio Grande do Norte,24,469.101,-5.842851749999937,-36.86982103445092
2412906,São Tomé,Rio Grande do Norte,24,862.585,-5.996464199999934,-36.121343236217214
2413003,São Vicente,Rio Grande do Norte,24,197.817,-6.198525749999959,-36.66447431867494
2413102,Senador Elói de Souza,Rio Grande do Norte,24,143.574,-6.026356399999969,-35.710673354953464
2413201,Senador Georgino Avelino,Rio Grande do Norte,24,26.1,-6.161418599999934,-35.12185457939542
2413300,Serra de São Bento,Rio Grande do Norte,24,96.585,-6.4204578999999455,-35.71654864085902
2413359,Serra do Mel,Rio Grande do Norte,24,620.241,-5.142727049999962,-37.01770093938565
2413409,Serra Negra do Norte,Rio Grande do Norte,24,562.396,-6.574073549999952,-37.35354237033606
2413508,Serrinha,Rio Grande do Norte,24,193.351,-6.256991149999976,-35.56574165415816
2413557,Serrinha dos Pintos,Rio Grande do Norte,24,122.375,-6.142284399999937,-37.993368935102524
2413607,Severiano Melo,Rio Grande do Norte,24,157.85,-5.7697963999999615,-37.97914567317306
2413706,Sítio Novo,Rio Grande do Norte,24,213.456,-6.0902426499999365,-35.91754403073897
2413805,Taboleiro Grande,Rio Grande do Norte,24,124.093,-5.935894899999937,-38.078065541312114
2413904,Taipu,Rio Grande do Norte,24,352.818,-5.599155849999931,-35.58533447121126
2414001,Tangará,Rio Grande do Norte,24,339.484,-6.218311549999953,-35.83791883419258
2414100,Tenente Ananias,Rio Grande do Norte,24,223.671,-6.438354949999962,-38.17319017752803
2414159,Tenente Laurentino Cruz,Rio Grande do Norte,24,68.556,-6.156712599999963,-36.718875568780554
2414209,Tibau do Sul,Rio Grande do Norte,24,102.68,-6.239386399999972,-35.09468886207317
2414308,Timbaúba dos Batistas,Rio Grande do Norte,24,135.456,-6.482905649999964,-37.24919448021315
2414407,Touros,Rio Grande do Norte,24,753.961,-5.289452649999959,-35.549664871303385
2414456,Triunfo Potiguar,Rio Grande do Norte,24,268.725,-5.923998549999965,-37.14681693240469
2414506,Umarizal,Rio Grande do Norte,24,213.584,-6.001547099999954,-37.85310743466124
2414605,Upanema,Rio Grande do Norte,24,873.14,-5.616805999999968,-37.28288227270096
2414704,Várzea,Rio Grande do Norte,24,72.684,-6.3190507499999455,-35.36491064606825
2414753,Venha-Ver,Rio Grande do Norte,24,71.621,-6.3222190999999555,-38.52069045552352
2414803,Vera Cruz,Rio Grande do Norte,24,84.127,-6.032937749999945,-35.4320185090062
2414902,Viçosa,Rio Grande do Norte,24,37.905,-5.993323199999963,-37.95458345663233
2415008,Vila Flor,Rio Grande do Norte,24,47.656,-6.302566049999967,-35.0898733503611
2500106,Água Branca,Paraíba,25,241.662,-7.486201499999936,-37.639197857620815
2500205,Aguiar,Paraíba,25,351.607,-7.085317849999967,-38.21326258232202
2500304,Alagoa Grande,Paraíba,25,322.071,-7.048398099999957,-35.59144061599582
2500403,Alagoa Nova,Paraíba,25,128.23,-7.064346849999936,-35.7758420511082
2500502,Alagoinha,Paraíba,25,111.361,-6.971144599999974,-35.51702627064847
2500536,Alcantil,Paraíba,25,309.896,-7.697485149999977,-36.045395351440554
2500577,Algodão de Jandaíra,Paraíba,25,222.74,-6.8876533999999765,-35.974087849048175
2500601,Alhandra,Paraíba,25,183.974,-7.354451749999953,-34.913745345340935
2500700,São João do Rio do Peixe,Paraíba,25,476.237,-6.750792049999944,-38.42226239056285
2500734,Amparo,Paraíba,25,122.094,-7.561125299999958,-37.04454635547947
2500775,Aparecida,Paraíba,25,291.478,-6.78652699999995,-38.07852962247604
2500809,Araçagi,Paraíba,25,232.177,-6.8710629999999355,-35.35124769479752
2500908,Arara,Paraíba,25,91.306,-6.862220649999955,-35.749783237499955
2501005,Araruna,Paraíba,25,246.717,-6.5325021999999535,-35.77447472791599
2501104,Areia,Paraíba,25,269.13,-6.949113349999948,-35.688801251712064
2501153,Areia de Baraúnas,Paraíba,25,114.078,-7.117312649999974,-36.95796362491629
2501203,Areial,Paraíba,25,35.81,-7.047676249999967,-35.930586202549904
2501302,Aroeiras,Paraíba,25,376.118,-7.544578799999954,-35.69043047324337
2501351,Assunção,Paraíba,25,132.139,-7.072716099999951,-36.7094512884472
2501401,Baía da Traição,Paraíba,25,102.756,-6.65740189999994,-34.9955383500631
2501500,Bananeiras,Paraíba,25,255.641,-6.693918749999938,-35.60819735542829
2501534,Baraúna,Paraíba,25,50.03,-6.620222799999965,-36.253982200026186
2501575,Barra de Santana,Paraíba,25,375.177,-7.568598399999956,-35.96750722286177
2501609,Barra de Santa Rosa,Paraíba,25,781.187,-6.764904799999954,-36.04703903470242
2501708,Barra de São Miguel,Paraíba,25,609.697,-7.679300449999943,-36.30576949493067
2501807,Bayeux,Paraíba,25,27.705,-7.125511949999947,-34.9227384867058
2501906,Belém,Paraíba,25,99.609,-6.712561799999975,-35.51390289557307
2502003,Belém do Brejo do Cruz,Paraíba,25,601.549,-6.149028849999979,-37.323308896508216
2502052,Bernardino Batista,Paraíba,25,57.453,-6.474080099999952,-38.544348423713934
2502102,Boa Ventura,Paraíba,25,168.664,-7.424387449999955,-38.18174704991311
2502151,Boa Vista,Paraíba,25,468.933,-7.260745449999945,-36.22197909143179
2502201,Bom Jesus,Paraíba,25,47.367,-6.829668999999939,-38.64120714842906
2502300,Bom Sucesso,Paraíba,25,186.059,-6.469735349999951,-37.947517852388735
2502409,Bonito de Santa Fé,Paraíba,25,226.798,-7.287744099999941,-38.47852650821676
2502508,Boqueirão,Paraíba,25,373.077,-7.503779149999957,-36.13749041219809
2502607,Igaracy,Paraíba,25,197.058,-7.158871049999959,-38.131638685496625
2502706,Borborema,Paraíba,25,26.107,-6.791071299999942,-35.60745007371323
2502805,Brejo do Cruz,Paraíba,25,401.315,-6.330786949999947,-37.48823575297837
2502904,Brejo dos Santos,Paraíba,25,93.857,-6.391223349999933,-37.843137578386056
2503001,Caaporã,Paraíba,25,151.018,-7.4777213499999675,-34.91647936964083
2503100,Cabaceiras,Paraíba,25,469.171,-7.45208594999994,-36.32040371969857
2503209,Cabedelo,Paraíba,25,29.873,-7.030944599999941,-34.84450798431253
2503308,Cachoeira dos Índios,Paraíba,25,193.215,-6.947136599999965,-38.70316117671483
2503407,Cacimba de Areia,Paraíba,25,213.019,-7.151673899999935,-37.165065408004196
2503506,Cacimba de Dentro,Paraíba,25,165.072,-6.618120699999963,-35.809964524968294
2503555,Cacimbas,Paraíba,25,124.068,-7.20640199999994,-37.09909933150101
2503605,Caiçara,Paraíba,25,123.677,-6.5850669999999525,-35.40644047006184
2503704,Cajazeiras,Paraíba,25,562.703,-6.924139799999978,-38.53187001486518
2503753,Cajazeirinhas,Paraíba,25,282.693,-6.945022299999948,-37.81553891605668
2503803,Caldas Brandão,Paraíba,25,55.963,-7.113796949999937,-35.33228727605372
2503902,Camalaú,Paraíba,25,541.841,-7.907811899999956,-36.76811915072436
2504009,Campina Grande,Paraíba,25,591.658,-7.270897599999955,-35.950664032066086
2504033,Capim,Paraíba,25,79.876,-6.899576449999955,-35.16528335022411
2504074,Caraúbas,Paraíba,25,486.622,-7.784655099999952,-36.494066333766156
2504108,Carrapateira,Paraíba,25,59.07,-7.048456249999958,-38.33812715638648
2504157,Casserengue,Paraíba,25,202.761,-6.7656540499999664,-35.85219570594093
2504207,Catingueira,Paraíba,25,527.424,-7.141419449999944,-37.5989245157454
2504306,Catolé do Rocha,Paraíba,25,551.765,-6.3310101499999405,-37.72496541093933
2504355,Caturité,Paraíba,25,117.823,-7.422798649999947,-36.059391111696414
2504405,Conceição,Paraíba,25,580.65,-7.528382149999942,-38.57014591722023
2504504,Condado,Paraíba,25,265.473,-6.869164599999948,-37.61476572100285
2504603,Conde,Paraíba,25,171.267,-7.2999919499999635,-34.858938311111075
2504702,Congo,Paraíba,25,324.686,-7.81003309999997,-36.63142028544897
2504801,Coremas,Paraíba,25,372.012,-7.071674649999949,-37.94337116961578
2504850,Coxixola,Paraíba,25,173.942,-7.650984599999958,-36.637745184014534
2504900,Cruz do Espírito Santo,Paraíba,25,192.512,-7.129116449999941,-35.094704044365265
2505006,Cubati,Paraíba,25,163.57,-6.8645478999999625,-36.33600624166064
2505105,Cuité,Paraíba,25,733.818,-6.5188616499999625,-36.03557319459715
2505204,Cuitegi,Paraíba,25,42.091,-6.8981328999999505,-35.52577790667965
2505238,Cuité de Mamanguape,Paraíba,25,107.68,-6.901009499999958,-35.25526476965953
2505279,Curral de Cima,Paraíba,25,86.428,-6.731020149999949,-35.283092611179825
2505303,Curral Velho,Paraíba,25,217.624,-7.53899064999996,-38.15835661394206
2505352,Damião,Paraíba,25,186.198,-6.643389749999955,-35.933936522984624
2505402,Desterro,Paraíba,25,182.018,-7.307998049999952,-37.10600068308486
2505501,Vista Serrana,Paraíba,25,60.39,-6.759952049999953,-37.57236642087684
2505600,Diamante,Paraíba,25,271.791,-7.444865899999968,-38.291350138458
2505709,Dona Inês,Paraíba,25,173.648,-6.608907899999934,-35.64894822749659
2505808,Duas Estradas,Paraíba,25,27.012,-6.716671949999949,-35.40753234474374
2505907,Emas,Paraíba,25,248.226,-7.087324999999936,-37.74675131686621
2506004,Esperança,Paraíba,25,157.851,-7.006709449999931,-35.88885491202768
2506103,Fagundes,Paraíba,25,185.061,-7.399742749999945,-35.77853586936842
2506202,Frei Martinho,Paraíba,25,238.658,-6.407268649999963,-36.465054570741735
2506251,Gado Bravo,Paraíba,25,192.42,-7.56305169999996,-35.799413445400006
2506301,Guarabira,Paraíba,25,162.387,-6.888408599999963,-35.44194484255233
2506400,Gurinhém,Paraíba,25,340.408,-7.144722399999949,-35.4399113834951
2506509,Gurjão,Paraíba,25,344.502,-7.280731749999973,-36.44517326791576
2506608,Ibiara,Paraíba,25,240.357,-7.5077551499999515,-38.395984821514716
2506707,Imaculada,Paraíba,25,317.804,-7.392131899999953,-37.572375782327384
2506806,Ingá,Paraíba,25,262.179,-7.275405749999948,-35.63429871449279
2506905,Itabaiana,Paraíba,25,210.572,-7.3472149499999375,-35.34455653552271
2507002,Itaporanga,Paraíba,25,460.21,-7.277029799999951,-38.16926067151621
2507101,Itapororoca,Paraíba,25,145.807,-6.811827699999952,-35.259738352522774
2507200,Itatuba,Paraíba,25,251.749,-7.403879749999959,-35.63490614333769
2507309,Jacaraú,Paraíba,25,256.845,-6.6039688999999555,-35.26130348398655
2507408,Jericó,Paraíba,25,177.356,-6.520114249999949,-37.82353828189778
2507507,João Pessoa,Paraíba,25,210.044,-7.150905949999952,-34.852412991497225
2507606,Juarez Távora,Paraíba,25,75.678,-7.165223399999974,-35.571463523901656
2507705,Juazeirinho,Paraíba,25,474.606,-7.042421849999954,-36.5744462597662
2507804,Junco do Seridó,Paraíba,25,180.425,-6.98788344999997,-36.76461162287663
2507903,Juripiranga,Paraíba,25,78.706,-7.348133099999956,-35.22055441161402
2508000,Juru,Paraíba,25,395.075,-7.5129677499999445,-37.812817552168674
2508109,Lagoa,Paraíba,25,176.649,-6.5831564499999615,-37.90034199268002
2508208,Lagoa de Dentro,Paraíba,25,83.508,-6.680881899999974,-35.36383661887762
2508307,Lagoa Seca,Paraíba,25,108.219,-7.146915949999965,-35.85582499791139
2508406,Lastro,Paraíba,25,107.416,-6.5528152499999806,-38.175840577749426
2508505,Livramento,Paraíba,25,266.948,-7.326279499999941,-36.93258359406158
2508554,Logradouro,Paraíba,25,42.876,-6.55903509999996,-35.42434061395562
2508604,Lucena,Paraíba,25,93.8,-6.921172449999972,-34.92440516647888
2508703,Mãe d'Água,Paraíba,25,228.676,-7.243612849999977,-37.43768662194673
2508802,Malta,Paraíba,25,172.01,-6.884936649999958,-37.53421797672576
2508901,Mamanguape,Paraíba,25,337.434,-6.702156899999977,-35.16946506171857
2509008,Manaíra,Paraíba,25,352.025,-7.701323299999956,-38.201528430386375
2509057,Marcação,Paraíba,25,122.665,-6.751066799999961,-35.00864132462931
2509107,Mari,Paraíba,25,155.265,-7.037170449999934,-35.31180728085343
2509156,Marizópolis,Paraíba,25,69.952,-6.825672699999956,-38.34276808921307
2509206,Massaranduba,Paraíba,25,209.402,-7.192778449999963,-35.767535323640594
2509305,Mataraca,Paraíba,25,182.439,-6.555451099999971,-35.04891029599249
2509339,Matinhas,Paraíba,25,36.522,-7.119849399999936,-35.77861313816959
2509370,Mato Grosso,Paraíba,25,85.275,-6.546356999999944,-37.713704351463434
2509396,Maturéia,Paraíba,25,83.053,-7.292483849999968,-37.35853400059898
2509404,Mogeiro,Paraíba,25,214.093,-7.296617199999957,-35.48682762063298
2509503,Montadas,Paraíba,25,31.793,-7.090794999999957,-35.93886097358606
2509602,Monte Horebe,Paraíba,25,116.854,-7.209611749999965,-38.545667001395486
2509701,Monteiro,Paraíba,25,992.62,-7.889264049999952,-37.09820450043118
2509800,Mulungu,Paraíba,25,187.259,-7.001060649999943,-35.4264354562214
2509909,Natuba,Paraíba,25,202.173,-7.546649249999973,-35.55826676636143
2510006,Nazarezinho,Paraíba,25,193.203,-6.954081799999955,-38.33556322441829
2510105,Nova Floresta,Paraíba,25,47.572,-6.499962249999953,-36.21058615564418
2510204,Nova Olinda,Paraíba,25,81.516,-7.460959299999956,-38.0208511776067
2510303,Nova Palmeira,Paraíba,25,314.748,-6.676560399999943,-36.41310730205143
2510402,Olho d'Água,Paraíba,25,580.47,-7.278963699999963,-37.73376977672417
2510501,Olivedos,Paraíba,25,314.625,-6.971328899999946,-36.24380402098505
2510600,Ouro Velho,Paraíba,25,128.11,-7.607603899999958,-37.13659877931704
2510659,Parari,Paraíba,25,207.814,-7.328110899999956,-36.67307095065858
2510709,Passagem,Paraíba,25,123.422,-7.121303499999954,-37.045788717965024
2510808,Patos,Paraíba,25,472.892,-7.029629349999965,-37.29226486249482
2510907,Paulista,Paraíba,25,577.379,-6.620637599999952,-37.631769014740115
2511004,Pedra Branca,Paraíba,25,116.873,-7.463888749999967,-38.07744465409947
2511103,Pedra Lavrada,Paraíba,25,335.615,-6.76887444999997,-36.37956120186666
2511202,Pedras de Fogo,Paraíba,25,406.729,-7.352292999999946,-35.06349435155312
2511301,Piancó,Paraíba,25,576.986,-7.200528799999972,-37.93554398379325
2511400,Picuí,Paraíba,25,667.714,-6.499962249999953,-36.33401953331405
2511509,Pilar,Paraíba,25,103.306,-7.28442814999994,-35.258695129254264
2511608,Pilões,Paraíba,25,65.574,-6.880380099999968,-35.61037545559068
2511707,Pilõezinhos,Paraíba,25,40.908,-6.852741149999957,-35.55079441056496
2511806,Pirpirituba,Paraíba,25,80.672,-6.788007349999958,-35.49322604371555
2511905,Pitimbu,Paraíba,25,135.801,-7.447062099999954,-34.83061844809194
2512002,Pocinhos,Paraíba,25,623.967,-7.056764199999947,-36.07964036014341
2512036,Poço Dantas,Paraíba,25,97.758,-6.388728649999962,-38.54236862441454
2512077,Poço de José de Moura,Paraíba,25,94.646,-6.590619549999957,-38.4933323346779
2512101,Pombal,Paraíba,25,894.098,-6.8161939999999674,-37.812308579092544
2512200,Prata,Paraíba,25,201.788,-7.687668149999951,-37.08354767289242
2512309,Princesa Isabel,Paraíba,25,368.569,-7.646198299999952,-37.99941192470213
2512408,Puxinanã,Paraíba,25,71.118,-7.14887319999994,-35.96797849094985
2512507,Queimadas,Paraíba,25,402.748,-7.398188749999946,-35.9209099197744
2512606,Quixaba,Paraíba,25,147.158,-7.045983949999936,-37.12907075424456
2512705,Remígio,Paraíba,25,183.459,-6.939074299999959,-35.846336907082915
2512721,Pedro Régis,Paraíba,25,74.216,-6.669773649999939,-35.28859376294623
2512747,Riachão,Paraíba,25,85.291,-6.542417249999971,-35.64812141168834
2512754,Riachão do Bacamarte,Paraíba,25,40.281,-7.239885899999962,-35.66692980091149
2512762,Riachão do Poço,Paraíba,25,40.46,-7.149416099999968,-35.28343989758228
2512788,Riacho de Santo Antônio,Paraíba,25,93.654,-7.684810349999935,-36.143423923976066
2512804,Riacho dos Cavalos,Paraíba,25,262.532,-6.470854899999949,-37.64803145637346
2512903,Rio Tinto,Paraíba,25,465.24,-6.767811899999941,-35.09869962015545
2513000,Salgadinho,Paraíba,25,179.005,-7.095655049999948,-36.84333066170467
2513109,Salgado de São Félix,Paraíba,25,204.079,-7.402103949999969,-35.47337189366332
2513158,Santa Cecília,Paraíba,25,217.577,-7.732560349999943,-35.91113926169936
2513208,Santa Cruz,Paraíba,25,217.677,-6.533151249999946,-38.05383832793375
2513307,Santa Helena,Paraíba,25,211.143,-6.712458599999962,-38.58692582569323
2513356,Santa Inês,Paraíba,25,327.635,-7.66789504999997,-38.5620072727051
2513406,Santa Luzia,Paraíba,25,440.766,-6.923848699999951,-36.89370916598925
2513505,Santana de Mangueira,Paraíba,25,405.164,-7.62930044999996,-38.31088452990706
2513604,Santana dos Garrotes,Paraíba,25,361.484,-7.392291449999959,-37.960111230596894
2513653,Joca Claudino,Paraíba,25,71.799,-6.4746124999999495,-38.48300839278113
2513703,Santa Rita,Paraíba,25,718.576,-7.0977444499999365,-34.98179841902621
2513802,Santa Teresinha,Paraíba,25,359.442,-7.109387699999957,-37.43139719357238
2513851,Santo André,Paraíba,25,197.791,-7.225234499999942,-36.60403741263906
2513901,São Bento,Paraíba,25,245.84,-6.461990699999944,-37.479881010832614
2513927,São Bentinho,Paraíba,25,199.635,-6.897724399999959,-37.71595061676227
2513943,São Domingos do Cariri,Paraíba,25,233.835,-7.575705799999952,-36.39358288054232
2513968,São Domingos,Paraíba,25,170.361,-6.803259899999944,-37.944457201590055
2513984,São Francisco,Paraíba,25,90.724,-6.638545799999946,-38.05352670894618
2514008,São João do Cariri,Paraíba,25,612.966,-7.476074799999935,-36.50370390026471
2514107,São João do Tigre,Paraíba,25,812.617,-8.117728449999959,-36.77969644925612
2514206,São José da Lagoa Tapada,Paraíba,25,333.724,-6.940183249999961,-38.122984521447655
2514305,São José de Caiana,Paraíba,25,183.273,-7.247570549999949,-38.31942944103419
2514404,São José de Espinharas,Paraíba,25,726.757,-6.814461299999948,-37.37841016065316
2514453,São José dos Ramos,Paraíba,25,100.642,-7.236702699999967,-35.33513025194476
2514503,São José de Piranhas,Paraíba,25,686.918,-7.093324649999943,-38.502432883385616
2514552,São José de Princesa,Paraíba,25,158.052,-7.6989484499999605,-38.09185933663191
2514602,São José do Bonfim,Paraíba,25,153.629,-7.142025999999959,-37.28908325462078
2514651,São José do Brejo do Cruz,Paraíba,25,253.787,-6.238865949999962,-37.369639076665095
2514701,São José do Sabugi,Paraíba,25,213.555,-6.823130299999946,-36.83081248057336
2514800,São José dos Cordeiros,Paraíba,25,376.661,-7.42890799999995,-36.8769825039367
2514909,São Mamede,Paraíba,25,533.446,-6.929083399999939,-37.0906355265049
2515005,São Miguel de Taipu,Paraíba,25,92.413,-7.245270549999958,-35.20316898270884
2515104,São Sebastião de Lagoa de Roça,Paraíba,25,46.372,-7.088088099999936,-35.852519177824504
2515203,São Sebastião do Umbuzeiro,Paraíba,25,464.327,-8.157726449999956,-37.04999414695471
2515302,Sapé,Paraíba,25,313.678,-7.0596991999999545,-35.19074671539222
2515401,São Vicente do Seridó,Paraíba,25,262.751,-6.915405399999969,-36.43992726487244
2515500,Serra Branca,Paraíba,25,698.102,-7.558709249999964,-36.70139164411664
2515609,Serra da Raiz,Paraíba,25,31.679,-6.704049649999945,-35.45001043282539
2515708,Serra Grande,Paraíba,25,64.352,-7.237793849999974,-38.38586289465435
2515807,Serra Redonda,Paraíba,25,55.197,-7.175519349999945,-35.66506339095672
2515906,Serraria,Paraíba,25,65.062,-6.834559699999971,-35.643453547058265
2515930,Sertãozinho,Paraíba,25,32.455,-6.738842499999947,-35.42947180001323
2515971,Sobrado,Paraíba,25,61.953,-7.167423999999926,-35.23736668461221
2516003,Solânea,Paraíba,25,233.043,-6.744268299999959,-35.72455191376449
2516102,Soledade,Paraíba,25,578.178,-7.078393499999976,-36.38496288721508
2516151,Sossêgo,Paraíba,25,147.264,-6.752251799999954,-36.21906048157594
2516201,Sousa,Paraíba,25,728.492,-6.752419949999961,-38.241963104877996
2516300,Sumé,Paraíba,25,833.315,-7.645472999999953,-36.90784978493905
2516409,Tacima,Paraíba,25,245.236,-6.55103109999996,-35.49557461602028
2516508,Taperoá,Paraíba,25,628.365,-7.21988264999996,-36.84772132049025
2516607,Tavares,Paraíba,25,239.507,-7.586650199999951,-37.8976610149105
2516706,Teixeira,Paraíba,25,155.452,-7.25311119999995,-37.22690821956957
2516755,Tenório,Paraíba,25,87.452,-6.945296549999938,-36.62850587321189
2516805,Triunfo,Paraíba,25,224.336,-6.5995025999999655,-38.58345772804951
2516904,Uiraúna,Paraíba,25,293.182,-6.50218634999996,-38.370427434172
2517001,Umbuzeiro,Paraíba,25,185.578,-7.6829895999999565,-35.731523002089965
2517100,Várzea,Paraíba,25,191.282,-6.790999599999964,-37.05743069701883
2517209,Vieirópolis,Paraíba,25,147.098,-6.5630388999999525,-38.256908913806114
2517407,Zabelê,Paraíba,25,106.811,-8.075312449999956,-37.08960856681731
2600054,Abreu e Lima,Pernambuco,26,126.384,-7.864503349999978,-35.08337413888064
2600104,Afogados da Ingazeira,Pernambuco,26,378.031,-7.751148799999953,-37.602276056775864
2600203,Afrânio,Pernambuco,26,1490.594,-8.600091099999958,-40.99573731048221
2600302,Agrestina,Pernambuco,26,200.369,-8.459098049999966,-35.94905671103949
2600401,Água Preta,Pernambuco,26,531.935,-8.67535529999995,-35.48062458104606
2600500,Águas Belas,Pernambuco,26,885.988,-9.102489399999968,-37.063153457439554
2600609,Alagoinha,Pernambuco,26,220.995,-8.510607049999976,-36.76445163382618
2600708,Aliança,Pernambuco,26,272.773,-7.609092099999941,-35.20541700463442
2600807,Altinho,Pernambuco,26,450.178,-8.478320399999973,-36.09662996519512
2600906,Amaraji,Pernambuco,26,233.239,-8.364876949999967,-35.46327852361297
2601003,Angelim,Pernambuco,26,118.72,-8.875331899999964,-36.269699495177235
2601052,Araçoiaba,Pernambuco,26,96.36,-7.8007740999999555,-35.0811352200412
2601102,Araripina,Pernambuco,26,2037.394,-7.656851449999948,-40.47577008532471
2601201,Arcoverde,Pernambuco,26,343.923,-8.375171199999954,-37.011014184506976
2601300,Barra de Guabiraba,Pernambuco,26,118.639,-8.425884149999945,-35.63301716083308
2601409,Barreiros,Pernambuco,26,233.433,-8.81995084999997,-35.26207861725489
2601508,Belém de Maria,Pernambuco,26,75.912,-8.600224599999933,-35.825396700550655
2601607,Belém do São Francisco,Pernambuco,26,1830.828,-8.567318099999966,-39.01147813835253
2601706,Belo Jardim,Pernambuco,26,647.445,-8.269421199999954,-36.37129866721627
2601805,Betânia,Pernambuco,26,1256.138,-8.261988799999955,-38.00647876803418
2601904,Bezerros,Pernambuco,26,497.156,-8.24523899999997,-35.792233590226594
2602001,Bodocó,Pernambuco,26,1621.786,-7.682359849999955,-40.0043678052819
2602100,Bom Conselho,Pernambuco,26,790.774,-9.180897599999952,-36.694672088397354
2602209,Bom Jardim,Pernambuco,26,226.639,-7.770594299999942,-35.54403116735064
2602308,Bonito,Pernambuco,26,392.627,-8.486393699999951,-35.75207144122557
2602407,Brejão,Pernambuco,26,159.786,-9.028808249999969,-36.53757713370151
2602506,Brejinho,Pernambuco,26,106.066,-7.334648849999951,-37.31063453830776
2602605,Brejo da Madre de Deus,Pernambuco,26,761.824,-8.078028149999966,-36.29822567344442
2602704,Buenos Aires,Pernambuco,26,93.187,-7.7288150999999345,-35.341797363781964
2602803,Buíque,Pernambuco,26,1336.544,-8.687531849999942,-37.133159518767485
2602902,Cabo de Santo Agostinho,Pernambuco,26,445.386,-8.275359649999956,-35.09154473084618
2603009,Cabrobó,Pernambuco,26,1658.616,-8.38706874999994,-39.31294001562159
2603108,Cachoeirinha,Pernambuco,26,179.262,-8.50754379999998,-36.27426169420454
2603207,Caetés,Pernambuco,26,294.946,-8.81542749999997,-36.67074693057744
2603306,Calçado,Pernambuco,26,121.435,-8.733889899999951,-36.33357938859473
2603405,Calumbi,Pernambuco,26,179.314,-8.019100899999955,-38.097989606602574
2603454,Camaragibe,Pernambuco,26,51.321,-7.981284949999946,-34.98743752811754
2603504,Camocim de São Félix,Pernambuco,26,72.01,-8.34067639999995,-35.770200119628996
2603603,Camutanga,Pernambuco,26,39.116,-7.444727749999942,-35.30781575950007
2603702,Canhotinho,Pernambuco,26,422.83,-8.872551299999941,-36.152928083380004
2603801,Capoeiras,Pernambuco,26,337.108,-8.677623699999941,-36.59841844739687
2603900,Carnaíba,Pernambuco,26,432.137,-7.7961524499999655,-37.76431851877463
2603926,Carnaubeira da Penha,Pernambuco,26,1004.248,-8.426862499999942,-38.71658341705603
2604007,Carpina,Pernambuco,26,146.494,-7.826562799999948,-35.25874957712418
2604106,Caruaru,Pernambuco,26,919.069,-8.187537599999956,-36.03406944070715
2604155,Casinhas,Pernambuco,26,116.833,-7.76174814999996,-35.722995735789056
2604205,Catende,Pernambuco,26,208.594,-8.690058799999946,-35.74848122569034
2604304,Cedro,Pernambuco,26,148.746,-7.727158299999957,-39.20110253686414
2604403,Chã de Alegria,Pernambuco,26,49.327,-8.006876949999963,-35.226136667409605
2604502,Chã Grande,Pernambuco,26,84.787,-8.238545999999957,-35.47681050900489
2604601,Condado,Pernambuco,26,89.645,-7.6037249499999575,-35.10244279152913
2604700,Correntes,Pernambuco,26,317.793,-9.121058749999946,-36.33706806862557
2604809,Cortês,Pernambuco,26,103.416,-8.42246524999993,-35.531024344968145
2604908,Cumaru,Pernambuco,26,291.429,-8.029116349999953,-35.71541151121353
2605004,Cupira,Pernambuco,26,95.149,-8.582095349999975,-35.93135888623229
2605103,Custódia,Pernambuco,26,1382.059,-8.14785109999994,-37.663826890122294
2605152,Dormentes,Pernambuco,26,1539.052,-8.48173584999995,-40.60424776961776
2605202,Escada,Pernambuco,26,342.156,-8.366190549999942,-35.26272166919979
2605301,Exu,Pernambuco,26,1336.786,-7.51610249999996,-39.726754594342694
2605400,Feira Nova,Pernambuco,26,107.726,-7.94762044999996,-35.37331464068778
2605459,Fernando de Noronha,Pernambuco,26,18.609,-3.853749799999946,-32.41980180663249
2605509,Ferreiros,Pernambuco,26,92.516,-7.4725048999999615,-35.25603663184222
2605608,Flores,Pernambuco,26,995.558,-7.924804699999953,-37.88562249255473
2605707,Floresta,Pernambuco,26,3637.247,-8.620448549999935,-38.28058638642202
2605806,Frei Miguelinho,Pernambuco,26,213.735,-7.934268049999957,-35.89482039452181
2605905,Gameleira,Pernambuco,26,257.781,-8.617394349999955,-35.380903464855294
2606002,Garanhuns,Pernambuco,26,458.964,-8.93668004999995,-36.5027034588462
2606101,Glória do Goitá,Pernambuco,26,234.486,-8.010343399999954,-35.354199856741786
2606200,Goiana,Pernambuco,26,445.405,-7.588421949999969,-34.950597278167365
2606309,Granito,Pernambuco,26,521.69,-7.789272599999947,-39.6814113270682
2606408,Gravatá,Pernambuco,26,507.36,-8.215283849999963,-35.5785154592961
2606507,Iati,Pernambuco,26,635.137,-9.135194699999971,-36.87796537661751
2606606,Ibimirim,Pernambuco,26,1929.338,-8.579100799999964,-37.61758832032927
2606705,Ibirajuba,Pernambuco,26,189.596,-8.62946864999995,-36.208089608055
2606804,Igarassu,Pernambuco,26,306.879,-7.796001649999965,-34.98096132086542
2606903,Iguaracy,Pernambuco,26,836.046,-7.848820599999954,-37.42541769579981
2607000,Inajá,Pernambuco,26,1240.961,-8.807631499999928,-37.80882173443972
2607109,Ingazeira,Pernambuco,26,243.858,-7.711391849999956,-37.423859485321216
2607208,Ipojuca,Pernambuco,26,521.801,-8.460172949999958,-35.09981330547227
2607307,Ipubi,Pernambuco,26,693.914,-7.496881249999944,-40.21442217153017
2607406,Itacuruba,Pernambuco,26,436.528,-8.769056249999949,-38.75331578181506
2607505,Itaíba,Pernambuco,26,1034.044,-9.019099099999949,-37.26194634497858
2607604,Ilha de Itamaracá,Pernambuco,26,66.146,-7.7522575499999675,-34.85152480307039
2607653,Itambé,Pernambuco,26,304.006,-7.460991899999925,-35.09751875698707
2607703,Itapetim,Pernambuco,26,411.875,-7.384498849999943,-37.15407447349449
2607752,Itapissuma,Pernambuco,26,73.968,-7.745045849999968,-34.90764504286028
2607802,Itaquitinga,Pernambuco,26,162.739,-7.684042799999958,-35.02118234442406
2607901,Jaboatão dos Guararapes,Pernambuco,26,258.724,-8.149030699999969,-35.00188609442371
2607950,Jaqueira,Pernambuco,26,87.208,-8.741520049999963,-35.806864130787254
2608008,Jataúba,Pernambuco,26,714.601,-8.05640269999995,-36.519327704448116
2608057,Jatobá,Pernambuco,26,277.862,-9.216836399999949,-38.21444285483582
2608107,João Alfredo,Pernambuco,26,134.147,-7.854947549999963,-35.598334320182325
2608206,Joaquim Nabuco,Pernambuco,26,122.605,-8.564987449999961,-35.552222459214406
2608255,Jucati,Pernambuco,26,120.167,-8.730247199999951,-36.46624308477081
2608305,Jupi,Pernambuco,26,104.835,-8.720768399999969,-36.396924663888925
2608404,Jurema,Pernambuco,26,148.254,-8.750695699999937,-36.13781215972223
2608453,Lagoa do Carro,Pernambuco,26,69.244,-7.856406549999946,-35.330734031458356
2608503,Lagoa de Itaenga,Pernambuco,26,57.298,-7.907730699999945,-35.29685345504781
2608602,Lagoa do Ouro,Pernambuco,26,199.996,-9.167295749999937,-36.457040489168136
2608701,Lagoa dos Gatos,Pernambuco,26,224.947,-8.67772519999994,-35.89552397299866
2608750,Lagoa Grande,Pernambuco,26,1850.07,-8.803259599999961,-40.23320766077967
2608800,Lajedo,Pernambuco,26,189.096,-8.67406829999996,-36.289585264299234
2608909,Limoeiro,Pernambuco,26,273.733,-7.833784349999945,-35.45310102275929
2609006,Macaparana,Pernambuco,26,108.049,-7.542126499999938,-35.449313303841734
2609105,Machados,Pernambuco,26,58.32,-7.700303299999945,-35.50065497904522
2609154,Manari,Pernambuco,26,386.57,-8.897309149999927,-37.54583391861472
2609204,Maraial,Pernambuco,26,199.865,-8.832043699999957,-35.77216102451656
2609303,Mirandiba,Pernambuco,26,821.676,-8.157167199999947,-38.740554616066305
2609402,Moreno,Pernambuco,26,194.197,-8.150043049999937,-35.15473377993031
2609501,Nazaré da Mata,Pernambuco,26,130.572,-7.742011949999949,-35.23295402103581
2609600,Olinda,Pernambuco,26,41.3,-7.999565799999971,-34.87090220357522
2609709,Orobó,Pernambuco,26,138.362,-7.714680849999951,-35.60851970236859
2609808,Orocó,Pernambuco,26,554.759,-8.454405549999962,-39.61070897051968
2609907,Ouricuri,Pernambuco,26,2381.57,-7.951641799999948,-40.214871782124334
2610004,Palmares,Pernambuco,26,339.388,-8.658144149999941,-35.610127526767045
2610103,Palmeirina,Pernambuco,26,169.012,-8.996508949999964,-36.3106715416706
2610202,Panelas,Pernambuco,26,380.428,-8.66135774999995,-36.07329399253869
2610301,Paranatama,Pernambuco,26,185.371,-8.894862749999959,-36.68725393458664
2610400,Parnamirim,Pernambuco,26,2609.548,-8.163510049999957,-39.719292699365
2610509,Passira,Pernambuco,26,327.21,-8.012302149999954,-35.53556709067346
2610608,Paudalho,Pernambuco,26,269.651,-7.884695699999952,-35.156727711266825
2610707,Paulista,Pernambuco,26,96.932,-7.910213349999935,-34.84186581251832
2610806,Pedra,Pernambuco,26,922.481,-8.674553449999934,-36.90313092160984
2610905,Pesqueira,Pernambuco,26,970.439,-8.429759099999956,-36.64731596027167
2611002,Petrolândia,Pernambuco,26,1056.589,-8.913256399999966,-38.35310559343684
2611101,Petrolina,Pernambuco,26,4561.87,-9.05298869999993,-40.51876891495104
2611200,Poção,Pernambuco,26,205.119,-8.21807444999996,-36.70584724201289
2611309,Pombos,Pernambuco,26,203.105,-8.190804099999951,-35.39447592456318
2611408,Primavera,Pernambuco,26,113.563,-8.343850449999962,-35.37686295722755
2611507,Quipapá,Pernambuco,26,230.617,-8.83168994999997,-36.036767554390195
2611533,Quixaba,Pernambuco,26,210.705,-7.714108149999959,-37.855869936225346
2611606,Recife,Pernambuco,26,218.843,-8.042073099999953,-34.92821919328281
2611705,Riacho das Almas,Pernambuco,26,313.613,-8.08753804999995,-35.896352731124225
2611804,Ribeirão,Pernambuco,26,289.566,-8.519668649999971,-35.350658921636416
2611903,Rio Formoso,Pernambuco,26,227.458,-8.663117899999946,-35.232539649257276
2612000,Sairé,Pernambuco,26,190.455,-8.302622699999944,-35.690128512763465
2612109,Salgadinho,Pernambuco,26,87.217,-7.913005599999963,-35.59694819982761
2612208,Salgueiro,Pernambuco,26,1678.564,-8.07577649999996,-39.19313768266463
2612307,Saloá,Pernambuco,26,251.55,-9.001597799999956,-36.708575509559466
2612406,Sanharó,Pernambuco,26,268.065,-8.367715599999968,-36.55489099941313
2612455,Santa Cruz,Pernambuco,26,1245.983,-8.286230649999965,-40.30623731700801
2612471,Santa Cruz da Baixa Verde,Pernambuco,26,114.931,-7.841524599999957,-38.176596155686994
2612505,Santa Cruz do Capibaribe,Pernambuco,26,335.309,-7.887788149999949,-36.33864587147827
2612554,Santa Filomena,Pernambuco,26,1005.341,-8.212863899999945,-40.57196598337147
2612604,Santa Maria da Boa Vista,Pernambuco,26,3000.774,-8.697343649999937,-39.87881551967925
2612703,Santa Maria do Cambucá,Pernambuco,26,92.148,-7.822536549999967,-35.883077215187456
2612802,Santa Terezinha,Pernambuco,26,200.327,-7.446060299999971,-37.44157748719743
2612901,São Benedito do Sul,Pernambuco,26,160.477,-8.815194799999972,-35.90112017639625
2613008,São Bento do Una,Pernambuco,26,719.193,-8.540139049999937,-36.45593171820322
2613107,São Caitano,Pernambuco,26,382.483,-8.337584049999975,-36.13867067087082
2613206,São João,Pernambuco,26,258.443,-8.886799649999972,-36.381769658214026
2613305,São Joaquim do Monte,Pernambuco,26,224.624,-8.48321114999996,-35.86448082851682
2613404,São José da Coroa Grande,Pernambuco,26,69.184,-8.871603749999963,-35.19040889237111
2613503,São José do Belmonte,Pernambuco,26,1474.086,-7.884889999999928,-38.76305379375539
2613602,São José do Egito,Pernambuco,26,774.037,-7.5357137999999395,-37.28396009784354
2613701,São Lourenço da Mata,Pernambuco,26,263.687,-8.01640434999996,-35.11032672925989
2613800,São Vicente Férrer,Pernambuco,26,112.472,-7.601849499999929,-35.485314180923694
2613909,Serra Talhada,Pernambuco,26,2980.007,-8.058945949999952,-38.35273799263494
2614006,Serrita,Pernambuco,26,1535.19,-7.833668149999966,-39.36315128248453
2614105,Sertânia,Pernambuco,26,2409.511,-8.200232449999959,-37.32509921943514
2614204,Sirinhaém,Pernambuco,26,374.321,-8.58335429999994,-35.172759215568966
2614303,Moreilândia,Pernambuco,26,404.287,-7.615033449999942,-39.49928271356172
2614402,Solidão,Pernambuco,26,138.599,-7.581124199999948,-37.65565852531165
2614501,Surubim,Pernambuco,26,253.296,-7.890987849999959,-35.75320182058694
2614600,Tabira,Pernambuco,26,388.459,-7.579378799999944,-37.51131771511129
2614709,Tacaimbó,Pernambuco,26,227.601,-8.339425199999965,-36.27634459251202
2614808,Tacaratu,Pernambuco,26,1264.532,-8.911982249999966,-38.109220743244535
2614857,Tamandaré,Pernambuco,26,213.75,-8.746116599999965,-35.213114188231074
2615003,Taquaritinga do Norte,Pernambuco,26,475.183,-7.884587849999946,-36.13080553912891
2615102,Terezinha,Pernambuco,26,151.625,-9.073401299999944,-36.62795826258443
2615201,Terra Nova,Pernambuco,26,318.709,-8.151297549999953,-39.38558249541522
2615300,Timbaúba,Pernambuco,26,287.683,-7.521014999999949,-35.31558852649286
2615409,Toritama,Pernambuco,26,25.704,-8.001849249999935,-36.05210933170933
2615508,Tracunhaém,Pernambuco,26,137.321,-7.742209049999957,-35.14216976804197
2615607,Trindade,Pernambuco,26,295.765,-7.703934599999968,-40.29735462411762
2615706,Triunfo,Pernambuco,26,191.518,-7.843437299999948,-38.0771966903724
2615805,Tupanatinga,Pernambuco,26,847.745,-8.673434699999945,-37.33262225055387
2615904,Tuparetama,Pernambuco,26,188.428,-7.697614249999958,-37.274138041755094
2616001,Venturosa,Pernambuco,26,319.102,-8.575633299999936,-36.841812064390254
2616100,Verdejante,Pernambuco,26,476.039,-7.9534411499999464,-38.99080710610203
2616183,Vertente do Lério,Pernambuco,26,73.631,-7.777151499999945,-35.81499870211608
2616209,Vertentes,Pernambuco,26,196.325,-7.884441749999951,-35.96102839356453
2616308,Vicência,Pernambuco,26,227.906,-7.664369599999958,-35.35124077527786
2616407,Vitória de Santo Antão,Pernambuco,26,373.3,-8.163068049999936,-35.28860408829654
2616506,Xexéu,Pernambuco,26,110.815,-8.841293349999944,-35.63859145309696
2700102,Água Branca,Alagoas,27,473.845,-9.250658949999973,-37.88363796574639
2700201,Anadia,Alagoas,27,186.134,-9.66518149999996,-36.309535681575255
2700300,Arapiraca,Alagoas,27,345.655,-9.75842314999997,-36.64325178508618
2700409,Atalaia,Alagoas,27,533.259,-9.496890949999965,-36.08164558438979
2700508,Barra de Santo Antônio,Alagoas,27,131.364,-9.379575499999959,-35.58802698228309
2700607,Barra de São Miguel,Alagoas,27,74.332,-9.811513449999978,-35.955980417690185
2700706,Batalha,Alagoas,27,331.752,-9.70864949999995,-37.11701660846069
2700805,Belém,Alagoas,27,66.629,-9.552439099999958,-36.49719196297862
2700904,Belo Monte,Alagoas,27,322.887,-9.812424049999976,-37.19836284616862
2701001,Boca da Mata,Alagoas,27,192.952,-9.662950549999977,-36.16448522576722
2701100,Branquinha,Alagoas,27,168.048,-9.209712449999927,-36.11133458846351
2701209,Cacimbinhas,Alagoas,27,281.854,-9.45296604999993,-36.92417734120613
2701308,Cajueiro,Alagoas,27,107.168,-9.395956899999959,-36.1596748682406
2701357,Campestre,Alagoas,27,65.019,-8.885922149999942,-35.546264432085266
2701407,Campo Alegre,Alagoas,27,312.726,-9.819521399999957,-36.28475597504881
2701506,Campo Grande,Alagoas,27,170.145,-9.964119199999942,-36.74354103381047
2701605,Canapi,Alagoas,27,599.4,-9.126893399999972,-37.538035467451195
2701704,Capela,Alagoas,27,253.168,-9.344256649999949,-36.058793166431784
2701803,Carneiros,Alagoas,27,111.695,-9.467848849999967,-37.37446329598265
2701902,Chã Preta,Alagoas,27,157.831,-9.243116449999945,-36.2767976040339
2702009,Coité do Nóia,Alagoas,27,88.759,-9.632071449999955,-36.577901211524825
2702108,Colônia Leopoldina,Alagoas,27,201.463,-8.926268049999948,-35.75062128087655
2702207,Coqueiro Seco,Alagoas,27,39.608,-9.640320049999957,-35.801642948149436
2702306,Coruripe,Alagoas,27,897.8,-10.09877494999995,-36.246189742960155
2702355,Craíbas,Alagoas,27,277.617,-9.642211499999974,-36.7839994592203
2702405,Delmiro Gouveia,Alagoas,27,628.547,-9.399374049999949,-38.04332303452472
2702504,Dois Riachos,Alagoas,27,142.364,-9.383499399999948,-37.07271404644622
2702553,Estrela de Alagoas,Alagoas,27,260.772,-9.390253049999956,-36.774713685942615
2702603,Feira Grande,Alagoas,27,175.906,-9.89477169999995,-36.66808367127923
2702702,Feliz Deserto,Alagoas,27,110.062,-10.288792249999943,-36.33020226015003
2702801,Flexeiras,Alagoas,27,333.756,-9.255097749999948,-35.765354510214024
2702900,Girau do Ponciano,Alagoas,27,517.852,-9.792880049999951,-36.83368923419012
2703007,Ibateguara,Alagoas,27,265.312,-8.961608799999965,-35.89760958451653
2703106,Igaci,Alagoas,27,334.346,-9.568861449999957,-36.679479505898996
2703205,Igreja Nova,Alagoas,27,428.023,-10.150135449999965,-36.626372461145
2703304,Inhapi,Alagoas,27,372.019,-9.293591549999945,-37.675504917980234
2703403,Jacaré dos Homens,Alagoas,27,149.332,-9.664577849999944,-37.23643820443195
2703502,Jacuípe,Alagoas,27,209.65,-8.890282399999961,-35.430605585446656
2703601,Japaratinga,Alagoas,27,85.693,-9.092934249999956,-35.29531923798966
2703700,Jaramataia,Alagoas,27,105.416,-9.660300049999933,-37.00344741887807
2703759,Jequiá da Praia,Alagoas,27,334.266,-9.926175849999964,-36.118866363717416
2703809,Joaquim Gomes,Alagoas,27,300.863,-9.072082699999953,-35.78620754800581
2703908,Jundiá,Alagoas,27,88.772,-8.961389749999967,-35.5257050916889
2704005,Junqueiro,Alagoas,27,247.724,-9.874337199999957,-36.411205130805335
2704104,Lagoa da Canoa,Alagoas,27,83.621,-9.794543249999947,-36.73022732905103
2704203,Limoeiro de Anadia,Alagoas,27,309.205,-9.74527649999996,-36.45951511552485
2704302,Maceió,Alagoas,27,509.295,-9.54207379999994,-35.707583159645964
2704401,Major Isidoro,Alagoas,27,437.603,-9.522073849999941,-37.014863091822626
2704500,Maragogi,Alagoas,27,334.165,-8.966991199999967,-35.26541631125177
2704609,Maravilha,Alagoas,27,332.37,-9.243354349999947,-37.39569391027037
2704708,Marechal Deodoro,Alagoas,27,340.987,-9.718582699999956,-35.89749138371143
2704807,Maribondo,Alagoas,27,180.107,-9.553758649999963,-36.29985959138612
2704906,Mar Vermelho,Alagoas,27,91.741,-9.468372849999952,-36.40527255135099
2705002,Mata Grande,Alagoas,27,912.483,-9.032947549999932,-37.721661217371356
2705101,Matriz de Camaragibe,Alagoas,27,238.112,-9.111600499999952,-35.56942183608728
2705200,Messias,Alagoas,27,114.156,-9.345269099999967,-35.80528491927657
2705309,Minador do Negrão,Alagoas,27,167.462,-9.334002549999951,-36.85935495733359
2705408,Monteirópolis,Alagoas,27,86.605,-9.590439449999934,-37.28855664250682
2705507,Murici,Alagoas,27,418.028,-9.276550499999956,-35.933889632146354
2705606,Novo Lino,Alagoas,27,219.327,-8.94602139999995,-35.63741412673576
2705705,Olho d'Água das Flores,Alagoas,27,188.397,-9.532626749999963,-37.285906989735146
2705804,Olho d'Água do Casado,Alagoas,27,327.678,-9.434089099999966,-37.82111425784499
2705903,Olho d'Água Grande,Alagoas,27,115.509,-10.06245309999997,-36.78895271518952
2706000,Olivença,Alagoas,27,174.188,-9.496726849999959,-37.17890821160043
2706109,Ouro Branco,Alagoas,27,196.56,-9.111893299999963,-37.36662115918442
2706208,Palestina,Alagoas,27,38.189,-9.686130849999955,-37.31732051123256
2706307,Palmeira dos Índios,Alagoas,27,450.99,-9.410269099999937,-36.60357316937692
2706406,Pão de Açúcar,Alagoas,27,688.87,-9.664502249999941,-37.49054329070302
2706422,Pariconha,Alagoas,27,254.719,-9.245655249999942,-38.06146835342453
2706448,Paripueira,Alagoas,27,92.813,-9.44277429999994,-35.584145281402016
2706505,Passo de Camaragibe,Alagoas,27,251.169,-9.246595799999966,-35.503233751608555
2706604,Paulo Jacinto,Alagoas,27,118.457,-9.369766199999958,-36.40072686583704
2706703,Penedo,Alagoas,27,688.748,-10.232051449999972,-36.50731737631108
2706802,Piaçabuçu,Alagoas,27,243.686,-10.402237199999945,-36.4181005577915
2706901,Pilar,Alagoas,27,259.646,-9.614678349999963,-36.0144550617684
2707008,Pindoba,Alagoas,27,117.085,-9.47417029999994,-36.28589528247771
2707107,Piranhas,Alagoas,27,403.995,-9.506363199999953,-37.733386003315175
2707206,Poço das Trincheiras,Alagoas,27,284.526,-9.288812699999966,-37.304656000309386
2707305,Porto Calvo,Alagoas,27,313.435,-9.03437274999996,-35.45045602131607
2707404,Porto de Pedras,Alagoas,27,256.564,-9.148880249999962,-35.3858524212609
2707503,Porto Real do Colégio,Alagoas,27,237.017,-10.11543624999996,-36.721415497632336
2707602,Quebrangulo,Alagoas,27,319.829,-9.305881199999959,-36.48036158681113
2707701,Rio Largo,Alagoas,27,293.832,-9.481883099999948,-35.860362273885556
2707800,Roteiro,Alagoas,27,128.838,-9.874354749999952,-35.97118940330438
2707909,Santa Luzia do Norte,Alagoas,27,28.857,-9.610223299999973,-35.8280069583742
2708006,Santana do Ipanema,Alagoas,27,436.087,-9.345428574999971,-37.190357198032096
2708105,Santana do Mundaú,Alagoas,27,232.169,-9.121058749999946,-36.19729539144507
2708204,São Brás,Alagoas,27,138.969,-10.11654809999996,-36.851318400956984
2708303,São José da Laje,Alagoas,27,256.603,-8.988810049999955,-36.032012226412114
2708402,São José da Tapera,Alagoas,27,490.88,-9.529374849999954,-37.46382472877605
2708501,São Luís do Quitunde,Alagoas,27,397.257,-9.23543129999996,-35.646295104779455
2708600,São Miguel dos Campos,Alagoas,27,335.679,-9.778887899999972,-36.10639938589763
2708709,São Miguel dos Milagres,Alagoas,27,76.852,-9.237974149999957,-35.39109432766054
2708808,São Sebastião,Alagoas,27,311.979,-9.95540109999996,-36.55466592052898
2708907,Satuba,Alagoas,27,41.268,-9.579027699999955,-35.851437602419225
2708956,Senador Rui Palmeira,Alagoas,27,338.569,-9.386712599999953,-37.51859665356187
2709004,Tanque d'Arca,Alagoas,27,124.616,-9.566981849999962,-36.42087905586738
2709103,Taquarana,Alagoas,27,153.841,-9.612590749999953,-36.51035134368607
2709152,Teotônio Vilela,Alagoas,27,299.222,-9.957770599999975,-36.36522792418397
2709202,Traipu,Alagoas,27,679.998,-9.883796899999965,-37.02422668409648
2709301,União dos Palmares,Alagoas,27,420.376,-9.12596284999995,-36.00654922766674
2709400,Viçosa,Alagoas,27,365.644,-9.332166499999971,-36.26065158985057
2800100,Amparo do São Francisco,Sergipe,28,35.683,-10.174780499999969,-36.922531013707015
2800209,Aquidabã,Sergipe,28,359.543,-10.269079799999957,-37.04300366344002
2800308,Aracaju,Sergipe,28,182.163,-11.011998549999959,-37.09092359646043
2800407,Arauá,Sergipe,28,198.967,-11.254645299999936,-37.59397685817912
2800506,Areia Branca,Sergipe,28,148.135,-10.78964499999995,-37.32334890165395
2800605,Barra dos Coqueiros,Sergipe,28,92.268,-10.84773649999994,-36.965957576024415
2800670,Boquim,Sergipe,28,205.443,-11.102667399999945,-37.59352113924116
2800704,Brejo Grande,Sergipe,28,141.464,-10.47187674999995,-36.47358695273792
2801009,Campo do Brito,Sergipe,28,201.518,-10.78121589999995,-37.49151504083799
2801108,Canhoba,Sergipe,28,171.581,-10.150068249999975,-37.02342446712123
2801207,Canindé de São Francisco,Sergipe,28,1080.009,-9.729203199999944,-37.88113960163908
2801306,Capela,Sergipe,28,442.21,-10.483760349999955,-37.029566609285375
2801405,Carira,Sergipe,28,638.875,-10.352219899999966,-37.68278611209796
2801504,Carmópolis,Sergipe,28,46.395,-10.668031849999949,-36.96994067875599
2801603,Cedro de São João,Sergipe,28,83.71,-10.273209799999961,-36.895205923908314
2801702,Cristinápolis,Sergipe,28,228.556,-11.48386764999995,-37.7466316253694
2801900,Cumbe,Sergipe,28,128.393,-10.328867749999944,-37.207703380596925
2802007,Divina Pastora,Sergipe,28,90.508,-10.679479499999957,-37.154635194875695
2802106,Estância,Sergipe,28,647.344,-11.255743399999943,-37.41500190314499
2802205,Feira Nova,Sergipe,28,185.219,-10.296994299999938,-37.31258083704863
2802304,Frei Paulo,Sergipe,28,399.178,-10.507634449999955,-37.6147323256534
2802403,Gararu,Sergipe,28,661.622,-10.03218684999996,-37.08514389313357
2802502,General Maynard,Sergipe,28,19.793,-10.69428204999997,-36.96969396228752
2802601,Graccho Cardoso,Sergipe,28,243.803,-10.238861199999945,-37.205392307609934
2802700,Ilha das Flores,Sergipe,28,52.693,-10.456949399999957,-36.55776135795424
2802809,Indiaroba,Sergipe,28,316.316,-11.47261839999996,-37.51538976056497
2802908,Itabaiana,Sergipe,28,337.348,-10.698708699999969,-37.40372273923853
2803005,Itabaianinha,Sergipe,28,501.794,-11.271874599999933,-37.79901764464082
2803104,Itabi,Sergipe,28,183.422,-10.100158549999975,-37.14065018956124
2803203,Itaporanga d'Ajuda,Sergipe,28,739.702,-11.057640999999961,-37.30448162683168
2803302,Japaratuba,Sergipe,28,365.677,-10.53638024999995,-36.90051549788576
2803401,Japoatã,Sergipe,28,402.353,-10.43697204999998,-36.79257625514495
2803500,Lagarto,Sergipe,28,968.921,-10.881985949999944,-37.663570656744184
2803609,Laranjeiras,Sergipe,28,162.273,-10.80406034999993,-37.1797066561341
2803708,Macambira,Sergipe,28,137.496,-10.66090829999996,-37.591130227059494
2803807,Malhada dos Bois,Sergipe,28,63.199,-10.33054514999995,-36.93967045504657
2803906,Malhador,Sergipe,28,101.888,-10.670935299999968,-37.27971094278813
2804003,Maruim,Sergipe,28,95.554,-10.720904049999945,-37.10716392918447
2804102,Moita Bonita,Sergipe,28,95.397,-10.598083999999972,-37.34103739858398
2804201,Monte Alegre de Sergipe,Sergipe,28,387.352,-10.06573494999995,-37.60856079569224
2804300,Muribeca,Sergipe,28,74.31,-10.376586699999962,-36.95613159045018
2804409,Neópolis,Sergipe,28,271.323,-10.375869149999943,-36.63965613366078
2804458,Nossa Senhora Aparecida,Sergipe,28,340.856,-10.351187399999958,-37.49534693379706
2804508,Nossa Senhora da Glória,Sergipe,28,754.959,-10.184878649999945,-37.55475062407266
2804607,Nossa Senhora das Dores,Sergipe,28,482.367,-10.460987499999959,-37.214575889201704
2804706,Nossa Senhora de Lourdes,Sergipe,28,83.767,-10.079836149999949,-37.020967016031115
2804805,Nossa Senhora do Socorro,Sergipe,28,155.019,-10.873336399999943,-37.15819236010442
2804904,Pacatuba,Sergipe,28,381.428,-10.515098799999947,-36.60834769726284
2805000,Pedra Mole,Sergipe,28,82.184,-10.62491794999994,-37.68555134484217
2805109,Pedrinhas,Sergipe,28,33.344,-11.205178399999966,-37.64299090500663
2805208,Pinhão,Sergipe,28,156.4,-10.576078449999955,-37.76340718640797
2805307,Pirambu,Sergipe,28,208.681,-10.658979499999958,-36.81387252762005
2805406,Poço Redondo,Sergipe,28,1074.584,-9.848263549999956,-37.69792150391855
2805505,Poço Verde,Sergipe,28,441.326,-10.821840349999945,-38.16516053572211
2805604,Porto da Folha,Sergipe,28,878.044,-9.905054899999953,-37.39680670109371
2805703,Propriá,Sergipe,28,96.32,-10.237319449999944,-36.79662845047753
2805802,Riachão do Dantas,Sergipe,28,530.607,-11.018793499999958,-37.80823896259494
2805901,Riachuelo,Sergipe,28,78.308,-10.726408349999957,-37.238423050445355
2806008,Ribeirópolis,Sergipe,28,259.056,-10.494780449999979,-37.436913014502565
2806107,Rosário do Catete,Sergipe,28,102.683,-10.681490449999956,-37.04992888200002
2806206,Salgado,Sergipe,28,247.579,-11.06505249999995,-37.4688542786828
2806305,Santa Luzia do Itanhy,Sergipe,28,325.258,-11.37076129999997,-37.50591552678635
2806404,Santana do São Francisco,Sergipe,28,44.017,-10.28700109999994,-36.637689963083346
2806503,Santa Rosa de Lima,Sergipe,28,67.672,-10.632306999999969,-37.23390400397432
2806602,Santo Amaro das Brotas,Sergipe,28,236.965,-10.78608964999998,-37.00651331758968
2806701,São Cristóvão,Sergipe,28,438.037,-10.968790599999949,-37.2134320999475
2806800,São Domingos,Sergipe,28,101.999,-10.769611599999962,-37.586300629713584
2806909,São Francisco,Sergipe,28,83.985,-10.332241199999942,-36.866620580706794
2807006,São Miguel do Aleixo,Sergipe,28,139.946,-10.388338799999957,-37.376053966755535
2807105,Simão Dias,Sergipe,28,560.199,-10.74037809999993,-37.819235057321556
2807204,Siriri,Sergipe,28,168.343,-10.560601199999951,-37.125858791817336
2807303,Telha,Sergipe,28,47.86,-10.187211499999933,-36.88732100758704
2807402,Tobias Barreto,Sergipe,28,1024.645,-11.081442899999928,-37.972462436859075
2807501,Tomar do Geru,Sergipe,28,304.837,-11.376022249999977,-37.8743409287303
2807600,Umbaúba,Sergipe,28,117.514,-11.394002849999964,-37.66359366764191
2900108,Abaíra,Bahia,29,538.677,-13.298356149999933,-41.751575549257566
2900207,Abaré,Bahia,29,1604.923,-8.852841849999947,-39.30282240749541
2900306,Acajutiba,Bahia,29,181.475,-11.67544744999995,-37.986997945062534
2900355,Adustina,Bahia,29,629.1,-10.576912999999962,-38.02280284880534
2900405,Água Fria,Bahia,29,742.775,-11.821845349999961,-38.72129518747637
2900504,Érico Cardoso,Bahia,29,735.249,-13.425444899999945,-42.0655484146447
2900603,Aiquara,Bahia,29,167.877,-14.097000699999967,-39.88143109212777
2900702,Alagoinhas,Bahia,29,707.836,-12.106156049999953,-38.36244104420336
2900801,Alcobaça,Bahia,29,1477.929,-17.468929299999928,-39.399245140762226
2900900,Almadina,Bahia,29,245.236,-14.69529474999996,-39.67141397969898
2901007,Amargosa,Bahia,29,431.655,-13.033270949999974,-39.64985134599918
2901106,Amélia Rodrigues,Bahia,29,166.872,-12.438615199999958,-38.71620949952879
2901155,América Dourada,Bahia,29,822.373,-11.399751399999928,-41.52447138204817
2901205,Anagé,Bahia,29,1899.683,-14.608285399999943,-40.887440158943825
2901304,Andaraí,Bahia,29,1590.316,-12.793746749999968,-41.313998941268494
2901353,Andorinha,Bahia,29,1362.386,-10.256646999999958,-39.887038489775904
2901403,Angical,Bahia,29,1530.05,-11.96016629999994,-44.66857552553708
2901502,Anguera,Bahia,29,187.84,-12.17923769999993,-39.234485835903484
2901601,Antas,Bahia,29,326.36,-10.373380649999973,-38.29992061916286
2901700,Antônio Cardoso,Bahia,29,293.53,-12.383852799999971,-39.15421096839587
2901809,Antônio Gonçalves,Bahia,29,345.284,-10.606926299999941,-40.23938968506744
2901908,Aporá,Bahia,29,479.262,-11.750609049999952,-38.201687337597676
2901957,Apuarema,Bahia,29,150.83,-13.811949449999958,-39.74616918354991
2902005,Aracatu,Bahia,29,1489.803,-14.329409399999946,-41.3741603881856
2902054,Araçás,Bahia,29,474.577,-12.144609049999957,-38.203497301963154
2902104,Araci,Bahia,29,1496.245,-11.240344649999969,-39.06612863236424
2902203,Aramari,Bahia,29,368.947,-12.063473849999951,-38.5095721391784
2902252,Arataca,Bahia,29,435.962,-15.232825799999972,-39.39400665541217
2902302,Aratuípe,Bahia,29,174.012,-13.091197849999958,-39.05864335911583
2902401,Aurelino Leal,Bahia,29,445.394,-14.363472349999938,-39.50733085046096
2902500,Baianópolis,Bahia,29,3320.723,-12.674305049999958,-44.424509068691776
2902609,Baixa Grande,Bahia,29,967.514,-11.982245899999953,-40.14857725658565
2902658,Banzaê,Bahia,29,409.507,-10.60332239999994,-38.64784192529021
2902708,Barra,Bahia,29,11428.112,-11.08390929999996,-43.52396295417643
2902807,Barra da Estiva,Bahia,29,1657.413,-13.680782999999934,-40.91835905264275
2902906,Barra do Choça,Bahia,29,765.936,-14.91633029999997,-40.57370485161043
2903003,Barra do Mendes,Bahia,29,1436.299,-12.00292934999996,-42.079115433372245
2903102,Barra do Rocha,Bahia,29,214.411,-14.075721749999957,-39.566386824234414
2903201,Barreiras,Bahia,29,8051.274,-12.013342849999958,-45.30700564559415
2903235,Barro Alto,Bahia,29,414.51,-11.847681799999975,-41.86732780572805
2903276,Barrocas,Bahia,29,207.297,-11.525917449999952,-39.10203024951461
2903300,Barro Preto,Bahia,29,201.585,-14.774398199999979,-39.45844447417116
2903409,Belmonte,Bahia,29,1939.447,-15.949527899999964,-39.180879852772705
2903508,Belo Campo,Bahia,29,772.756,-14.960567999999938,-41.187323168793185
2903607,Biritinga,Bahia,29,553.762,-11.570469749999972,-38.788174845865896
2903706,Boa Nova,Bahia,29,848.857,-14.372281649999934,-40.25624301152774
2903805,Boa Vista do Tupim,Bahia,29,2972.109,-12.742598249999958,-40.61815922978552
2903904,Bom Jesus da Lapa,Bahia,29,4115.51,-13.28296604999997,-43.179773034204146
2903953,Bom Jesus da Serra,Bahia,29,467.909,-14.38135399999996,-40.57294088793145
2904001,Boninal,Bahia,29,896.857,-12.826243549999958,-41.703818114752394
2904050,Bonito,Bahia,29,791.276,-11.969278549999956,-41.32226103889056
2904100,Boquira,Bahia,29,1426.233,-12.726161049999945,-42.69442411133763
2904209,Botuporã,Bahia,29,627.612,-13.305897699999974,-42.55353329725361
2904308,Brejões,Bahia,29,518.566,-13.069409899999954,-39.851509639249755
2904407,Brejolândia,Bahia,29,2247.208,-12.468599599999948,-43.83150791582702
2904506,Brotas de Macaúbas,Bahia,29,2520.817,-12.105640649999941,-42.37969251298446
2904605,Brumado,Bahia,29,2207.612,-14.212454849999943,-41.75793374857021
2904704,Buerarema,Bahia,29,219.487,-14.996497149999954,-39.28089505152555
2904753,Buritirama,Bahia,29,4046.736,-10.572032349999944,-43.7242732798078
2904803,Caatiba,Bahia,29,512.436,-14.980662799999976,-40.36752119954434
2904852,Cabaceiras do Paraguaçu,Bahia,29,222.027,-12.576005549999962,-39.23092604017381
2904902,Cachoeira,Bahia,29,394.894,-12.677188049999927,-38.877905533841016
2905008,Caculé,Bahia,29,610.983,-14.491175599999963,-42.25067847940886
2905107,Caém,Bahia,29,540.908,-11.136669299999937,-40.272887572809104
2905156,Caetanos,Bahia,29,767.146,-14.303109999999975,-40.896585303535446
2905206,Caetité,Bahia,29,2651.536,-13.985926449999937,-42.51551810218258
2905305,Cafarnaum,Bahia,29,643.66,-11.713574549999976,-41.48460340799383
2905404,Cairu,Bahia,29,448.846,-13.523786899999948,-39.00968433322302
2905503,Caldeirão Grande,Bahia,29,458.312,-11.036306645499963,-40.250514800211974
2905602,Camacan,Bahia,29,584.848,-15.441543999999965,-39.48042895857936
2905701,Camaçari,Bahia,29,785.421,-12.666820349999966,-38.22509507448406
2905800,Camamu,Bahia,29,839.702,-14.00187834999997,-39.17247022142854
2905909,Campo Alegre de Lourdes,Bahia,29,2914.575,-9.544739049999947,-43.17444225510047
2906006,Campo Formoso,Bahia,29,7161.827,-10.260051149999953,-40.712920272603256
2906105,Canápolis,Bahia,29,460.388,-13.099779299999966,-44.21634691785359
2906204,Canarana,Bahia,29,579.726,-11.761911399999946,-41.70791058774013
2906303,Canavieiras,Bahia,29,1334.284,-15.61092384999995,-39.081881175813834
2906402,Candeal,Bahia,29,447.578,-11.879514849999964,-39.18580400725285
2906501,Candeias,Bahia,29,251.808,-12.690182699999951,-38.49251765144891
2906600,Candiba,Bahia,29,433.642,-14.429281899999978,-42.84603086155177
2906709,Cândido Sales,Bahia,29,1169.814,-15.332606999999939,-41.28066489999996
2906808,Cansanção,Bahia,29,1351.891,-10.769504399999931,-39.575319395597575
2906824,Canudos,Bahia,29,3565.377,-10.003241499999945,-39.02052040954679
2906857,Capela do Alto Alegre,Bahia,29,629.586,-11.65176084999996,-39.832366173745896
2906873,Capim Grosso,Bahia,29,464.776,-11.297111999999942,-39.961554380518706
2906899,Caraíbas,Bahia,29,805.629,-14.632351299999954,-41.300118952464686
2906907,Caravelas,Bahia,29,2377.889,-17.633778899999953,-39.74500946253697
2907004,Cardeal da Silva,Bahia,29,293.456,-12.044494399999962,-37.93866538718797
2907103,Carinhanha,Bahia,29,2525.906,-14.025732349999942,-43.87103560125
2907202,Casa Nova,Bahia,29,9647.072,-9.236810099999957,-41.26260094519092
2907301,Castro Alves,Bahia,29,713.789,-12.724254849999966,-39.36783030770843
2907400,Catolândia,Bahia,29,702.504,-12.276116599999938,-44.71867727335548
2907509,Catu,Bahia,29,426.955,-12.325431149999957,-38.40416440469568
2907558,Caturama,Bahia,29,716.261,-13.230761499999943,-42.31332463734309
2907608,Central,Bahia,29,566.974,-11.141373749999957,-42.12256485680944
2907707,Chorrochó,Bahia,29,3005.319,-9.188471149999941,-39.220126029459635
2907806,Cícero Dantas,Bahia,29,817.023,-10.503993399999956,-38.43848539876676
2907905,Cipó,Bahia,29,168.33,-11.094126699999947,-38.5194877006089
2908002,Coaraci,Bahia,29,274.5,-14.665980049999945,-39.56667283135082
2908101,Cocos,Bahia,29,10140.572,-14.54475869999996,-45.264314047365175
2908200,Conceição da Feira,Bahia,29,164.798,-12.50441664999994,-38.98304462882679
2908309,Conceição do Almeida,Bahia,29,284.836,-12.857549699999964,-39.2551016908421
2908408,Conceição do Coité,Bahia,29,1015.251,-11.517751199999964,-39.25675191751206
2908507,Conceição do Jacuípe,Bahia,29,114.869,-12.32716764999995,-38.73477453996362
2908606,Conde,Bahia,29,931.106,-11.86426949999995,-37.67267592667229
2908705,Condeúba,Bahia,29,1348.039,-14.923548699999941,-42.07903185934387
2908804,Contendas do Sincorá,Bahia,29,977.455,-13.829267449999946,-41.10176354288125
2908903,Coração de Maria,Bahia,29,378.42,-12.217281199999945,-38.765710075030796
2909000,Cordeiros,Bahia,29,523.64,-15.031474149999951,-41.89583626625324
2909109,Coribe,Bahia,29,2662.819,-13.778739499999944,-44.39758216293359
2909208,Coronel João Sá,Bahia,29,797.434,-10.286125649999946,-37.91287146996187
2909307,Correntina,Bahia,29,11504.314,-13.499591499999951,-45.36809595081512
2909406,Cotegipe,Bahia,29,4282.775,-11.73699179999997,-44.401225470519435
2909505,Cravolândia,Bahia,29,182.585,-13.428342699999973,-39.78407814020609
2909604,Crisópolis,Bahia,29,636.609,-11.49914309999997,-38.16377874984442
2909703,Cristópolis,Bahia,29,1052.837,-12.179282399999948,-44.26344533016266
2909802,Cruz das Almas,Bahia,29,139.117,-12.686053649999934,-39.114179601395165
2909901,Curaçá,Bahia,29,5950.614,-9.188134649999967,-39.62520071202272
2910008,Dário Meira,Bahia,29,413.637,-14.391613699999965,-39.931098864718905
2910057,Dias d'Ávila,Bahia,29,183.759,-12.606404899999944,-38.33778284784427
2910107,Dom Basílio,Bahia,29,689.516,-13.831342799999959,-41.728026395781875
2910206,Dom Macedo Costa,Bahia,29,94.778,-12.907589649999949,-39.181731991984265
2910305,Elísio Medrado,Bahia,29,179.329,-12.937938749999944,-39.53134553193038
2910404,Encruzilhada,Bahia,29,1890.133,-15.534886299999954,-40.9379935432856
2910503,Entre Rios,Bahia,29,1187.766,-12.095525799999933,-38.09878490851423
2910602,Esplanada,Bahia,29,1299.355,-11.957966249999942,-37.842767360586734
2910701,Euclides da Cunha,Bahia,29,2025.368,-10.466961249999969,-38.893916073013415
2910727,Eunápolis,Bahia,29,1425.97,-16.31230574999995,-39.63222667855958
2910750,Fátima,Bahia,29,368.342,-10.601588349999929,-38.204140642786356
2910776,Feira da Mata,Bahia,29,1176.111,-14.105741949999953,-44.230171591542046
2910800,Feira de Santana,Bahia,29,1304.425,-12.199966449999948,-38.981189507656936
2910859,Filadélfia,Bahia,29,579.686,-10.734190699999942,-40.14270729779374
2910909,Firmino Alves,Bahia,29,172.353,-14.923305699999958,-39.91081779685609
2911006,Floresta Azul,Bahia,29,321.013,-14.845160249999964,-39.72142362032144
2911105,Formosa do Rio Preto,Bahia,29,15634.328,-10.857197149999934,-45.654836498861094
2911204,Gandu,Bahia,29,229.661,-13.801584999999932,-39.48467828346374
2911253,Gavião,Bahia,29,384.592,-11.493052599999942,-39.72412747414056
2911303,Gentio do Ouro,Bahia,29,3817.946,-11.38840714999995,-42.58993076454726
2911402,Glória,Bahia,29,1566.609,-9.240294249999948,-38.438921918663695
2911501,Gongogi,Bahia,29,202.194,-14.277038699999963,-39.56544817818501
2911600,Governador Mangabeira,Bahia,29,106.848,-12.587939899999952,-39.08740755059115
2911659,Guajeru,Bahia,29,872.867,-14.579565749999944,-42.00894224358663
2911709,Guanambi,Bahia,29,1272.366,-14.189148999999958,-42.780930566901176
2911808,Guaratinga,Bahia,29,2189.404,-16.512497449999955,-39.94699694054276
2911857,Heliópolis,Bahia,29,314.669,-10.73646919999996,-38.29497383615094
2911907,Iaçu,Bahia,29,2342.497,-12.80193479999997,-40.14569652695646
2912004,Ibiassucê,Bahia,29,483.274,-14.282032599999951,-42.30349245920059
2912103,Ibicaraí,Bahia,29,230.953,-14.848968199999945,-39.5567694580229
2912202,Ibicoara,Bahia,29,817.355,-13.373850649999952,-41.298094913694484
2912301,Ibicuí,Bahia,29,1139.378,-14.661181799999952,-39.82175061479239
2912400,Ibipeba,Bahia,29,1382.008,-11.533643899999959,-42.2141515174072
2912509,Ibipitanga,Bahia,29,954.373,-12.868035899999938,-42.361031956086194
2912608,Ibiquera,Bahia,29,698.245,-12.621888999999953,-40.888847251742575
2912707,Ibirapitanga,Bahia,29,472.664,-14.058620999999931,-39.41806947825363
2912806,Ibirapuã,Bahia,29,771.098,-17.739558049999943,-40.036425475861314
2912905,Ibirataia,Bahia,29,318.129,-13.99465994999997,-39.61831131891598
2913002,Ibitiara,Bahia,29,1834.002,-12.553050549999938,-42.32603814552916
2913101,Ibititá,Bahia,29,573.033,-11.561678699999959,-41.93705681042456
2913200,Ibotirama,Bahia,29,1740.113,-11.97110184999994,-43.250914637556335
2913309,Ichu,Bahia,29,138.016,-11.715689899999944,-39.15108229397207
2913408,Igaporã,Bahia,29,836.586,-13.833649199999968,-42.68321506296418
2913457,Igrapiúna,Bahia,29,591.312,-13.884173749999974,-39.19213631209823
2913507,Iguaí,Bahia,29,860.223,-14.64884884999995,-40.064592537877864
2913606,Ilhéus,Bahia,29,1588.555,-14.765859149999955,-39.15158104007158
2913705,Inhambupe,Bahia,29,1082.283,-11.763718549999936,-38.421731067824666
2913804,Ipecaetá,Bahia,29,372.565,-12.309273549999943,-39.337884595915476
2913903,Ipiaú,Bahia,29,280.454,-14.038190099999952,-39.73045640954263
2914000,Ipirá,Bahia,29,3105.28,-12.216248299999961,-39.76932360555631
2914109,Ipupiara,Bahia,29,1055.76,-11.837303249999962,-42.513863566224416
2914208,Irajuba,Bahia,29,459.047,-13.225404599999962,-40.036649037059604
2914307,Iramaia,Bahia,29,1708.115,-13.540175899999952,-40.88352035266713
2914406,Iraquara,Bahia,29,991.822,-12.260479949999961,-41.590999012322875
2914505,Irará,Bahia,29,267.88,-12.053627449999965,-38.76009781959465
2914604,Irecê,Bahia,29,319.174,-11.295940999999942,-41.83749066128172
2914653,Itabela,Bahia,29,924.914,-16.666090349999962,-39.549099587639404
2914703,Itaberaba,Bahia,29,2386.39,-12.523604449999937,-40.19779576650861
2914802,Itabuna,Bahia,29,401.028,-14.861869699999971,-39.289075234872655
2914901,Itacaré,Bahia,29,726.265,-14.352880999999968,-39.16008327709393
2915007,Itaeté,Bahia,29,1331.822,-13.093833099999955,-40.977732913719464
2915106,Itagi,Bahia,29,310.621,-14.169062249999968,-40.044352105881615
2915205,Itagibá,Bahia,29,810.994,-14.244809299999957,-39.835310847455105
2915304,Itagimirim,Bahia,29,876.8,-16.127051199999954,-39.71119881608672
2915353,Itaguaçu da Bahia,Bahia,29,4310.238,-10.737675499999938,-42.10879787554866
2915403,Itaju do Colônia,Bahia,29,1225.287,-15.160888749999941,-39.72605559437953
2915502,Itajuípe,Bahia,29,270.752,-14.657225749999952,-39.43766619002909
2915601,Itamaraju,Bahia,29,2360.584,-16.98571789999997,-39.776530201759584
2915700,Itamari,Bahia,29,143.479,-13.779967099999965,-39.67413471894301
2915809,Itambé,Bahia,29,1534.575,-15.15911799999995,-40.44520706554673
2915908,Itanagra,Bahia,29,533.634,-12.298438749999946,-38.027559514697955
2916005,Itanhém,Bahia,29,1394.174,-17.08046539999995,-40.36809913488536
2916104,Itaparica,Bahia,29,121.373,-12.87037019999994,-38.668981354079904
2916203,Itapé,Bahia,29,453.144,-14.95798229999997,-39.520141284315145
2916302,Itapebi,Bahia,29,1013.074,-15.917988899999955,-39.70738790056251
2916401,Itapetinga,Bahia,29,1651.158,-15.316127299999977,-40.09802638259774
2916500,Itapicuru,Bahia,29,1557.685,-11.192174799999947,-38.21566359308858
2916609,Itapitanga,Bahia,29,420.663,-14.465571749999953,-39.613989805081125
2916708,Itaquara,Bahia,29,344.093,-13.438989199999952,-39.92055477135854
2916807,Itarantim,Bahia,29,1674.029,-15.683003749999955,-40.059725669245786
2916856,Itatim,Bahia,29,547.51,-12.723442149999954,-39.72921572239011
2916906,Itiruçu,Bahia,29,322.243,-13.502715899999941,-40.14757665331443
2917003,Itiúba,Bahia,29,1650.593,-10.692756149999951,-39.85826550629359
2917102,Itororó,Bahia,29,313.839,-15.037668149999945,-40.00153514807114
2917201,Ituaçu,Bahia,29,1199.374,-13.87630594999996,-41.364258144849856
2917300,Ituberá,Bahia,29,415.428,-13.74934209999995,-39.21852567982015
2917334,Iuiu,Bahia,29,1525.142,-14.48777169999994,-43.545586498805534
2917359,Jaborandi,Bahia,29,9955.113,-14.135773399999948,-45.69583840742952
2917409,Jacaraci,Bahia,29,1332.42,-14.805447449999946,-42.287975234195656
2917508,Jacobina,Bahia,29,2192.905,-11.081049199999967,-40.65835738086052
2917607,Jaguaquara,Bahia,29,924.512,-13.550768749999946,-39.97852682455094
2917706,Jaguarari,Bahia,29,2466.009,-10.055890699999935,-40.109565660519195
2917805,Jaguaripe,Bahia,29,863.424,-13.08813829999994,-38.87893734573842
2917904,Jandaíra,Bahia,29,640.772,-11.607131649999957,-37.62257883323093
2918001,Jequié,Bahia,29,2969.039,-13.948500999999965,-40.24105313860268
2918100,Jeremoabo,Bahia,29,4267.488,-9.984744599999942,-38.48548005107827
2918209,Jiquiriçá,Bahia,29,238.66,-13.327183499999961,-39.582734401272916
2918308,Jitaúna,Bahia,29,262.05,-13.953792499999963,-39.873476687469974
2918357,João Dourado,Bahia,29,913.258,-11.210107349999959,-41.561353590639385
2918407,Juazeiro,Bahia,29,6721.237,-9.513882949999953,-40.30795596579574
2918456,Jucuruçu,Bahia,29,1457.656,-16.877710599999972,-40.13217786363249
2918506,Jussara,Bahia,29,1355.173,-10.939733499999932,-41.90905824868927
2918555,Jussari,Bahia,29,329.19,-15.149804299999943,-39.511692526789574
2918605,Jussiape,Bahia,29,589.763,-13.496592699999951,-41.602485260917035
2918704,Lafaiete Coutinho,Bahia,29,498.11,-13.62315529999995,-40.29051777003981
2918753,Lagoa Real,Bahia,29,912.222,-14.031252949999953,-42.23515075345885
2918803,Laje,Bahia,29,449.834,-13.181950099999938,-39.383492700988654
2918902,Lajedão,Bahia,29,624.353,-17.564849299999963,-40.325203016860456
2919009,Lajedinho,Bahia,29,846.728,-12.382462249999946,-40.9663776160713
2919058,Lajedo do Tabocal,Bahia,29,382.936,-13.447442449999954,-40.26174835201002
2919108,Lamarão,Bahia,29,189.259,-11.79810464999997,-38.92165232555443
2919157,Lapão,Bahia,29,642.882,-11.518945899999949,-41.759333618259454
2919207,Lauro de Freitas,Bahia,29,57.942,-12.860218899999978,-38.32230271199877
2919306,Lençóis,Bahia,29,1283.328,-12.430342349999961,-41.30230396405943
2919405,Licínio de Almeida,Bahia,29,856.626,-14.613053749999949,-42.445142647677784
2919504,Livramento de Nossa Senhora,Bahia,29,1952.51,-13.800207749999942,-42.06162951610948
2919553,Luís Eduardo Magalhães,Bahia,29,4036.094,-12.198608199999939,-46.04774188842177
2919603,Macajuba,Bahia,29,701.171,-12.114133499999951,-40.25857971806355
2919702,Macarani,Bahia,29,1210.106,-15.538799599999976,-40.380792088844366
2919801,Macaúbas,Bahia,29,2459.102,-13.173231349999952,-42.67185630722379
2919900,Macururé,Bahia,29,2545.856,-9.261502649999954,-38.865422356452285
2919926,Madre de Deus,Bahia,29,32.201,-12.741160599999944,-38.64016733335622
2919959,Maetinga,Bahia,29,614.834,-14.66923264999997,-41.495956611564274
2920007,Maiquinique,Bahia,29,588.297,-15.65030564999995,-40.25685077786464
2920106,Mairi,Bahia,29,906.68,-11.718893299999962,-40.13395236993762
2920205,Malhada,Bahia,29,1979.193,-14.129371999999961,-43.57472635554737
2920304,Malhada de Pedras,Bahia,29,550.55,-14.359524049999948,-41.846268134471686
2920403,Manoel Vitorino,Bahia,29,2201.764,-14.069464849999946,-40.5025857001492
2920452,Mansidão,Bahia,29,3129.588,-11.041435799999931,-44.09497990274784
2920502,Maracás,Bahia,29,2413.27,-13.535999799999956,-40.536721690618336
2920601,Maragogipe,Bahia,29,437.61,-12.825701549999934,-38.96574998959444
2920700,Maraú,Bahia,29,848.885,-14.081462349999953,-38.973050685510664
2920809,Marcionílio Souza,Bahia,29,1099.283,-13.15468944999995,-40.67788786528024
2920908,Mascote,Bahia,29,742.689,-15.65306229999996,-39.427949325526384
2921005,Mata de São João,Bahia,29,605.168,-12.491572499999961,-38.312294355199114
2921054,Matina,Bahia,29,773.28,-13.854819099999958,-42.95890999262657
2921104,Medeiros Neto,Bahia,29,1311.739,-17.364466049999947,-40.29959020293036
2921203,Miguel Calmon,Bahia,29,1599.672,-11.422235349999966,-40.596079198427134
2921302,Milagres,Bahia,29,420.357,-12.883102099999945,-39.79396365556107
2921401,Mirangaba,Bahia,29,1751.778,-10.819682549999953,-40.63831648322951
2921450,Mirante,Bahia,29,1172.861,-14.121919799999944,-40.85443706274303
2921500,Monte Santo,Bahia,29,3034.197,-10.380583049999956,-39.44407827673875
2921609,Morpará,Bahia,29,2093.872,-11.751739349999951,-43.01220934968954
2921708,Morro do Chapéu,Bahia,29,5744.969,-11.375383049999954,-41.13797613654017
2921807,Mortugaba,Bahia,29,528.214,-14.968434599999966,-42.352224664527256
2921906,Mucugê,Bahia,29,2462.153,-13.067106799999948,-41.47238092673629
2922003,Mucuri,Bahia,29,1787.626,-18.039460849999955,-39.82492734740628
2922052,Mulungu do Morro,Bahia,29,646.621,-12.00049089999996,-41.54181309359807
2922102,Mundo Novo,Bahia,29,1491.99,-11.871025199999963,-40.47119460347771
2922201,Muniz Ferreira,Bahia,29,104.54,-13.006464749999964,-39.09371837657521
2922250,Muquém do São Francisco,Bahia,29,3852.111,-12.212565299999966,-43.57899868278784
2922300,Muritiba,Bahia,29,86.312,-12.620581849999951,-39.12619448129027
2922409,Mutuípe,Bahia,29,275.854,-13.326451499999962,-39.50520459377026
2922508,Nazaré,Bahia,29,278.629,-12.946435349999945,-38.9721056241176
2922607,Nilo Peçanha,Bahia,29,388.936,-13.650129199999952,-39.091277860391514
2922656,Nordestina,Bahia,29,465.407,-10.879134099999959,-39.457321610662724
2922706,Nova Canaã,Bahia,29,804.617,-14.85080524999995,-40.16435708532681
2922730,Nova Fátima,Bahia,29,346.784,-11.604975349999961,-39.65033353517426
2922755,Nova Ibiá,Bahia,29,203.198,-13.819664799999941,-39.5985051338386
2922805,Nova Itarana,Bahia,29,475.381,-13.045114449999971,-40.081186301123985
2922854,Nova Redenção,Bahia,29,565.356,-12.772771749999947,-41.07729441458332
2922904,Nova Soure,Bahia,29,966.993,-11.32039389999997,-38.577135427181695
2923001,Nova Viçosa,Bahia,29,1316.379,-17.88725969999996,-39.689386255243946
2923035,Novo Horizonte,Bahia,29,627.5,-12.866945699999945,-42.121624048734304
2923050,Novo Triunfo,Bahia,29,299.125,-10.369648799999965,-38.42971682245119
2923100,Olindina,Bahia,29,637.317,-11.444901249999958,-38.37832441963402
2923209,Oliveira dos Brejinhos,Bahia,29,3313.418,-12.255354199999942,-42.77070313797748
2923308,Ouriçangas,Bahia,29,156.982,-12.009317899999928,-38.663688263060195
2923357,Ourolândia,Bahia,29,1544.988,-10.834029749999956,-41.18245153786458
2923407,Palmas de Monte Alto,Bahia,29,2560.027,-14.195758149999932,-43.21105721394175
2923506,Palmeiras,Bahia,29,737.454,-12.533960949999965,-41.57608912710799
2923605,Paramirim,Bahia,29,1087.061,-13.497299399999974,-42.28713888052633
2923704,Paratinga,Bahia,29,2624.998,-12.745730699999939,-43.05353000940528
2923803,Paripiranga,Bahia,29,442.186,-10.599177599999962,-37.87307738375506
2923902,Pau Brasil,Bahia,29,626.306,-15.459782949999948,-39.71527855329029
2924009,Paulo Afonso,Bahia,29,1544.388,-9.532616299999944,-38.25318803120058
2924058,Pé de Serra,Bahia,29,596.771,-11.892751649999951,-39.62082861312604
2924108,Pedrão,Bahia,29,158.488,-12.124506399999945,-38.63440728488969
2924207,Pedro Alexandre,Bahia,29,889.572,-10.087654799999939,-37.937475755349766
2924306,Piatã,Bahia,29,1825.856,-13.042163149999936,-41.8937405811762
2924405,Pilão Arcado,Bahia,29,11597.936,-9.954338599999971,-43.000462932961604
2924504,Pindaí,Bahia,29,628.469,-14.476615599999946,-42.68675603627565
2924603,Pindobaçu,Bahia,29,495.845,-10.721447749999953,-40.36776124507796
2924652,Pintadas,Bahia,29,647.144,-11.874851399999955,-39.89538180773536
2924678,Piraí do Norte,Bahia,29,193.427,-13.811741599999976,-39.377053352634945
2924702,Piripá,Bahia,29,504.395,-15.001782899999967,-41.6974514514059
2924801,Piritiba,Bahia,29,980.328,-11.695506899999941,-40.61915707436475
2924900,Planaltino,Bahia,29,955.454,-13.188870149999929,-40.33444856489423
2925006,Planalto,Bahia,29,769.0,-14.736320349999943,-40.43571719435448
2925105,Poções,Bahia,29,937.855,-14.569788449999947,-40.345592827557354
2925204,Pojuca,Bahia,29,314.932,-12.359270599999974,-38.244271657219315
2925253,Ponto Novo,Bahia,29,530.143,-10.988434999999953,-40.09777663385313
2925303,Porto Seguro,Bahia,29,2285.734,-16.636101399999973,-39.270459267148595
2925402,Potiraguá,Bahia,29,1111.567,-15.676260249999956,-39.73579200124576
2925501,Prado,Bahia,29,1692.1,-17.16698384999995,-39.39559636836002
2925600,Presidente Dutra,Bahia,29,232.064,-11.320872349999945,-42.00231196184021
2925709,Presidente Jânio Quadros,Bahia,29,1208.566,-14.693354849999935,-41.73680915685544
2925758,Presidente Tancredo Neves,Bahia,29,441.82,-13.455128349999939,-39.43510929399305
2925808,Queimadas,Bahia,29,2011.06,-11.045103849999947,-39.72634130544897
2925907,Quijingue,Bahia,29,1380.798,-10.811988649999932,-39.10276877464243
2925931,Quixabeira,Bahia,29,366.387,-11.380898349999967,-40.13753601434554
2925956,Rafael Jambeiro,Bahia,29,1090.552,-12.471958299999955,-39.61945314268699
2926004,Remanso,Bahia,29,4573.505,-9.632848549999977,-42.30657525907813
2926103,Retirolândia,Bahia,29,242.329,-11.485761799999949,-39.40733409293048
2926202,Riachão das Neves,Bahia,29,5977.931,-11.676351699999941,-45.24796471157565
2926301,Riachão do Jacuípe,Bahia,29,1155.419,-11.793784449999947,-39.39642966442243
2926400,Riacho de Santana,Bahia,29,3183.909,-13.643881699999952,-43.015195021078156
2926509,Ribeira do Amparo,Bahia,29,666.038,-10.963919049999959,-38.39905973038081
2926608,Ribeira do Pombal,Bahia,29,1228.126,-10.79548774999995,-38.57000762771554
2926657,Ribeirão do Largo,Bahia,29,1363.7,-15.457902299999944,-40.660862897734006
2926707,Rio de Contas,Bahia,29,1115.252,-13.627890849999972,-41.70901111484672
2926806,Rio do Antônio,Bahia,29,777.904,-14.324453149999954,-42.08117544161564
2926905,Rio do Pires,Bahia,29,656.223,-13.134646549999957,-42.15139119115758
2927002,Rio Real,Bahia,29,739.775,-11.53924589999994,-37.93125186842221
2927101,Rodelas,Bahia,29,2207.159,-9.233000949999933,-38.63897300485812
2927200,Ruy Barbosa,Bahia,29,1991.772,-12.26574599999995,-40.6358323562128
2927309,Salinas da Margarida,Bahia,29,150.569,-12.88347239999996,-38.7607812361984
2927408,Salvador,Bahia,29,693.442,-12.875446549999936,-38.4881316533113
2927507,Santa Bárbara,Bahia,29,347.021,-11.932550449999951,-38.97429316982348
2927606,Santa Brígida,Bahia,29,934.461,-9.754686099999958,-38.20312401512976
2927705,Santa Cruz Cabrália,Bahia,29,1462.942,-16.224230899999952,-39.20625663497383
2927804,Santa Cruz da Vitória,Bahia,29,284.083,-14.879036999999954,-39.838826967925264
2927903,Santa Inês,Bahia,29,379.27,-13.275675399999955,-39.83535704272279
2928000,Santaluz,Bahia,29,1623.445,-11.19697869999996,-39.444539974999955
2928059,Santa Luzia,Bahia,29,824.473,-15.468854949999951,-39.226062636336906
2928109,Santa Maria da Vitória,Bahia,29,1984.91,-13.185297849999955,-44.43247050255334
2928208,Santana,Bahia,29,1909.353,-13.093554799999964,-43.89038918006347
2928307,Santanópolis,Bahia,29,222.686,-11.961229049999957,-38.86167812986603
2928406,Santa Rita de Cássia,Bahia,29,6030.491,-10.985304399999961,-44.57901303009468
2928505,Santa Terezinha,Bahia,29,719.257,-12.739963199999949,-39.56592765749241
2928604,Santo Amaro,Bahia,29,494.502,-12.545098649999971,-38.758952108343934
2928703,Santo Antônio de Jesus,Bahia,29,261.74,-13.016097299999956,-39.229516677016775
2928802,Santo Estêvão,Bahia,29,360.334,-12.461002299999961,-39.26601494949401
2928901,São Desidério,Bahia,29,15156.712,-12.87930629999994,-45.43051823984398
2928950,São Domingos,Bahia,29,289.963,-11.457636599999944,-39.574340517801
2929008,São Félix,Bahia,29,103.226,-12.663193149999955,-38.9937330813719
2929057,São Félix do Coribe,Bahia,29,1751.671,-13.552425649999947,-44.05225849851445
2929107,São Felipe,Bahia,29,222.407,-12.85091449999996,-39.11777073214614
2929206,São Francisco do Conde,Bahia,29,269.715,-12.643084699999974,-38.631963635138774
2929255,São Gabriel,Bahia,29,1146.054,-11.040183999999954,-41.6484795821835
2929305,São Gonçalo dos Campos,Bahia,29,294.768,-12.40823414999997,-38.93142111367558
2929354,São José da Vitória,Bahia,29,127.925,-15.083276449999971,-39.34553768235324
2929370,São José do Jacuípe,Bahia,29,362.365,-11.422826399999934,-39.845488215793395
2929404,São Miguel das Matas,Bahia,29,230.906,-13.03813219999995,-39.44308587552069
2929503,São Sebastião do Passé,Bahia,29,536.678,-12.521398899999951,-38.50712028434326
2929602,Sapeaçu,Bahia,29,131.218,-12.729143849999957,-39.204499106391296
2929701,Sátiro Dias,Bahia,29,949.223,-11.555440199999964,-38.55876510022327
2929750,Saubara,Bahia,29,166.428,-12.783745849999946,-38.761218520441915
2929800,Saúde,Bahia,29,509.098,-10.90710354999996,-40.36008852553831
2929909,Seabra,Bahia,29,2402.17,-12.387912449999959,-41.866770624348334
2930006,Sebastião Laranjeiras,Bahia,29,1984.511,-14.574195799999956,-43.132036371735296
2930105,Senhor do Bonfim,Bahia,29,789.361,-10.480786799999947,-40.12600244919498
2930154,Serra do Ramalho,Bahia,29,2340.684,-13.49441939999997,-43.62977990956522
2930204,Sento Sé,Bahia,29,11980.172,-10.097408899999948,-41.79988700602192
2930303,Serra Dourada,Bahia,29,1592.245,-12.81178554999994,-43.85418081104836
2930402,Serra Preta,Bahia,29,595.297,-12.115893049999954,-39.37005165784612
2930501,Serrinha,Bahia,29,583.311,-11.670266849999962,-39.006806063336455
2930600,Serrolândia,Bahia,29,322.022,-11.447631349999966,-40.247206340599476
2930709,Simões Filho,Bahia,29,201.528,-12.76614454999995,-38.39493825619769
2930758,Sítio do Mato,Bahia,29,1627.805,-12.86862334999995,-43.457157893321764
2930766,Sítio do Quinto,Bahia,29,656.837,-10.31946014999994,-38.157496420731064
2930774,Sobradinho,Bahia,29,1355.972,-9.660362749999933,-40.86808753897421
2930808,Souto Soares,Bahia,29,1026.634,-11.984066649999932,-41.823665251704526
2930907,Tabocas do Brejo Velho,Bahia,29,1437.189,-12.504763899999972,-44.21068368715002
2931004,Tanhaçu,Bahia,29,1277.515,-14.129477699999939,-41.192373589799274
2931053,Tanque Novo,Bahia,29,729.516,-13.552458299999955,-42.565133720113494
2931103,Tanquinho,Bahia,29,243.839,-11.949303099999952,-39.10411338654801
2931202,Taperoá,Bahia,29,454.081,-13.582554649999963,-39.21671333018151
2931301,Tapiramutá,Bahia,29,714.691,-11.87210134999998,-40.78756155082745
2931350,Teixeira de Freitas,Bahia,29,1165.622,-17.42979274999996,-39.771018112040835
2931400,Teodoro Sampaio,Bahia,29,244.613,-12.26411214999996,-38.60724237224686
2931509,Teofilândia,Bahia,29,351.892,-11.465691349999958,-38.95301993917519
2931608,Teolândia,Bahia,29,289.782,-13.567318299999954,-39.476642456428166
2931707,Terra Nova,Bahia,29,193.241,-12.402293099999952,-38.60360557805457
2931806,Tremedal,Bahia,29,2017.659,-15.09259444999995,-41.47626308422052
2931905,Tucano,Bahia,29,2198.237,-11.037142949999946,-38.799283250393486
2932002,Uauá,Bahia,29,3060.116,-9.895524599999959,-39.472628087411444
2932101,Ubaíra,Bahia,29,659.08,-13.316414149999957,-39.674118781474945
2932200,Ubaitaba,Bahia,29,181.102,-14.263210899999933,-39.43252249374433
2932309,Ubatã,Bahia,29,177.643,-14.085961399999945,-39.5267502072947
2932408,Uibaí,Bahia,29,545.298,-11.408427049999943,-42.07995828998797
2932457,Umburanas,Bahia,29,1775.633,-10.568417999999951,-41.15642666966548
2932507,Una,Bahia,29,1126.733,-15.21360969999995,-39.1504337517876
2932606,Urandi,Bahia,29,902.402,-14.729985649999946,-42.70390346305739
2932705,Uruçuca,Bahia,29,510.098,-14.518961849999954,-39.22750161844709
2932804,Utinga,Bahia,29,633.76,-12.03226234999994,-41.06503423625087
2932903,Valença,Bahia,29,1123.975,-13.363152949999943,-39.1590359235297
2933000,Valente,Bahia,29,394.877,-11.388686999999948,-39.44256717360109
2933059,Várzea da Roça,Bahia,29,468.407,-11.59577589999995,-40.09571419280843
2933109,Várzea do Poço,Bahia,29,206.478,-11.525855349999944,-40.32764031914436
2933158,Várzea Nova,Bahia,29,1225.892,-11.121351549999957,-41.02749880758711
2933174,Varzedo,Bahia,29,221.399,-12.955633549999959,-39.40034874884799
2933208,Vera Cruz,Bahia,29,297.537,-13.030872149999936,-38.72207349155707
2933257,Vereda,Bahia,29,782.159,-17.12711619999996,-40.08637084213794
2933307,Vitória da Conquista,Bahia,29,3254.186,-15.074526899999967,-40.89457621118886
2933406,Wagner,Bahia,29,522.37,-12.249719599999963,-41.122179123117206
2933455,Wanderley,Bahia,29,2920.579,-11.795928849999939,-43.85957741347103
2933505,Wenceslau Guimarães,Bahia,29,655.057,-13.619429599999961,-39.588797957815935
2933604,Xique-Xique,Bahia,29,5079.662,-10.906793649999969,-42.75527862557108
3100104,Abadia dos Dourados,Minas Gerais,31,880.461,-18.373379499999942,-47.48866985706856
3100203,Abaeté,Minas Gerais,31,1817.067,-19.097228499999943,-45.37113728891936
3100302,Abre Campo,Minas Gerais,31,470.551,-20.281008499999956,-42.47093974597347
3100401,Acaiaca,Minas Gerais,31,101.886,-20.398259499999966,-43.11145305498509
3100500,Açucena,Minas Gerais,31,815.422,-19.075665999999956,-42.46702422135201
3100609,Água Boa,Minas Gerais,31,1320.344,-18.013901999999973,-42.28340932876707
3100708,Água Comprida,Minas Gerais,31,492.167,-19.99599399999994,-48.06244009629458
3100807,Aguanil,Minas Gerais,31,232.091,-20.981912999999935,-45.430632964289806
3100906,Águas Formosas,Minas Gerais,31,820.079,-17.036701999999934,-40.99204046181863
3101003,Águas Vermelhas,Minas Gerais,31,1256.607,-15.723903999999948,-41.52487984297517
3101102,Aimorés,Minas Gerais,31,1348.913,-19.65945499999995,-41.26378400723232
3101201,Aiuruoca,Minas Gerais,31,649.68,-21.951949499999955,-44.65428562611008
3101300,Alagoa,Minas Gerais,31,161.356,-22.18308449999995,-44.647058643069265
3101409,Albertina,Minas Gerais,31,58.01,-22.199119999999965,-46.61722226710751
3101508,Além Paraíba,Minas Gerais,31,510.25,-21.82758149999995,-42.690357086257706
3101607,Alfenas,Minas Gerais,31,850.446,-21.363378499999953,-45.92615302018629
3101631,Alfredo Vasconcelos,Minas Gerais,31,130.815,-21.13968799999995,-43.73082230992333
3101706,Almenara,Minas Gerais,31,2294.426,-16.13039699999996,-40.70034186866964
3101805,Alpercata,Minas Gerais,31,166.972,-18.997363999999948,-42.03919643030328
3101904,Alpinópolis,Minas Gerais,31,460.685,-20.826953449999962,-46.37022385984089
3102001,Alterosa,Minas Gerais,31,362.01,-21.232842999999946,-46.156298479766825
3102050,Alto Caparaó,Minas Gerais,31,103.69,-20.45731399999994,-41.85610968781411
3102100,Alto Rio Doce,Minas Gerais,31,518.053,-21.047853499999945,-43.376085810023
3102209,Alvarenga,Minas Gerais,31,278.175,-19.42041999999998,-41.72406693834545
3102308,Alvinópolis,Minas Gerais,31,599.443,-20.11070099999995,-43.156175726276764
3102407,Alvorada de Minas,Minas Gerais,31,374.008,-18.776347499999957,-43.39258721587832
3102506,Amparo do Serra,Minas Gerais,31,136.186,-20.52919899999995,-42.80079144283697
3102605,Andradas,Minas Gerais,31,469.396,-22.057443999999975,-46.55935111547133
3102704,Cachoeira de Pajeú,Minas Gerais,31,695.672,-15.96151249999997,-41.50986606195113
3102803,Andrelândia,Minas Gerais,31,1005.285,-21.734397999999942,-44.25278783479588
3102852,Angelândia,Minas Gerais,31,185.211,-17.69227799999996,-42.292579322908985
3102902,Antônio Carlos,Minas Gerais,31,529.915,-21.428139999999956,-43.769116930760234
3103009,Antônio Dias,Minas Gerais,31,787.061,-19.57833549999995,-42.86592164852283
3103108,Antônio Prado de Minas,Minas Gerais,31,83.802,-21.024103449999956,-42.1526993900394
3103207,Araçaí,Minas Gerais,31,187.53,-19.250479999999953,-44.214774125660384
3103306,Aracitaba,Minas Gerais,31,106.608,-21.348712999999975,-43.39354230165284
3103405,Araçuaí,Minas Gerais,31,2236.279,-16.895470999999958,-41.954891693914135
3103504,Araguari,Minas Gerais,31,2729.777,-18.607282999999967,-48.230814078704604
3103603,Arantina,Minas Gerais,31,89.42,-21.900935499999946,-44.23867356372253
3103702,Araponga,Minas Gerais,31,303.793,-20.66688199999996,-42.49198068518919
3103751,Araporã,Minas Gerais,31,294.354,-18.476854749999944,-49.13558367206262
3103801,Arapuá,Minas Gerais,31,173.894,-19.025410999999963,-46.10127275215366
3103900,Araújos,Minas Gerais,31,245.522,-19.88509449999995,-45.1886935410117
3104007,Araxá,Minas Gerais,31,1164.062,-19.634383999999955,-46.97805576979468
3104106,Arceburgo,Minas Gerais,31,162.875,-21.352492999999953,-46.93957016430356
3104205,Arcos,Minas Gerais,31,509.873,-20.235066999999958,-45.551029567006765
3104304,Areado,Minas Gerais,31,283.124,-21.35127099999994,-46.11779702750498
3104403,Argirita,Minas Gerais,31,159.378,-21.627470999999957,-42.812525345098
3104452,Aricanduva,Minas Gerais,31,243.329,-17.85421699999995,-42.61246593140586
3104502,Arinos,Minas Gerais,31,5279.419,-15.804205999999937,-45.97614634099476
3104601,Astolfo Dutra,Minas Gerais,31,158.891,-21.32187984999996,-42.87247784291161
3104700,Ataléia,Minas Gerais,31,1836.925,-18.216020999999955,-41.25529392032013
3104809,Augusto de Lima,Minas Gerais,31,1254.832,-18.10072699999995,-44.23254742287078
3104908,Baependi,Minas Gerais,31,750.554,-22.016243499999945,-44.80956803191023
3105004,Baldim,Minas Gerais,31,556.266,-19.246350999999976,-43.84707735405132
3105103,Bambuí,Minas Gerais,31,1455.819,-20.123798499999964,-46.02321241954096
3105202,Bandeira,Minas Gerais,31,483.789,-15.863950999999958,-40.5269801155969
3105301,Bandeira do Sul,Minas Gerais,31,47.266,-21.726193999999964,-46.39169268547303
3105400,Barão de Cocais,Minas Gerais,31,340.14,-19.89633299999997,-43.47171061213987
3105509,Barão do Monte Alto,Minas Gerais,31,198.313,-21.268184499999933,-42.273125997406396
3105608,Barbacena,Minas Gerais,31,759.186,-21.252516999999955,-43.811887471141326
3105707,Barra Longa,Minas Gerais,31,383.628,-20.289767499999954,-43.06425965128048
3105905,Barroso,Minas Gerais,31,82.07,-21.176057999999955,-43.96090299999996
3106002,Bela Vista de Minas,Minas Gerais,31,109.143,-19.80622649999995,-43.10251335119143
3106101,Belmiro Braga,Minas Gerais,31,393.086,-21.971413999999953,-43.453095636363614
3106200,Belo Horizonte,Minas Gerais,31,331.354,-19.918034449999936,-43.9503341923178
3106309,Belo Oriente,Minas Gerais,31,334.909,-19.257650999999953,-42.444386588703836
3106408,Belo Vale,Minas Gerais,31,365.923,-20.405114999999938,-44.039976083170366
3106507,Berilo,Minas Gerais,31,587.106,-16.88185749999994,-42.4869086091762
3106606,Bertópolis,Minas Gerais,31,427.803,-16.98406884999997,-40.589576997743265
3106655,Berizal,Minas Gerais,31,488.756,-15.698119499999933,-41.77791388388134
3106705,Betim,Minas Gerais,31,344.062,-19.94178004999995,-44.1954363137911
3106804,Bias Fortes,Minas Gerais,31,283.535,-21.61991899999998,-43.75546571847889
3106903,Bicas,Minas Gerais,31,140.082,-21.73180549999995,-43.11851254240733
3107000,Biquinhas,Minas Gerais,31,458.948,-18.765061999999944,-45.53929395491731
3107109,Boa Esperança,Minas Gerais,31,860.669,-21.05767949999995,-45.634718080319175
3107208,Bocaina de Minas,Minas Gerais,31,503.77,-22.241316499999954,-44.48091303501077
3107307,Bocaiúva,Minas Gerais,31,3206.757,-17.388037999999966,-43.84004775107137
3107406,Bom Despacho,Minas Gerais,31,1213.546,-19.707935499999934,-45.30174824607326
3107505,Bom Jardim de Minas,Minas Gerais,31,412.021,-21.93605899999997,-44.10944402898548
3107604,Bom Jesus da Penha,Minas Gerais,31,208.349,-21.008823999999976,-46.5461631676136
3107703,Bom Jesus do Amparo,Minas Gerais,31,195.611,-19.705963999999938,-43.465986465517204
3107802,Bom Jesus do Galho,Minas Gerais,31,592.289,-19.726102999999938,-42.303924224727865
3107901,Bom Repouso,Minas Gerais,31,229.845,-22.440524499999952,-46.17143929274191
3108008,Bom Sucesso,Minas Gerais,31,705.046,-21.015307999999948,-44.79778288475097
3108107,Bonfim,Minas Gerais,31,301.865,-20.320456999999948,-44.21088294630867
3108206,Bonfinópolis de Minas,Minas Gerais,31,1850.487,-16.522288499999974,-46.15413431478785
3108255,Bonito de Minas,Minas Gerais,31,3936.455,-14.974533999999949,-44.957079556293706
3108305,Borda da Mata,Minas Gerais,31,301.108,-22.254035999999957,-46.14453324999997
3108404,Botelhos,Minas Gerais,31,334.089,-21.649982999999963,-46.4195845797738
3108503,Botumirim,Minas Gerais,31,1568.884,-16.951161999999954,-42.951386037241065
3108552,Brasilândia de Minas,Minas Gerais,31,2509.694,-16.943918999999966,-45.86367988361309
3108602,Brasília de Minas,Minas Gerais,31,1399.484,-16.238697499999972,-44.38383903580689
3108701,Brás Pires,Minas Gerais,31,223.351,-20.88163899999998,-43.22597592895915
3108800,Braúnas,Minas Gerais,31,378.318,-19.031740999999954,-42.68808913288423
3108909,Brazópolis,Minas Gerais,31,367.688,-22.490640499999955,-45.623567738715224
3109006,Brumadinho,Minas Gerais,31,639.434,-20.186557449999952,-44.12698033577591
3109105,Bueno Brandão,Minas Gerais,31,356.15,-22.488361999999967,-46.35617865239901
3109204,Buenópolis,Minas Gerais,31,1599.881,-17.848213999999956,-43.95339577006601
3109253,Bugre,Minas Gerais,31,161.491,-19.357324999999946,-42.32009969050338
3109303,Buritis,Minas Gerais,31,5225.186,-15.439862849999969,-46.61184709429732
3109402,Buritizeiro,Minas Gerais,31,7218.401,-17.28010249999997,-45.21954289926284
3109451,Cabeceira Grande,Minas Gerais,31,1033.055,-16.068957449999942,-47.114324402874075
3109501,Cabo Verde,Minas Gerais,31,368.206,-21.483379999999954,-46.39043199999995
3109600,Cachoeira da Prata,Minas Gerais,31,61.425,-19.51350199999993,-44.47638802181814
3109709,Cachoeira de Minas,Minas Gerais,31,304.243,-22.372678999999977,-45.784641538782196
3109808,Cachoeira Dourada,Minas Gerais,31,203.07,-18.595477999999957,-49.489154069999955
3109907,Caetanópolis,Minas Gerais,31,156.039,-19.340725499999962,-44.41990581395345
3110004,Caeté,Minas Gerais,31,542.531,-19.88591649999995,-43.615388595335574
3110103,Caiana,Minas Gerais,31,106.465,-20.729282799999936,-41.91545955288828
3110202,Cajuri,Minas Gerais,31,83.038,-20.785289999999947,-42.75454998242875
3110301,Caldas,Minas Gerais,31,711.414,-21.898380499999945,-46.3417943512124
3110400,Camacho,Minas Gerais,31,223.001,-20.652195999999947,-45.154018636473396
3110509,Camanducaia,Minas Gerais,31,528.688,-22.796310999999974,-46.087299555082815
3110608,Cambuí,Minas Gerais,31,244.567,-22.591642999999976,-46.08399088083304
3110707,Cambuquira,Minas Gerais,31,246.38,-21.857738999999953,-45.253773683473355
3110806,Campanário,Minas Gerais,31,442.398,-18.28134849999995,-41.71984538782348
3110905,Campanha,Minas Gerais,31,335.587,-21.82188999999994,-45.425588041111084
3111002,Campestre,Minas Gerais,31,577.843,-21.71630099999996,-46.23295798104026
3111101,Campina Verde,Minas Gerais,31,3650.749,-19.48471349999997,-49.768652796503005
3111150,Campo Azul,Minas Gerais,31,505.914,-16.516493999999966,-44.76519377989129
3111200,Campo Belo,Minas Gerais,31,528.225,-20.942451499999947,-45.25659619032141
3111309,Campo do Meio,Minas Gerais,31,275.426,-21.106675999999965,-45.83148511440673
3111408,Campo Florido,Minas Gerais,31,1264.245,-19.714362999999963,-48.65154847645597
3111507,Campos Altos,Minas Gerais,31,710.645,-19.610630999999955,-46.1953872168619
3111606,Campos Gerais,Minas Gerais,31,769.504,-21.289662999999962,-45.726246238372056
3111705,Canaã,Minas Gerais,31,174.9,-20.670422499999972,-42.62038386655543
3111804,Canápolis,Minas Gerais,31,843.599,-18.757451999999944,-49.244841497653184
3111903,Cana Verde,Minas Gerais,31,212.721,-21.03069949999997,-45.18663329078328
3112000,Candeias,Minas Gerais,31,720.512,-20.748992999999956,-45.2771970011389
3112059,Cantagalo,Minas Gerais,31,141.855,-18.509467499999943,-42.6446990344693
3112109,Caparaó,Minas Gerais,31,130.694,-20.531151999999935,-41.950974295454486
3112208,Capela Nova,Minas Gerais,31,111.073,-20.915489999999977,-43.602839022563785
3112307,Capelinha,Minas Gerais,31,965.292,-17.702820999999943,-42.46840894921596
3112406,Capetinga,Minas Gerais,31,297.937,-20.660805499999952,-47.04832948397902
3112505,Capim Branco,Minas Gerais,31,95.333,-19.58148749999995,-44.16890730188675
3112604,Capinópolis,Minas Gerais,31,620.716,-18.675129999999967,-49.60136962601602
3112653,Capitão Andrade,Minas Gerais,31,279.088,-19.050532499999946,-41.82001998938101
3112703,Capitão Enéas,Minas Gerais,31,971.576,-16.09911699999995,-43.64790930138242
3112802,Capitólio,Minas Gerais,31,521.802,-20.611403999999965,-46.13262432732944
3112901,Caputira,Minas Gerais,31,187.704,-20.18345899999997,-42.261902103488325
3113008,Caraí,Minas Gerais,31,1242.345,-17.163187999999963,-41.47181688888884
3113107,Caranaíba,Minas Gerais,31,159.95,-20.893408499999964,-43.72563436956517
3113206,Carandaí,Minas Gerais,31,487.28,-20.999574999999936,-43.841943691176425
3113305,Carangola,Minas Gerais,31,353.404,-20.70726549999995,-42.10062679019604
3113404,Caratinga,Minas Gerais,31,1258.479,-19.688897999999938,-41.88729039943789
3113503,Carbonita,Minas Gerais,31,1456.095,-17.512546999999955,-43.04668941513688
3113602,Careaçu,Minas Gerais,31,181.009,-22.07191549999996,-45.6633361796069
3113701,Carlos Chagas,Minas Gerais,31,3202.984,-17.667896499999955,-40.88165342234502
3113800,Carmésia,Minas Gerais,31,259.103,-19.05560399999996,-43.16258303287047
3113909,Carmo da Cachoeira,Minas Gerais,31,506.333,-21.453955999999977,-45.18007669914045
3114006,Carmo da Mata,Minas Gerais,31,357.178,-20.561024999999972,-44.88860897826082
3114105,Carmo de Minas,Minas Gerais,31,322.285,-22.088367999999946,-45.17023621737659
3114204,Carmo do Cajuru,Minas Gerais,31,455.808,-20.195198549999958,-44.69870296124853
3114303,Carmo do Paranaíba,Minas Gerais,31,1307.862,-18.87736449999997,-46.12574723159801
3114402,Carmo do Rio Claro,Minas Gerais,31,1065.685,-20.994584999999944,-46.1402195287081
3114501,Carmópolis de Minas,Minas Gerais,31,400.01,-20.55830599999993,-44.66959190316318
3114550,Carneirinho,Minas Gerais,31,2063.462,-19.776039999999938,-50.80409827183186
3114600,Carrancas,Minas Gerais,31,727.894,-21.47603049999995,-44.61057953042451
3114709,Carvalhópolis,Minas Gerais,31,81.101,-21.77276299999997,-45.83969667861467
3114808,Carvalhos,Minas Gerais,31,282.254,-22.028145499999937,-44.50353104193719
3114907,Casa Grande,Minas Gerais,31,157.727,-20.83972099999994,-43.93877014274226
3115003,Cascalho Rico,Minas Gerais,31,367.308,-18.565399999999954,-47.869387083333294
3115102,Cássia,Minas Gerais,31,665.802,-20.558804649999956,-46.921273639735084
3115201,Conceição da Barra de Minas,Minas Gerais,31,273.014,-21.147604999999942,-44.491979373368814
3115300,Cataguases,Minas Gerais,31,491.767,-21.33202049999997,-42.698637351129975
3115359,Catas Altas,Minas Gerais,31,240.042,-20.06894799999995,-43.40211202640541
3115409,Catas Altas da Noruega,Minas Gerais,31,141.622,-20.667240499999963,-43.49479357346527
3115458,Catuji,Minas Gerais,31,419.38,-17.366037999999975,-41.47457634568017
3115474,Catuti,Minas Gerais,31,287.812,-15.341065999999955,-43.06203922082375
3115508,Caxambu,Minas Gerais,31,100.483,-21.992555499999952,-44.94033015106379
3115607,Cedro do Abaeté,Minas Gerais,31,283.211,-19.10702349999994,-45.70613614514459
3115706,Central de Minas,Minas Gerais,31,204.328,-18.775514499999957,-41.289238765989296
3115805,Centralina,Minas Gerais,31,322.385,-18.654897149999954,-49.15765640501857
3115904,Chácara,Minas Gerais,31,152.807,-21.689490999999975,-43.20049842351594
3116001,Chalé,Minas Gerais,31,212.674,-20.02285699999996,-41.652327700320924
3116100,Chapada do Norte,Minas Gerais,31,830.833,-17.15640049999996,-42.39969143744245
3116159,Chapada Gaúcha,Minas Gerais,31,3255.189,-15.457222999999942,-45.41765414803049
3116209,Chiador,Minas Gerais,31,252.852,-21.980399999999946,-42.989158447800776
3116308,Cipotânea,Minas Gerais,31,153.479,-20.915186999999975,-43.34847860661627
3116407,Claraval,Minas Gerais,31,227.627,-20.358815999999933,-47.25711750618889
3116506,Claro dos Poções,Minas Gerais,31,720.424,-17.05686499999996,-44.26280511643834
3116605,Cláudio,Minas Gerais,31,630.706,-20.402485499999955,-44.760720690806
3116704,Coimbra,Minas Gerais,31,106.875,-20.843004999999977,-42.799339655776336
3116803,Coluna,Minas Gerais,31,348.492,-18.23664899999997,-42.87455365389453
3116902,Comendador Gomes,Minas Gerais,31,1041.047,-19.671528499999965,-49.07168167426372
3117009,Comercinho,Minas Gerais,31,654.961,-16.287466499999965,-41.77972453068935
3117108,Conceição da Aparecida,Minas Gerais,31,352.521,-21.097288499999962,-46.22687771542971
3117207,Conceição das Pedras,Minas Gerais,31,102.206,-22.139033499999954,-45.4347678748891
3117306,Conceição das Alagoas,Minas Gerais,31,1340.25,-19.941637499999956,-48.35845924042269
3117405,Conceição de Ipanema,Minas Gerais,31,253.935,-19.90141849999995,-41.66492798719224
3117504,Conceição do Mato Dentro,Minas Gerais,31,1720.04,-18.932556499999947,-43.49774407216721
3117603,Conceição do Pará,Minas Gerais,31,250.306,-19.790727999999945,-44.832339141578416
3117702,Conceição do Rio Verde,Minas Gerais,31,369.681,-21.892436499999945,-45.09181880941568
3117801,Conceição dos Ouros,Minas Gerais,31,180.236,-22.441739499999954,-45.76658273830249
3117836,Cônego Marinho,Minas Gerais,31,1610.469,-15.040665999999959,-44.61791394213378
3117876,Confins,Minas Gerais,31,42.355,-19.643232999999952,-43.9781278430909
3117900,Congonhal,Minas Gerais,31,205.125,-22.13341699999995,-46.03392258609982
3118007,Congonhas,Minas Gerais,31,304.067,-20.51771549999995,-43.86156547195355
3118106,Congonhas do Norte,Minas Gerais,31,405.671,-18.901446499999963,-43.68484770359305
3118205,Conquista,Minas Gerais,31,618.363,-19.859445999999934,-47.617799732600055
3118304,Conselheiro Lafaiete,Minas Gerais,31,370.246,-20.669518499999953,-43.78787766289193
3118403,Conselheiro Pena,Minas Gerais,31,1483.883,-19.173649499999954,-41.4804834519599
3118502,Consolação,Minas Gerais,31,89.122,-22.532795999999962,-45.91788725974022
3118601,Contagem,Minas Gerais,31,194.746,-19.89132404999995,-44.0867981081154
3118700,Coqueiral,Minas Gerais,31,296.163,-21.177990999999935,-45.41985260536334
3118809,Coração de Jesus,Minas Gerais,31,2225.216,-16.615767999999946,-44.27254277879412
3118908,Cordisburgo,Minas Gerais,31,823.654,-19.09429499999996,-44.21088410558579
3119005,Cordislândia,Minas Gerais,31,179.543,-21.77002349999998,-45.63219332515436
3119104,Corinto,Minas Gerais,31,2525.397,-18.311898499999955,-44.57875027925477
3119203,Coroaci,Minas Gerais,31,576.274,-18.628373499999952,-42.254449764446875
3119302,Coromandel,Minas Gerais,31,3313.313,-18.343205499999954,-47.1640861067567
3119401,Coronel Fabriciano,Minas Gerais,31,221.252,-19.440424999999948,-42.71855997227196
3119500,Coronel Murta,Minas Gerais,31,815.413,-16.602372499999973,-42.18105505263152
3119609,Coronel Pacheco,Minas Gerais,31,131.511,-21.60194699999994,-43.28710315104162
3119708,Coronel Xavier Chaves,Minas Gerais,31,140.954,-21.022224999999963,-44.20420082291663
3119807,Córrego Danta,Minas Gerais,31,657.425,-19.76086799999996,-46.00212834147385
3119906,Córrego do Bom Jesus,Minas Gerais,31,123.651,-22.625920499999978,-45.991080348714874
3119955,Córrego Fundo,Minas Gerais,31,101.112,-20.44949799999995,-45.53902566619912
3120003,Córrego Novo,Minas Gerais,31,205.385,-19.834522999999933,-42.44410484160572
3120102,Couto de Magalhães de Minas,Minas Gerais,31,485.654,-18.07664099999994,-43.457797026667805
3120151,Crisólita,Minas Gerais,31,966.202,-17.24243299999995,-40.99267715230222
3120201,Cristais,Minas Gerais,31,628.434,-20.811928999999964,-45.54150661495497
3120300,Cristália,Minas Gerais,31,840.702,-16.708560499999948,-42.83786332959053
3120409,Cristiano Otoni,Minas Gerais,31,132.872,-20.83392649999996,-43.81285940909086
3120508,Cristina,Minas Gerais,31,311.33,-22.21260349999997,-45.28016902922319
3120607,Crucilândia,Minas Gerais,31,167.164,-20.409513999999945,-44.35737942123285
3120706,Cruzeiro da Fortaleza,Minas Gerais,31,187.446,-18.96145199999995,-46.695488564742675
3120805,Cruzília,Minas Gerais,31,522.419,-21.747825999999975,-44.791494709677394
3120839,Cuparaque,Minas Gerais,31,226.75,-18.98927599999996,-41.095159153889014
3120870,Curral de Dentro,Minas Gerais,31,570.95,-15.85731869999995,-41.73944110164374
3120904,Curvelo,Minas Gerais,31,3296.2,-18.75419499999998,-44.52381740950352
3121001,Datas,Minas Gerais,31,310.099,-18.47740399999998,-43.64117958811897
3121100,Delfim Moreira,Minas Gerais,31,408.473,-22.511384499999963,-45.260275888339876
3121209,Delfinópolis,Minas Gerais,31,1378.423,-20.36847899999995,-46.733862489473616
3121258,Delta,Minas Gerais,31,102.784,-19.93085849999997,-47.797147599896434
3121308,Descoberto,Minas Gerais,31,213.168,-21.44571554999996,-42.96701375668377
3121407,Desterro de Entre Rios,Minas Gerais,31,377.165,-20.635959499999956,-44.25568866286942
3121506,Desterro do Melo,Minas Gerais,31,142.279,-21.13434799999996,-43.53665776290319
3121605,Diamantina,Minas Gerais,31,3891.659,-17.912780999999967,-43.636910620817034
3121704,Diogo de Vasconcelos,Minas Gerais,31,165.091,-20.48624449999997,-43.18831399999995
3121803,Dionísio,Minas Gerais,31,339.375,-19.83169449999994,-42.67335056027663
3121902,Divinésia,Minas Gerais,31,116.97,-20.99270999999996,-42.994126686637564
3122009,Divino,Minas Gerais,31,337.776,-20.579419999999942,-42.13250504565211
3122108,Divino das Laranjeiras,Minas Gerais,31,342.249,-18.699873999999966,-41.48191457598767
3122207,Divinolândia de Minas,Minas Gerais,31,133.12,-18.80049299999996,-42.60785774688793
3122306,Divinópolis,Minas Gerais,31,708.115,-20.113753499999945,-44.963768409150624
3122355,Divisa Alegre,Minas Gerais,31,117.802,-15.712362999999954,-41.38064936604547
3122405,Divisa Nova,Minas Gerais,31,216.955,-21.515856999999954,-46.24519035534337
3122454,Divisópolis,Minas Gerais,31,572.926,-15.77058219999995,-40.948249217404424
3122470,Dom Bosco,Minas Gerais,31,817.383,-16.742749999999972,-46.29209111916259
3122504,Dom Cavati,Minas Gerais,31,59.52,-19.38732749999994,-42.08877360607934
3122603,Dom Joaquim,Minas Gerais,31,398.793,-18.93249949999995,-43.25988000920482
3122702,Dom Silvério,Minas Gerais,31,194.972,-20.12009699999996,-42.93086216466824
3122801,Dom Viçoso,Minas Gerais,31,113.921,-22.231604999999945,-45.14032343027209
3122900,Dona Euzébia,Minas Gerais,31,70.231,-21.326243499999975,-42.79516192869265
3123007,Dores de Campos,Minas Gerais,31,124.842,-21.101178499999946,-43.993001174604714
3123106,Dores de Guanhães,Minas Gerais,31,382.124,-19.034069999999957,-42.959501048328356
3123205,Dores do Indaiá,Minas Gerais,31,1111.202,-19.503907999999967,-45.56720560558249
3123304,Dores do Turvo,Minas Gerais,31,231.169,-21.02341949999996,-43.16406909020624
3123403,Doresópolis,Minas Gerais,31,152.912,-20.284797999999967,-45.89075178726705
3123502,Douradoquara,Minas Gerais,31,312.878,-18.443366499999968,-47.605238349999965
3123528,Durandé,Minas Gerais,31,217.461,-20.150868499999945,-41.80083368812508
3123601,Elói Mendes,Minas Gerais,31,499.537,-21.603623999999968,-45.589181086734634
3123700,Engenheiro Caldas,Minas Gerais,31,187.058,-19.11972149999997,-42.00006318018965
3123809,Engenheiro Navarro,Minas Gerais,31,608.306,-17.29801299999994,-44.00224870897373
3123858,Entre Folhas,Minas Gerais,31,85.39,-19.654556499999956,-42.22679363632308
3123908,Entre Rios de Minas,Minas Gerais,31,456.796,-20.704154999999957,-44.1083971465863
3124005,Ervália,Minas Gerais,31,357.489,-20.869136499999968,-42.620019274999954
3124104,Esmeraldas,Minas Gerais,31,909.727,-19.76144599999995,-44.30336736146675
3124203,Espera Feliz,Minas Gerais,31,317.638,-20.588408999999956,-41.95581769417639
3124302,Espinosa,Minas Gerais,31,1868.97,-14.904651499999943,-42.79308354066792
3124401,Espírito Santo do Dourado,Minas Gerais,31,263.879,-21.99848899999995,-45.977608427090416
3124500,Estiva,Minas Gerais,31,243.872,-22.455338499999954,-46.01571945639663
3124609,Estrela Dalva,Minas Gerais,31,131.365,-21.709667499999938,-42.45737649136508
3124708,Estrela do Indaiá,Minas Gerais,31,635.981,-19.573700499999944,-45.820345821016126
3124807,Estrela do Sul,Minas Gerais,31,822.454,-18.736005999999946,-47.74189141603412
3124906,Eugenópolis,Minas Gerais,31,309.395,-20.99844049999996,-42.24556196009428
3125002,Ewbank da Câmara,Minas Gerais,31,103.834,-21.576254499999948,-43.569344929914436
3125101,Extrema,Minas Gerais,31,244.575,-22.812021149999964,-46.29531711550548
3125200,Fama,Minas Gerais,31,86.024,-21.46303999999995,-45.80656070583707
3125309,Faria Lemos,Minas Gerais,31,165.224,-20.787109999999956,-42.05179440590607
3125408,Felício dos Santos,Minas Gerais,31,357.622,-18.14744049999996,-43.24054721254352
3125507,São Gonçalo do Rio Preto,Minas Gerais,31,314.458,-18.088457999999974,-43.3373932930168
3125606,Felisburgo,Minas Gerais,31,596.215,-16.662642999999946,-40.73573931942212
3125705,Felixlândia,Minas Gerais,31,1554.627,-18.692877499999952,-45.00126953445917
3125804,Fernandes Tourinho,Minas Gerais,31,151.875,-19.10700499999996,-42.10504154004849
3125903,Ferros,Minas Gerais,31,1088.791,-19.247245499999963,-42.92230013742012
3125952,Fervedouro,Minas Gerais,31,357.683,-20.674094499999967,-42.33155648099411
3126000,Florestal,Minas Gerais,31,194.242,-19.858758499999965,-44.44455234337346
3126109,Formiga,Minas Gerais,31,1501.915,-20.524206499999963,-45.50848588788632
3126208,Formoso,Minas Gerais,31,3686.004,-15.072363999999965,-46.23337517412111
3126307,Fortaleza de Minas,Minas Gerais,31,218.792,-20.889613499999967,-46.76943055438547
3126406,Fortuna de Minas,Minas Gerais,31,198.665,-19.534799499999963,-44.52758726462945
3126505,Francisco Badaró,Minas Gerais,31,461.481,-16.986823999999956,-42.32455420507241
3126604,Francisco Dumont,Minas Gerais,31,1576.128,-17.434049499999958,-44.251945841530514
3126703,Francisco Sá,Minas Gerais,31,2747.295,-16.443843999999956,-43.57065444727522
3126752,Franciscópolis,Minas Gerais,31,717.087,-17.99850349999997,-41.981479311858934
3126802,Frei Gaspar,Minas Gerais,31,626.672,-18.140762499999937,-41.54820882824828
3126901,Frei Inocêncio,Minas Gerais,31,469.557,-18.522202999999962,-41.913872780145745
3126950,Frei Lagonegro,Minas Gerais,31,167.474,-18.147179499999964,-42.75676043905274
3127008,Fronteira,Minas Gerais,31,199.987,-20.219154999999944,-49.13332978962704
3127057,Fronteira dos Vales,Minas Gerais,31,320.757,-16.89017999999996,-40.85310661635003
3127073,Fruta de Leite,Minas Gerais,31,762.837,-16.129966499999966,-42.52916970141507
3127107,Frutal,Minas Gerais,31,2426.965,-20.10909499999994,-49.022284032772376
3127206,Funilândia,Minas Gerais,31,199.797,-19.359926499999972,-44.06376274999997
3127305,Galiléia,Minas Gerais,31,720.303,-18.889806499999935,-41.58399439112898
3127339,Gameleiras,Minas Gerais,31,1733.203,-14.981862999999976,-43.26401397762181
3127354,Glaucilândia,Minas Gerais,31,145.861,-16.89903849999996,-43.64085968081609
3127370,Goiabeira,Minas Gerais,31,112.443,-19.040779499999957,-41.24335603369479
3127388,Goianá,Minas Gerais,31,152.039,-21.563789499999956,-43.19348101962805
3127404,Gonçalves,Minas Gerais,31,187.353,-22.681482999999957,-45.83447848652527
3127503,Gonzaga,Minas Gerais,31,209.348,-18.869658499999957,-42.50325269775727
3127602,Gouveia,Minas Gerais,31,866.601,-18.505398999999954,-43.804993016960026
3127701,Governador Valadares,Minas Gerais,31,2342.376,-18.794867499999953,-42.01428065022671
3127800,Grão Mogol,Minas Gerais,31,3885.294,-16.473908499999965,-43.02638847498086
3127909,Grupiara,Minas Gerais,31,193.141,-18.488321499999955,-47.774049583333294
3128006,Guanhães,Minas Gerais,31,1075.124,-18.85590799999997,-42.86390231883634
3128105,Guapé,Minas Gerais,31,934.345,-20.743000499999965,-45.93448713601491
3128204,Guaraciaba,Minas Gerais,31,348.596,-20.56362749999994,-43.01588830809124
3128253,Guaraciama,Minas Gerais,31,390.263,-17.067939499999937,-43.63669468925379
3128303,Guaranésia,Minas Gerais,31,294.828,-21.279199999999946,-46.80562390217386
3128402,Guarani,Minas Gerais,31,264.194,-21.365691999999967,-43.05258216453869
3128501,Guarará,Minas Gerais,31,88.655,-21.76272599999993,-43.02594978342729
3128600,Guarda-Mor,Minas Gerais,31,2068.808,-17.75325184999994,-47.13490570225978
3128709,Guaxupé,Minas Gerais,31,286.398,-21.290720499999964,-46.679066594398314
3128808,Guidoval,Minas Gerais,31,158.375,-21.182278999999966,-42.77173607756052
3128907,Guimarânia,Minas Gerais,31,366.833,-18.796709499999963,-46.77397376453622
3129004,Guiricema,Minas Gerais,31,293.578,-21.016701999999952,-42.69507056296028
3129103,Gurinhatã,Minas Gerais,31,1849.137,-19.058247499999965,-49.83947981760697
3129202,Heliodora,Minas Gerais,31,153.95,-22.04501149999996,-45.54284800773542
3129301,Iapu,Minas Gerais,31,340.994,-19.351227999999963,-42.245888382608655
3129400,Ibertioga,Minas Gerais,31,346.24,-21.44847699999994,-43.952080493368655
3129509,Ibiá,Minas Gerais,31,2704.132,-19.60610749999995,-46.52649167721488
3129608,Ibiaí,Minas Gerais,31,874.76,-16.832549499999942,-44.77505814066188
3129657,Ibiracatu,Minas Gerais,31,353.257,-15.651035999999948,-44.09859900311055
3129707,Ibiraci,Minas Gerais,31,562.095,-20.389726499999966,-47.10507077947595
3129806,Ibirité,Minas Gerais,31,72.395,-20.022587149999964,-44.07377345316184
3129905,Ibitiúra de Minas,Minas Gerais,31,68.316,-22.066134499999947,-46.402123223028994
3130002,Ibituruna,Minas Gerais,31,153.106,-21.170350499999955,-44.77906368647537
3130051,Icaraí de Minas,Minas Gerais,31,625.664,-16.228650499999958,-44.92338068154398
3130101,Igarapé,Minas Gerais,31,110.942,-20.057332799999955,-44.32836762850523
3130200,Igaratinga,Minas Gerais,31,218.343,-19.975802499999958,-44.69170264225049
3130309,Iguatama,Minas Gerais,31,628.2,-20.13463399999995,-45.75037117250815
3130408,Ijaci,Minas Gerais,31,105.246,-21.174859999999967,-44.944467876701225
3130507,Ilicínea,Minas Gerais,31,376.341,-20.93574849999996,-45.78839080662462
3130556,Imbé de Minas,Minas Gerais,31,196.735,-19.63606649999997,-41.949590096759934
3130606,Inconfidentes,Minas Gerais,31,149.611,-22.345542449999954,-46.285539650869524
3130655,Indaiabira,Minas Gerais,31,1004.149,-15.563806999999969,-42.14970106574757
3130705,Indianópolis,Minas Gerais,31,830.03,-18.96684899999994,-47.85010180966002
3130804,Ingaí,Minas Gerais,31,305.591,-21.42413849999997,-44.92150256719363
3130903,Inhapim,Minas Gerais,31,858.024,-19.483634999999964,-42.10928489142516
3131000,Inhaúma,Minas Gerais,31,244.996,-19.499526999999972,-44.37744604878044
3131109,Inimutaba,Minas Gerais,31,527.06,-18.773665499999964,-44.31327718048971
3131158,Ipaba,Minas Gerais,31,113.246,-19.398754499999967,-42.37485475533305
3131208,Ipanema,Minas Gerais,31,456.641,-19.754797449999955,-41.72705603381002
3131307,Ipatinga,Minas Gerais,31,164.884,-19.444972999999948,-42.59935217662754
3131406,Ipiaçu,Minas Gerais,31,466.02,-18.706952499999943,-49.93955257330801
3131505,Ipuiúna,Minas Gerais,31,298.195,-22.00487899999996,-46.11485165094335
3131604,Iraí de Minas,Minas Gerais,31,356.264,-19.048517999999973,-47.48097697049627
3131703,Itabira,Minas Gerais,31,1253.704,-19.60340599999995,-43.300513607142804
3131802,Itabirinha,Minas Gerais,31,209.034,-18.55150599999996,-41.2465333139381
3131901,Itabirito,Minas Gerais,31,544.027,-20.25563699999998,-43.83417715010481
3132008,Itacambira,Minas Gerais,31,1788.445,-16.91079899999997,-43.29532882122325
3132107,Itacarambi,Minas Gerais,31,1225.273,-15.20618399999995,-44.08737670471011
3132206,Itaguara,Minas Gerais,31,410.468,-20.371213499999953,-44.53460617273995
3132305,Itaipé,Minas Gerais,31,480.829,-17.417491999999953,-41.67914026756438
3132404,Itajubá,Minas Gerais,31,294.835,-22.439416499999936,-45.44022794379778
3132503,Itamarandiba,Minas Gerais,31,2735.573,-17.84835149999995,-42.90141099717871
3132602,Itamarati de Minas,Minas Gerais,31,94.568,-21.426904999999977,-42.84648892957834
3132701,Itambacuri,Minas Gerais,31,1419.209,-18.177017999999975,-41.91408367136728
3132800,Itambé do Mato Dentro,Minas Gerais,31,380.34,-19.41025899999994,-43.34045334715022
3132909,Itamogi,Minas Gerais,31,243.714,-21.075989999999962,-47.04727462234061
3133006,Itamonte,Minas Gerais,31,431.792,-22.289452499999953,-44.75805835359507
3133105,Itanhandu,Minas Gerais,31,143.363,-22.328401499999956,-44.887404638425615
3133204,Itanhomi,Minas Gerais,31,488.843,-19.147858999999954,-41.811186631186345
3133303,Itaobim,Minas Gerais,31,679.024,-16.57769449999995,-41.52612250677866
3133402,Itapagipe,Minas Gerais,31,1802.438,-19.755935499999964,-49.42912610226289
3133501,Itapecerica,Minas Gerais,31,1040.519,-20.454998999999958,-45.10294521318545
3133600,Itapeva,Minas Gerais,31,177.312,-22.707127499999956,-46.23017200744184
3133709,Itatiaiuçu,Minas Gerais,31,295.145,-20.206117499999976,-44.4537749641585
3133758,Itaú de Minas,Minas Gerais,31,153.421,-20.734757499999944,-46.76903140657893
3133808,Itaúna,Minas Gerais,31,495.769,-20.080023499999953,-44.601223885399946
3133907,Itaverava,Minas Gerais,31,284.22,-20.678015999999957,-43.61965805555551
3134004,Itinga,Minas Gerais,31,1649.622,-16.59885449999996,-41.811127797025506
3134103,Itueta,Minas Gerais,31,452.676,-19.37324204999996,-41.06944841025333
3134202,Ituiutaba,Minas Gerais,31,2598.046,-18.985413499999964,-49.48510285406175
3134301,Itumirim,Minas Gerais,31,234.802,-21.280249149999946,-44.81705158380872
3134400,Iturama,Minas Gerais,31,1404.663,-19.713704999999948,-50.37215124052231
3134509,Itutinga,Minas Gerais,31,372.018,-21.340708499999977,-44.69285221545124
3134608,Jaboticatubas,Minas Gerais,31,1114.972,-19.42253249999993,-43.70323871365042
3134707,Jacinto,Minas Gerais,31,1393.609,-16.194800999999956,-40.31523766209995
3134806,Jacuí,Minas Gerais,31,409.229,-21.02423449999995,-46.75882802896659
3134905,Jacutinga,Minas Gerais,31,347.667,-22.285135499999967,-46.61849406554478
3135001,Jaguaraçu,Minas Gerais,31,163.76,-19.626827999999932,-42.71132370620663
3135050,Jaíba,Minas Gerais,31,2635.467,-15.249731499999967,-43.672202267608654
3135076,Jampruca,Minas Gerais,31,517.095,-18.478301499999958,-41.72010008833009
3135100,Janaúba,Minas Gerais,31,2181.319,-15.730075499999941,-43.44145908452495
3135209,Januária,Minas Gerais,31,6661.588,-15.320419999999956,-45.20144355120192
3135308,Japaraíba,Minas Gerais,31,172.141,-20.13387099999997,-45.53388490472436
3135357,Japonvar,Minas Gerais,31,375.181,-15.933455499999951,-44.26530138558881
3135407,Jeceaba,Minas Gerais,31,236.25,-20.554753999999946,-44.0248748581818
3135456,Jenipapo de Minas,Minas Gerais,31,284.453,-17.186605499999956,-42.17891492491583
3135506,Jequeri,Minas Gerais,31,547.897,-20.475412999999975,-42.627688484347956
3135605,Jequitaí,Minas Gerais,31,1268.443,-17.201031499999942,-44.48914435446981
3135704,Jequitibá,Minas Gerais,31,445.03,-19.20762549999995,-43.96514839198365
3135803,Jequitinhonha,Minas Gerais,31,3514.216,-16.40174099999993,-41.03738796116501
3135902,Jesuânia,Minas Gerais,31,153.852,-22.007634999999965,-45.26621074659757
3136009,Joaíma,Minas Gerais,31,1664.19,-16.797744999999964,-40.946431964539045
3136108,Joanésia,Minas Gerais,31,233.292,-19.226496999999966,-42.70114305374749
3136207,João Monlevade,Minas Gerais,31,99.158,-19.839479499999953,-43.164497178959586
3136306,João Pinheiro,Minas Gerais,31,10727.097,-17.645209499999964,-45.89313337307485
3136405,Joaquim Felício,Minas Gerais,31,790.935,-17.646486499999952,-44.071626820501976
3136504,Jordânia,Minas Gerais,31,546.705,-15.87411389999997,-40.31045264904157
3136520,José Gonçalves de Minas,Minas Gerais,31,381.332,-16.900293999999946,-42.65142092813788
3136553,José Raydan,Minas Gerais,31,180.822,-18.258453999999944,-42.462227136127595
3136579,Josenópolis,Minas Gerais,31,541.393,-16.52068399999996,-42.56904785526311
3136603,Nova União,Minas Gerais,31,172.131,-19.623842999999965,-43.570369800145805
3136652,Juatuba,Minas Gerais,31,97.017,-19.954957999999948,-44.36294959224577
3136702,Juiz de Fora,Minas Gerais,31,1435.749,-21.759953999999965,-43.452014275875804
3136801,Juramento,Minas Gerais,31,431.63,-16.852438499999977,-43.542613471375674
3136900,Juruaia,Minas Gerais,31,220.353,-21.22891299999995,-46.51286680503428
3136959,Juvenília,Minas Gerais,31,1064.692,-14.399212999999946,-43.95039372727183
3137007,Ladainha,Minas Gerais,31,866.29,-17.60658749999996,-41.80404253904425
3137106,Lagamar,Minas Gerais,31,1474.562,-18.028135499999962,-46.71763893895472
3137205,Lagoa da Prata,Minas Gerais,31,439.984,-19.99896099999995,-45.51292108216779
3137304,Lagoa dos Patos,Minas Gerais,31,600.547,-17.01240949999996,-44.659617548521226
3137403,Lagoa Dourada,Minas Gerais,31,476.693,-20.894106499999964,-44.06801643834197
3137502,Lagoa Formosa,Minas Gerais,31,840.92,-18.760703999999976,-46.312640630443624
3137536,Lagoa Grande,Minas Gerais,31,1236.301,-17.750149499999935,-46.457258275109126
3137601,Lagoa Santa,Minas Gerais,31,229.409,-19.62624349999996,-43.88555024357278
3137700,Lajinha,Minas Gerais,31,431.92,-20.120335499999953,-41.594811693025406
3137809,Lambari,Minas Gerais,31,213.11,-21.994973499999958,-45.39935006309519
3137908,Lamim,Minas Gerais,31,118.602,-20.776249999999948,-43.48476613207544
3138005,Laranjal,Minas Gerais,31,204.882,-21.35232499999995,-42.47255080694356
3138104,Lassance,Minas Gerais,31,3204.217,-17.875902999999965,-44.70987360644021
3138203,Lavras,Minas Gerais,31,564.744,-21.263193499999943,-45.020970991234464
3138302,Leandro Ferreira,Minas Gerais,31,352.005,-19.667761499999955,-45.03634351208348
3138351,Leme do Prado,Minas Gerais,31,280.036,-17.063143499999967,-42.72737767136656
3138401,Leopoldina,Minas Gerais,31,943.077,-21.54460949999995,-42.68064460417085
3138500,Liberdade,Minas Gerais,31,401.337,-22.008449499999955,-44.3225431177536
3138609,Lima Duarte,Minas Gerais,31,848.564,-21.79970849999995,-43.90456921882378
3138625,Limeira do Oeste,Minas Gerais,31,1317.153,-19.419774349999955,-50.69212542878502
3138658,Lontra,Minas Gerais,31,258.925,-15.840738499999958,-44.24202461713309
3138674,Luisburgo,Minas Gerais,31,145.418,-20.43506549999995,-42.068118414031574
3138682,Luislândia,Minas Gerais,31,411.714,-16.197277499999956,-44.60752115046293
3138708,Luminárias,Minas Gerais,31,500.143,-21.523357499999975,-44.90319259475801
3138807,Luz,Minas Gerais,31,1171.659,-19.863978999999944,-45.681026413043426
3138906,Machacalis,Minas Gerais,31,332.378,-17.08498899999995,-40.71250097544131
3139003,Machado,Minas Gerais,31,585.958,-21.67737699999995,-45.94955648550719
3139102,Madre de Deus de Minas,Minas Gerais,31,492.909,-21.49149099999994,-44.36340651748628
3139201,Malacacheta,Minas Gerais,31,727.886,-17.856577999999956,-42.14841664662066
3139250,Mamonas,Minas Gerais,31,284.365,-15.01399749999996,-42.9562709005198
3139300,Manga,Minas Gerais,31,1950.184,-14.669906999999938,-44.13032074666891
3139409,Manhuaçu,Minas Gerais,31,628.318,-20.183396499999958,-42.08306439304657
3139508,Manhumirim,Minas Gerais,31,182.9,-20.349290999999937,-41.93953534194064
3139607,Mantena,Minas Gerais,31,685.208,-18.68232224999994,-41.07342307610425
3139706,Maravilhas,Minas Gerais,31,261.604,-19.514377999999937,-44.67863707105683
3139805,Mar de Espanha,Minas Gerais,31,371.6,-21.864455999999933,-43.0034993083966
3139904,Maria da Fé,Minas Gerais,31,202.898,-22.31772749999996,-45.309126792431215
3140001,Mariana,Minas Gerais,31,1194.208,-20.335939999999937,-43.30219950091572
3140100,Marilac,Minas Gerais,31,158.809,-18.49999299999996,-42.08420292367002
3140159,Mário Campos,Minas Gerais,31,35.196,-20.07374749999994,-44.178440934352885
3140209,Maripá de Minas,Minas Gerais,31,77.338,-21.69635249999996,-42.959761118094704
3140308,Marliéria,Minas Gerais,31,545.813,-19.68221099999994,-42.59188201056071
3140407,Marmelópolis,Minas Gerais,31,107.902,-22.465544999999963,-45.17342247349639
3140506,Martinho Campos,Minas Gerais,31,1058.418,-19.388060499999966,-45.20017914976704
3140530,Martins Soares,Minas Gerais,31,113.268,-20.254471999999964,-41.837232284007264
3140555,Mata Verde,Minas Gerais,31,227.539,-15.767199499999947,-40.697559105745675
3140605,Materlândia,Minas Gerais,31,280.53,-18.467059999999947,-43.04970225194762
3140704,Mateus Leme,Minas Gerais,31,301.383,-20.03173849999996,-44.42939350076157
3140803,Matias Barbosa,Minas Gerais,31,157.066,-21.869940999999955,-43.306984560760625
3140852,Matias Cardoso,Minas Gerais,31,1940.598,-14.837786999999963,-43.72052686125056
3140902,Matipó,Minas Gerais,31,266.99,-20.30338649999996,-42.30081102657
3141009,Mato Verde,Minas Gerais,31,472.245,-15.456888999999933,-42.840367444501766
3141108,Matozinhos,Minas Gerais,31,252.453,-19.530700999999965,-44.04869384016278
3141207,Matutina,Minas Gerais,31,260.957,-19.184298999999953,-46.051132588509304
3141306,Medeiros,Minas Gerais,31,946.437,-20.021188499999965,-46.264764461718165
3141405,Medina,Minas Gerais,31,1435.903,-16.311878999999948,-41.4698477946882
3141504,Mendes Pimentel,Minas Gerais,31,305.507,-18.606249499999933,-41.358803663151065
3141603,Mercês,Minas Gerais,31,348.271,-21.177191499999964,-43.360346853260836
3141702,Mesquita,Minas Gerais,31,274.938,-19.24974149999997,-42.611497652177924
3141801,Minas Novas,Minas Gerais,31,1812.398,-17.35510899999997,-42.381747542307664
3141900,Minduri,Minas Gerais,31,219.774,-21.67492299999995,-44.62619483230753
3142007,Mirabela,Minas Gerais,31,723.278,-16.258302999999955,-44.13075665894273
3142106,Miradouro,Minas Gerais,31,301.672,-20.85329399999995,-42.40864949519975
3142205,Miraí,Minas Gerais,31,320.695,-21.144008999999954,-42.636457122245815
3142254,Miravânia,Minas Gerais,31,602.128,-14.749991499999965,-44.40292957790545
3142304,Moeda,Minas Gerais,31,155.112,-20.32962299999997,-44.004520115090294
3142403,Moema,Minas Gerais,31,202.705,-19.844798499999968,-45.4343727894706
3142502,Monjolos,Minas Gerais,31,650.911,-18.392740499999945,-43.99754861476977
3142601,Monsenhor Paulo,Minas Gerais,31,216.54,-21.730422999999973,-45.488128165309995
3142700,Montalvânia,Minas Gerais,31,1503.755,-14.471811999999943,-44.52837795837286
3142809,Monte Alegre de Minas,Minas Gerais,31,2595.957,-18.81370149999995,-48.84083989799853
3142908,Monte Azul,Minas Gerais,31,1001.296,-15.21785449999993,-43.03680169070938
3143005,Monte Belo,Minas Gerais,31,421.283,-21.305976499999957,-46.32987884130978
3143104,Monte Carmelo,Minas Gerais,31,1343.035,-18.71526149999994,-47.43821657176264
3143153,Monte Formoso,Minas Gerais,31,385.553,-16.882012499999945,-41.271381277015266
3143203,Monte Santo de Minas,Minas Gerais,31,594.632,-21.205081499999977,-46.970704672072664
3143302,Montes Claros,Minas Gerais,31,3589.811,-16.61490749999996,-43.889438118019996
3143401,Monte Sião,Minas Gerais,31,291.594,-22.428229999999957,-46.53429883539705
3143450,Montezuma,Minas Gerais,31,1130.419,-15.206326999999959,-42.48418861244967
3143500,Morada Nova de Minas,Minas Gerais,31,2084.275,-18.563019999999938,-45.42824454213695
3143609,Morro da Garça,Minas Gerais,31,414.772,-18.603817499999963,-44.61227109398078
3143708,Morro do Pilar,Minas Gerais,31,477.548,-19.218523499999975,-43.40184348799254
3143807,Munhoz,Minas Gerais,31,191.599,-22.635455699999966,-46.30804512432147
3143906,Muriaé,Minas Gerais,31,841.693,-21.086323499999935,-42.40121710221635
3144003,Mutum,Minas Gerais,31,1250.824,-19.932002499999953,-41.446709822436794
3144102,Muzambinho,Minas Gerais,31,409.948,-21.373175999999972,-46.53558379190747
3144201,Nacip Raydan,Minas Gerais,31,233.493,-18.485844499999956,-42.1943941134101
3144300,Nanuque,Minas Gerais,31,1518.166,-17.735597999999953,-40.44475394168897
3144359,Naque,Minas Gerais,31,127.173,-19.175835999999947,-42.32560775715397
3144375,Natalândia,Minas Gerais,31,468.66,-16.538828999999936,-46.4746164132921
3144409,Natércia,Minas Gerais,31,188.719,-22.143930499999954,-45.56056446445248
3144508,Nazareno,Minas Gerais,31,341.453,-21.212914999999953,-44.6485763341708
3144607,Nepomuceno,Minas Gerais,31,582.553,-21.21037549999997,-45.263030279467145
3144656,Ninheira,Minas Gerais,31,1108.256,-15.31428349999996,-41.70831327154063
3144672,Nova Belém,Minas Gerais,31,146.775,-18.488764499999945,-41.10208930877055
3144706,Nova Era,Minas Gerais,31,361.926,-19.695233499999972,-43.03236764408652
3144805,Nova Lima,Minas Gerais,31,429.313,-20.075580499999944,-43.911240786870486
3144904,Nova Módica,Minas Gerais,31,375.973,-18.43900549999995,-41.52895917419626
3145000,Nova Ponte,Minas Gerais,31,1111.011,-19.247536499999967,-47.721571953615815
3145059,Nova Porteirinha,Minas Gerais,31,120.943,-15.71837199999996,-43.270334749999954
3145109,Nova Resende,Minas Gerais,31,390.152,-21.08306399999995,-46.437646588932765
3145208,Nova Serrana,Minas Gerais,31,282.472,-19.85906049999994,-44.98109902527538
3145307,Novo Cruzeiro,Minas Gerais,31,1702.981,-17.364716999999956,-41.91915227300238
3145356,Novo Oriente de Minas,Minas Gerais,31,755.151,-17.24021099999996,-41.265382726770284
3145372,Novorizonte,Minas Gerais,31,271.61,-16.003859499999948,-42.38383583266853
3145406,Olaria,Minas Gerais,31,178.242,-21.90926049999996,-43.947305523523944
3145455,Olhos-d'Água,Minas Gerais,31,2092.078,-17.548321649999963,-43.67384344110167
3145505,Olímpio Noronha,Minas Gerais,31,54.633,-22.085076999999956,-45.29060106259513
3145604,Oliveira,Minas Gerais,31,897.294,-20.75383199999993,-44.70245952351912
3145703,Oliveira Fortes,Minas Gerais,31,111.13,-21.329076499999957,-43.50772112774652
3145802,Onça de Pitangui,Minas Gerais,31,246.976,-19.69849599999995,-44.73419787064674
3145851,Oratórios,Minas Gerais,31,89.068,-20.437119499999966,-42.785082376358666
3145877,Orizânia,Minas Gerais,31,121.8,-20.512227499999966,-42.21500618111427
3145901,Ouro Branco,Minas Gerais,31,258.726,-20.526002999999946,-43.662962756678255
3146008,Ouro Fino,Minas Gerais,31,533.714,-22.26683349999996,-46.36321415789472
3146107,Ouro Preto,Minas Gerais,31,1245.865,-20.396627499999965,-43.70187764227891
3146206,Ouro Verde de Minas,Minas Gerais,31,175.482,-18.032142499999935,-41.297406946753114
3146255,Padre Carvalho,Minas Gerais,31,446.275,-16.30912699999996,-42.555832328075866
3146305,Padre Paraíso,Minas Gerais,31,544.375,-17.060089499999975,-41.528005117549796
3146404,Paineiras,Minas Gerais,31,637.309,-18.903359999999964,-45.56533685906142
3146503,Pains,Minas Gerais,31,421.862,-20.39793149999997,-45.681873329545425
3146552,Pai Pedro,Minas Gerais,31,839.805,-15.349435499999942,-43.21572398576083
3146602,Paiva,Minas Gerais,31,58.419,-21.29216999999997,-43.42871899565213
3146701,Palma,Minas Gerais,31,316.476,-21.441404799999958,-42.33862583570502
3146750,Palmópolis,Minas Gerais,31,433.154,-16.77872599999995,-40.40351944283151
3146909,Papagaios,Minas Gerais,31,553.577,-19.37184099999996,-44.660602257256855
3147006,Paracatu,Minas Gerais,31,8231.029,-17.10874649999994,-46.774440891377935
3147105,Pará de Minas,Minas Gerais,31,551.247,-19.845839499999954,-44.642433656779616
3147204,Paraguaçu,Minas Gerais,31,424.296,-21.568731499999956,-45.75844306451609
3147303,Paraisópolis,Minas Gerais,31,331.238,-22.580190499999958,-45.80637598343088
3147402,Paraopeba,Minas Gerais,31,625.631,-19.279770999999954,-44.336208015024305
3147501,Passabém,Minas Gerais,31,94.183,-19.359843499999954,-43.18516087644694
3147600,Passa Quatro,Minas Gerais,31,277.221,-22.40300149999996,-44.93923631302293
3147709,Passa Tempo,Minas Gerais,31,429.172,-20.64996549999995,-44.48482449680063
3147808,Passa Vinte,Minas Gerais,31,246.565,-22.16879199999994,-44.260831122928145
3147907,Passos,Minas Gerais,31,1338.07,-20.72685549999997,-46.56079771858643
3147956,Patis,Minas Gerais,31,444.196,-16.088186999999948,-44.100618558215075
3148004,Patos de Minas,Minas Gerais,31,3190.456,-18.635157499999963,-46.105547044697715
3148103,Patrocínio,Minas Gerais,31,2874.344,-18.98530299999993,-47.05053740769225
3148202,Patrocínio do Muriaé,Minas Gerais,31,108.246,-21.171439499999963,-42.259445910268816
3148301,Paula Cândido,Minas Gerais,31,268.321,-20.870510999999965,-42.990064634098346
3148400,Paulistas,Minas Gerais,31,220.564,-18.45438699999997,-42.868648618523956
3148509,Pavão,Minas Gerais,31,601.19,-17.464583499999975,-41.10116451516047
3148608,Peçanha,Minas Gerais,31,996.646,-18.53870399999994,-42.52860271428567
3148707,Pedra Azul,Minas Gerais,31,1594.651,-15.95425949999995,-41.173838536347915
3148756,Pedra Bonita,Minas Gerais,31,173.928,-20.469507499999935,-42.36886777825259
3148806,Pedra do Anta,Minas Gerais,31,173.168,-20.594678499999958,-42.72326283520331
3148905,Pedra do Indaiá,Minas Gerais,31,347.92,-20.288809999999955,-45.22977407213433
3149002,Pedra Dourada,Minas Gerais,31,69.99,-20.82780749999995,-42.15504384486162
3149101,Pedralva,Minas Gerais,31,217.989,-22.247435499999938,-45.463458029801075
3149150,Pedras de Maria da Cruz,Minas Gerais,31,1525.648,-15.581552999999957,-44.23950185640496
3149200,Pedrinópolis,Minas Gerais,31,357.891,-19.189539999999965,-47.523448225661575
3149309,Pedro Leopoldo,Minas Gerais,31,292.831,-19.62850599999996,-44.07161039283494
3149408,Pedro Teixeira,Minas Gerais,31,112.959,-21.731653999999935,-43.72014016591299
3149507,Pequeri,Minas Gerais,31,90.833,-21.82473449999995,-43.11146638613591
3149606,Pequi,Minas Gerais,31,203.991,-19.619412999999952,-44.64852539565214
3149705,Perdigão,Minas Gerais,31,249.322,-19.921495499999935,-45.05367703884697
3149804,Perdizes,Minas Gerais,31,2451.112,-19.428688999999963,-47.10423539478257
3149903,Perdões,Minas Gerais,31,270.657,-21.063789999999955,-45.05560275331881
3149952,Periquito,Minas Gerais,31,228.907,-19.08485049999996,-42.22483732383955
3150000,Pescador,Minas Gerais,31,317.463,-18.336829499999965,-41.571672692222336
3150109,Piau,Minas Gerais,31,192.196,-21.509812499999953,-43.33036185109505
3150158,Piedade de Caratinga,Minas Gerais,31,109.345,-19.76244449999996,-42.04770241790733
3150208,Piedade de Ponte Nova,Minas Gerais,31,83.733,-20.240206499999942,-42.733743317244574
3150307,Piedade do Rio Grande,Minas Gerais,31,322.814,-21.486652499999934,-44.14582126586875
3150406,Piedade dos Gerais,Minas Gerais,31,259.638,-20.48494649999995,-44.25216089916665
3150505,Pimenta,Minas Gerais,31,414.969,-20.514071999999942,-45.80149116064263
3150539,Pingo-d'Água,Minas Gerais,31,66.57,-19.74245849999994,-42.42062628983268
3150570,Pintópolis,Minas Gerais,31,1228.736,-16.05835799999997,-45.22608801866238
3150604,Piracema,Minas Gerais,31,280.335,-20.519938499999938,-44.43154867433398
3150703,Pirajuba,Minas Gerais,31,337.98,-19.94339199999996,-48.656478758948026
3150802,Piranga,Minas Gerais,31,658.812,-20.625318499999935,-43.310542703370196
3150901,Piranguçu,Minas Gerais,31,203.619,-22.55844499999995,-45.51504016476353
3151008,Piranguinho,Minas Gerais,31,124.803,-22.378879499999954,-45.55072177717386
3151107,Pirapetinga,Minas Gerais,31,190.681,-21.664226999999954,-42.358910903657325
3151206,Pirapora,Minas Gerais,31,549.514,-17.37937699999995,-44.86199568223623
3151305,Piraúba,Minas Gerais,31,144.289,-21.261529499999938,-43.035891202464995
3151404,Pitangui,Minas Gerais,31,569.636,-19.58879749999994,-44.87563465188782
3151503,Piumhi,Minas Gerais,31,902.468,-20.45909599999996,-46.05071135461205
3151602,Planura,Minas Gerais,31,317.52,-20.070420499999955,-48.633166733666016
3151701,Poço Fundo,Minas Gerais,31,474.244,-21.81007699999995,-45.99181684879086
3151800,Poços de Caldas,Minas Gerais,31,546.958,-21.82052534999997,-46.577403972034226
3151909,Pocrane,Minas Gerais,31,691.066,-19.55522449999995,-41.551627672282066
3152006,Pompéu,Minas Gerais,31,2551.074,-19.14712099999994,-44.88859610267109
3152105,Ponte Nova,Minas Gerais,31,470.643,-20.42070949999996,-42.92484089952359
3152131,Ponto Chique,Minas Gerais,31,602.799,-16.60499699999997,-44.950101342466226
3152170,Ponto dos Volantes,Minas Gerais,31,1212.413,-16.841526499999958,-41.53129419311975
3152204,Porteirinha,Minas Gerais,31,1749.683,-15.746901999999949,-43.072779305585826
3152303,Porto Firme,Minas Gerais,31,284.777,-20.666294999999963,-43.073168908179426
3152402,Poté,Minas Gerais,31,625.111,-17.806390999999962,-41.75993552486908
3152501,Pouso Alegre,Minas Gerais,31,542.797,-22.262075499999952,-45.9529036194444
3152600,Pouso Alto,Minas Gerais,31,263.034,-22.177188349999966,-44.93916477774428
3152709,Prados,Minas Gerais,31,264.115,-21.116423999999967,-44.077463508741204
3152808,Prata,Minas Gerais,31,4847.544,-19.275346999999954,-48.96054736398905
3152907,Pratápolis,Minas Gerais,31,215.516,-20.783466999999973,-46.876429564497755
3153004,Pratinha,Minas Gerais,31,622.478,-19.762836999999934,-46.3897961931383
3153103,Presidente Bernardes,Minas Gerais,31,236.798,-20.777485999999953,-43.15527821427381
3153202,Presidente Juscelino,Minas Gerais,31,695.882,-18.713104499999957,-44.073754000744145
3153301,Presidente Kubitschek,Minas Gerais,31,189.235,-18.625693499999954,-43.581531450410026
3153400,Presidente Olegário,Minas Gerais,31,3503.848,-18.16196149999996,-46.295500490566
3153509,Alto Jequitibá,Minas Gerais,31,152.272,-20.43842399999997,-41.95330665579706
3153608,Prudente de Morais,Minas Gerais,31,124.189,-19.469545499999953,-44.125358073735505
3153707,Quartel Geral,Minas Gerais,31,556.436,-19.25956199999993,-45.62878608526008
3153806,Queluzito,Minas Gerais,31,153.56,-20.731229499999955,-43.899823728260834
3153905,Raposos,Minas Gerais,31,72.228,-19.978223449999945,-43.778884107970974
3154002,Raul Soares,Minas Gerais,31,763.364,-20.024123499999945,-42.413745557951444
3154101,Recreio,Minas Gerais,31,234.296,-21.518328999999937,-42.455489623188356
3154150,Reduto,Minas Gerais,31,151.859,-20.23336599999996,-41.94896016219862
3154200,Resende Costa,Minas Gerais,31,618.312,-20.863895499999956,-44.288252951297835
3154309,Resplendor,Minas Gerais,31,1081.796,-19.218373499999956,-41.152813746698996
3154408,Ressaquinha,Minas Gerais,31,183.062,-21.084192999999942,-43.73403345951165
3154457,Riachinho,Minas Gerais,31,1719.266,-16.272801499999957,-45.9612515748172
3154507,Riacho dos Machados,Minas Gerais,31,1315.54,-16.04319849999996,-42.950194495346246
3154606,Ribeirão das Neves,Minas Gerais,31,155.105,-19.777443649999952,-44.05961769679073
3154705,Ribeirão Vermelho,Minas Gerais,31,49.251,-21.14980449999996,-45.07898431734334
3154804,Rio Acima,Minas Gerais,31,228.394,-20.099556999999947,-43.763061292040916
3154903,Rio Casca,Minas Gerais,31,384.381,-20.131434999999954,-42.694376126612525
3155009,Rio Doce,Minas Gerais,31,112.094,-20.21274299999996,-42.923234172170986
3155108,Rio do Prado,Minas Gerais,31,479.815,-16.684111499999943,-40.558180661397614
3155207,Rio Espera,Minas Gerais,31,238.602,-20.859024499999975,-43.49779202100058
3155306,Rio Manso,Minas Gerais,31,231.54,-20.255697999999967,-44.328043644570855
3155405,Rio Novo,Minas Gerais,31,209.31,-21.481146499999966,-43.12756745629227
3155504,Rio Paranaíba,Minas Gerais,31,1352.353,-19.24718699999994,-46.31843144388266
3155603,Rio Pardo de Minas,Minas Gerais,31,3117.675,-15.773991499999966,-42.49882089285711
3155702,Rio Piracicaba,Minas Gerais,31,373.037,-19.961256499999962,-43.13546368478258
3155801,Rio Pomba,Minas Gerais,31,252.418,-21.23378649999995,-43.18257965692311
3155900,Rio Preto,Minas Gerais,31,348.046,-22.04999449999997,-43.848743979248965
3156007,Rio Vermelho,Minas Gerais,31,986.561,-18.24877399999997,-43.075368297762914
3156106,Ritápolis,Minas Gerais,31,404.805,-20.976414499999947,-44.36702444254084
3156205,Rochedo de Minas,Minas Gerais,31,79.402,-21.640499499999947,-43.02386778764639
3156304,Rodeiro,Minas Gerais,31,72.673,-21.213513999999947,-42.8361147166479
3156403,Romaria,Minas Gerais,31,407.557,-18.906838499999935,-47.55502159329518
3156452,Rosário da Limeira,Minas Gerais,31,111.156,-20.983034499999974,-42.500858724890804
3156502,Rubelita,Minas Gerais,31,1110.295,-16.36195399999997,-42.1890053190335
3156601,Rubim,Minas Gerais,31,965.174,-16.441881499999937,-40.5098378755389
3156700,Sabará,Minas Gerais,31,302.453,-19.846018099999952,-43.825667513944595
3156809,Sabinópolis,Minas Gerais,31,919.811,-18.649621999999937,-43.042101236238494
3156908,Sacramento,Minas Gerais,31,3073.268,-19.85614149999998,-47.36279276875867
3157005,Salinas,Minas Gerais,31,1862.117,-16.085590499999938,-42.111032471876335
3157104,Salto da Divisa,Minas Gerais,31,938.008,-16.12232999999995,-39.9985862122729
3157203,Santa Bárbara,Minas Gerais,31,684.505,-20.05361849999997,-43.587889625837065
3157252,Santa Bárbara do Leste,Minas Gerais,31,107.402,-19.951998999999944,-42.12518047933759
3157278,Santa Bárbara do Monte Verde,Minas Gerais,31,417.925,-21.961863499999964,-43.712296106164345
3157302,Santa Bárbara do Tugúrio,Minas Gerais,31,194.564,-21.24362599999995,-43.52466860537187
3157336,Santa Cruz de Minas,Minas Gerais,31,3.565,-21.121158399999956,-44.21783796729481
3157377,Santa Cruz de Salinas,Minas Gerais,31,589.607,-16.045917499999945,-41.81723186392401
3157401,Santa Cruz do Escalvado,Minas Gerais,31,258.726,-20.22907399999994,-42.825907196818136
3157500,Santa Efigênia de Minas,Minas Gerais,31,131.965,-18.863504499999948,-42.3997943899402
3157609,Santa Fé de Minas,Minas Gerais,31,2917.448,-16.73329199999995,-45.565202837558346
3157658,Santa Helena de Minas,Minas Gerais,31,276.433,-16.90894549999996,-40.67415715281787
3157708,Santa Juliana,Minas Gerais,31,723.784,-19.37946199999996,-47.51275163850788
3157807,Santa Luzia,Minas Gerais,31,235.205,-19.726623149999938,-43.83520402079737
3157906,Santa Margarida,Minas Gerais,31,255.73,-20.43859249999994,-42.27464819846246
3158003,Santa Maria de Itabira,Minas Gerais,31,597.441,-19.431124999999952,-43.13132284762346
3158102,Santa Maria do Salto,Minas Gerais,31,440.605,-16.295351499999953,-40.12965150157973
3158201,Santa Maria do Suaçuí,Minas Gerais,31,624.047,-18.208133999999944,-42.36261018558949
3158300,Santana da Vargem,Minas Gerais,31,172.444,-21.259681499999942,-45.51533275047166
3158409,Santana de Cataguases,Minas Gerais,31,161.486,-21.277688999999953,-42.54044783197165
3158508,Santana de Pirapama,Minas Gerais,31,1255.832,-18.88814899999997,-43.8672735168667
3158607,Santana do Deserto,Minas Gerais,31,182.655,-21.93930199999994,-43.18167687641039
3158706,Santana do Garambéu,Minas Gerais,31,203.074,-21.637238999999965,-44.05263624879514
3158805,Santana do Jacaré,Minas Gerais,31,106.169,-20.88005899999996,-45.04594482242985
3158904,Santana do Manhuaçu,Minas Gerais,31,347.362,-20.049973999999963,-41.89975550296943
3158953,Santana do Paraíso,Minas Gerais,31,276.067,-19.391587999999956,-42.504421087665634
3159001,Santana do Riacho,Minas Gerais,31,677.207,-19.18216149999995,-43.636622195945904
3159100,Santana dos Montes,Minas Gerais,31,196.565,-20.78810349999995,-43.66563945059876
3159209,Santa Rita de Caldas,Minas Gerais,31,503.011,-22.019590999999934,-46.288133440640124
3159308,Santa Rita de Jacutinga,Minas Gerais,31,420.94,-22.112825999999956,-44.09449870887558
3159357,Santa Rita de Minas,Minas Gerais,31,68.153,-19.874818499999947,-42.11674353658003
3159407,Santa Rita de Ibitipoca,Minas Gerais,31,324.234,-21.589234999999974,-43.94064160429575
3159506,Santa Rita do Itueto,Minas Gerais,31,485.081,-19.406379499999957,-41.38236812795507
3159605,Santa Rita do Sapucaí,Minas Gerais,31,352.969,-22.240061499999968,-45.69765972555585
3159704,Santa Rosa da Serra,Minas Gerais,31,284.334,-19.55686099999997,-46.03138687455433
3159803,Santa Vitória,Minas Gerais,31,2998.364,-18.97810549999997,-50.23614052274208
3159902,Santo Antônio do Amparo,Minas Gerais,31,488.885,-20.91764749999996,-44.92416270033577
3160009,Santo Antônio do Aventureiro,Minas Gerais,31,202.032,-21.749719999999968,-42.8194425278883
3160108,Santo Antônio do Grama,Minas Gerais,31,130.213,-20.32111249999994,-42.604970895735335
3160207,Santo Antônio do Itambé,Minas Gerais,31,305.737,-18.494125999999966,-43.2663075143099
3160306,Santo Antônio do Jacinto,Minas Gerais,31,503.706,-16.52731824999995,-40.26588589291513
3160405,Santo Antônio do Monte,Minas Gerais,31,1125.78,-20.093805999999944,-45.24612824545453
3160454,Santo Antônio do Retiro,Minas Gerais,31,796.29,-15.267425499999945,-42.673410462631196
3160504,Santo Antônio do Rio Abaixo,Minas Gerais,31,107.269,-19.23583999999994,-43.2469892741935
3160603,Santo Hipólito,Minas Gerais,31,430.656,-18.392251499999958,-44.1896829661211
3160702,Santos Dumont,Minas Gerais,31,637.373,-21.481579499999953,-43.51740006022431
3160801,São Bento Abade,Minas Gerais,31,80.403,-21.565542499999964,-45.07671915286551
3160900,São Brás do Suaçuí,Minas Gerais,31,110.019,-20.62831799999995,-43.976933311122295
3160959,São Domingos das Dores,Minas Gerais,31,60.865,-19.514411499999966,-42.03492463849877
3161007,São Domingos do Prata,Minas Gerais,31,743.768,-19.878901499999955,-42.959537237422296
3161056,São Félix de Minas,Minas Gerais,31,162.56,-18.56838149999996,-41.45191016216212
3161106,São Francisco,Minas Gerais,31,3308.1,-15.858265499999959,-44.889613341678725
3161205,São Francisco de Paula,Minas Gerais,31,316.822,-20.69452899999996,-44.99644277124501
3161304,São Francisco de Sales,Minas Gerais,31,1128.864,-19.774768999999964,-49.88032125470657
3161403,São Francisco do Glória,Minas Gerais,31,164.613,-20.78391549999995,-42.289003825181126
3161502,São Geraldo,Minas Gerais,31,185.578,-20.908900999999958,-42.82695336872367
3161601,São Geraldo da Piedade,Minas Gerais,31,152.336,-18.89645399999995,-42.31104190874416
3161650,São Geraldo do Baixio,Minas Gerais,31,280.954,-18.927952499999947,-41.37582890831483
3161700,São Gonçalo do Abaeté,Minas Gerais,31,2692.545,-18.17732049999995,-45.50562511151911
3161809,São Gonçalo do Pará,Minas Gerais,31,265.73,-19.972629999999953,-44.83026413322979
3161908,São Gonçalo do Rio Abaixo,Minas Gerais,31,363.828,-19.797481499999975,-43.304945135869524
3162005,São Gonçalo do Sapucaí,Minas Gerais,31,516.683,-21.90394249999997,-45.611192097267136
3162104,São Gotardo,Minas Gerais,31,866.087,-19.366369049999946,-45.99866772504185
3162203,São João Batista do Glória,Minas Gerais,31,547.908,-20.534607999999963,-46.423042899484514
3162252,São João da Lagoa,Minas Gerais,31,998.015,-16.851537499999978,-44.37661360704868
3162302,São João da Mata,Minas Gerais,31,120.536,-21.94822899999997,-45.92103301297721
3162401,São João da Ponte,Minas Gerais,31,1851.102,-15.911866999999944,-43.90762306723575
3162450,São João das Missões,Minas Gerais,31,678.274,-14.880480999999946,-44.25487067931083
3162500,São João del Rei,Minas Gerais,31,1452.002,-21.238029499999953,-44.25356665958135
3162559,São João do Manhuaçu,Minas Gerais,31,143.096,-20.378507499999955,-42.15236364250507
3162575,São João do Manteninha,Minas Gerais,31,137.928,-18.739127999999965,-41.16679698547672
3162609,São João do Oriente,Minas Gerais,31,120.122,-19.35080199999996,-42.16625483749496
3162658,São João do Pacuí,Minas Gerais,31,415.922,-16.551898999999963,-44.54307595100926
3162708,São João do Paraíso,Minas Gerais,31,1925.575,-15.360168499999958,-42.04700949009896
3162807,São João Evangelista,Minas Gerais,31,478.183,-18.496907499999963,-42.75901819141216
3162906,São João Nepomuceno,Minas Gerais,31,407.427,-21.58757849999995,-42.940028376699885
3162922,São Joaquim de Bicas,Minas Gerais,31,71.758,-20.062653499999954,-44.24895864227243
3162948,São José da Barra,Minas Gerais,31,308.319,-20.760179499999964,-46.22643690887092
3162955,São José da Lapa,Minas Gerais,31,48.034,-19.696069999999963,-43.98619838479871
3163003,São José da Safira,Minas Gerais,31,213.881,-18.325906499999945,-42.129840877352684
3163102,São José da Varginha,Minas Gerais,31,205.501,-19.699627999999933,-44.564089338658974
3163201,São José do Alegre,Minas Gerais,31,88.794,-22.320723999999956,-45.52241110456865
3163300,São José do Divino,Minas Gerais,31,328.704,-18.40039649999997,-41.38194126515147
3163409,São José do Goiabal,Minas Gerais,31,189.578,-19.937927499999944,-42.699745907637734
3163508,São José do Jacuri,Minas Gerais,31,345.146,-18.24355149999994,-42.682027573778655
3163607,São José do Mantimento,Minas Gerais,31,54.701,-20.025158499999947,-41.774426829512464
3163706,São Lourenço,Minas Gerais,31,58.019,-22.114645449999955,-45.04227392306643
3163805,São Miguel do Anta,Minas Gerais,31,152.111,-20.746744999999947,-42.686712718589476
3163904,São Pedro da União,Minas Gerais,31,260.827,-21.104540999999955,-46.60393131883531
3164001,São Pedro dos Ferros,Minas Gerais,31,402.739,-20.074753499999957,-42.57631265140108
3164100,São Pedro do Suaçuí,Minas Gerais,31,308.106,-18.365690499999943,-42.60651711474357
3164209,São Romão,Minas Gerais,31,2434.004,-16.354034999999953,-45.379604002975995
3164308,São Roque de Minas,Minas Gerais,31,2098.867,-20.180365999999964,-46.54845892165719
3164407,São Sebastião da Bela Vista,Minas Gerais,31,167.428,-22.165647999999948,-45.75743412171512
3164431,São Sebastião da Vargem Alegre,Minas Gerais,31,73.629,-21.015425499999964,-42.59269831048281
3164472,São Sebastião do Anta,Minas Gerais,31,80.618,-19.50550599999997,-41.9647995670059
3164506,São Sebastião do Maranhão,Minas Gerais,31,517.83,-18.045488999999947,-42.537982886829184
3164605,São Sebastião do Oeste,Minas Gerais,31,408.09,-20.253465499999947,-45.0174048802847
3164704,São Sebastião do Paraíso,Minas Gerais,31,814.925,-20.90227349999995,-47.044347649793735
3164803,São Sebastião do Rio Preto,Minas Gerais,31,128.002,-19.294986999999963,-43.17832529280545
3164902,São Sebastião do Rio Verde,Minas Gerais,31,90.848,-22.21133839999996,-45.02510746717387
3165008,São Tiago,Minas Gerais,31,572.4,-20.94453349999995,-44.56416124999997
3165107,São Tomás de Aquino,Minas Gerais,31,277.928,-20.780244049999936,-47.12740118249929
3165206,São Tomé das Letras,Minas Gerais,31,369.747,-21.74037599999997,-44.9760540716253
3165305,São Vicente de Minas,Minas Gerais,31,392.651,-21.658826999999945,-44.475262128153176
3165404,Sapucaí-Mirim,Minas Gerais,31,285.073,-22.796304499999962,-45.857881635970614
3165503,Sardoá,Minas Gerais,31,141.904,-18.78066249999995,-42.418166599096836
3165537,Sarzedo,Minas Gerais,31,62.134,-20.058217999999954,-44.1170614985714
3165552,Setubinha,Minas Gerais,31,534.655,-17.609455999999966,-42.143226217490266
3165560,Sem-Peixe,Minas Gerais,31,176.634,-20.081845499999957,-42.83213390965419
3165578,Senador Amaral,Minas Gerais,31,151.097,-22.558193999999958,-46.222193434565156
3165602,Senador Cortes,Minas Gerais,31,98.336,-21.76063199999996,-42.8993793236514
3165701,Senador Firmino,Minas Gerais,31,166.495,-20.89918899999995,-43.0982499939446
3165800,Senador José Bento,Minas Gerais,31,93.892,-22.156380999999953,-46.14467166885878
3165909,Senador Modestino Gonçalves,Minas Gerais,31,952.055,-17.835222499999958,-43.25503339448048
3166006,Senhora de Oliveira,Minas Gerais,31,170.749,-20.80891699999995,-43.35208451195848
3166105,Senhora do Porto,Minas Gerais,31,381.328,-18.91255849999996,-43.087542724091335
3166204,Senhora dos Remédios,Minas Gerais,31,237.815,-21.04063549999995,-43.59140402879322
3166303,Sericita,Minas Gerais,31,166.012,-20.494250999999963,-42.44964515074867
3166402,Seritinga,Minas Gerais,31,114.769,-21.91733599999995,-44.46973794668538
3166501,Serra Azul de Minas,Minas Gerais,31,218.595,-18.390504999999962,-43.200975877359596
3166600,Serra da Saudade,Minas Gerais,31,335.659,-19.37653249999994,-45.76925908867921
3166709,Serra dos Aimorés,Minas Gerais,31,213.574,-17.753418249999953,-40.26182783730455
3166808,Serra do Salitre,Minas Gerais,31,1295.272,-19.126733499999972,-46.63084694880375
3166907,Serrania,Minas Gerais,31,209.27,-21.57096599999994,-46.11512770811832
3166956,Serranópolis de Minas,Minas Gerais,31,551.954,-15.870412999999957,-42.896538175687624
3167004,Serranos,Minas Gerais,31,213.173,-21.82775449999997,-44.5197264379385
3167103,Serro,Minas Gerais,31,1217.813,-18.51751749999997,-43.49000826861669
3167202,Sete Lagoas,Minas Gerais,31,536.928,-19.445998999999944,-44.266806374518325
3167301,Silveirânia,Minas Gerais,31,157.456,-21.145660499999963,-43.2047020981893
3167400,Silvianópolis,Minas Gerais,31,312.166,-22.03641019999995,-45.802892732728914
3167509,Simão Pereira,Minas Gerais,31,135.689,-21.964429999999936,-43.29882520766125
3167608,Simonésia,Minas Gerais,31,486.543,-19.99985314999995,-42.04544482093316
3167707,Sobrália,Minas Gerais,31,206.787,-19.224573499999963,-42.134627533566274
3167806,Soledade de Minas,Minas Gerais,31,196.866,-22.030164999999954,-45.03148837820793
3167905,Tabuleiro,Minas Gerais,31,211.084,-21.358849499999963,-43.265908917776954
3168002,Taiobeiras,Minas Gerais,31,1220.045,-15.818351349999972,-42.06645820216721
3168051,Taparuba,Minas Gerais,31,193.082,-19.749412999999947,-41.61482746017169
3168101,Tapira,Minas Gerais,31,1179.248,-19.913175999999964,-46.848066864419096
3168200,Tapiraí,Minas Gerais,31,407.92,-19.874021999999968,-46.16441380835749
3168309,Taquaraçu de Minas,Minas Gerais,31,329.287,-19.63008999999994,-43.68006715711459
3168408,Tarumirim,Minas Gerais,31,731.753,-19.28823749999995,-41.89331865467099
3168507,Teixeiras,Minas Gerais,31,166.735,-20.626537999999954,-42.85085298097546
3168606,Teófilo Otoni,Minas Gerais,31,3242.27,-17.686008999999956,-41.384413100351054
3168705,Timóteo,Minas Gerais,31,144.381,-19.553776999999968,-42.60580506422921
3168804,Tiradentes,Minas Gerais,31,83.047,-21.115540499999952,-44.16016539575322
3168903,Tiros,Minas Gerais,31,2091.774,-18.837024999999954,-45.81269443192215
3169000,Tocantins,Minas Gerais,31,173.866,-21.18176349999996,-43.01830203886812
3169059,Tocos do Moji,Minas Gerais,31,114.705,-22.357368099999945,-46.158740643558474
3169109,Toledo,Minas Gerais,31,136.776,-22.707810999999936,-46.380374104133
3169208,Tombos,Minas Gerais,31,285.124,-20.891115049999968,-42.06688600714557
3169307,Três Corações,Minas Gerais,31,828.038,-21.698106999999936,-45.20832678442025
3169356,Três Marias,Minas Gerais,31,2678.254,-18.299154999999928,-45.06192911245559
3169406,Três Pontas,Minas Gerais,31,689.794,-21.405322999999953,-45.49907517138304
3169505,Tumiritinga,Minas Gerais,31,500.073,-19.038688999999977,-41.63450783457305
3169604,Tupaciguara,Minas Gerais,31,1822.53,-18.572561999999948,-48.726129529548956
3169703,Turmalina,Minas Gerais,31,1153.111,-17.258956999999953,-42.8841357684529
3169802,Turvolândia,Minas Gerais,31,221.0,-21.879652499999963,-45.79372945457278
3169901,Ubá,Minas Gerais,31,407.452,-21.111322499999943,-42.95390218166759
3170008,Ubaí,Minas Gerais,31,820.524,-16.365002999999973,-44.84204736793365
3170057,Ubaporanga,Minas Gerais,31,189.045,-19.666285499999958,-42.06169541576081
3170107,Uberaba,Minas Gerais,31,4523.957,-19.60432309999996,-47.88546367462749
3170206,Uberlândia,Minas Gerais,31,4115.206,-19.004784499999943,-48.316303198863594
3170305,Umburatiba,Minas Gerais,31,405.834,-17.273158499999965,-40.66569928751364
3170404,Unaí,Minas Gerais,31,8445.432,-16.386348699999957,-46.986784127439726
3170438,União de Minas,Minas Gerais,31,1147.407,-19.407739499999934,-50.344023967537964
3170479,Uruana de Minas,Minas Gerais,31,598.221,-16.098165499999965,-46.31195685438911
3170503,Urucânia,Minas Gerais,31,138.792,-20.33256549999996,-42.73900401648511
3170529,Urucuia,Minas Gerais,31,2076.942,-16.021966499999962,-45.60831896565492
3170578,Vargem Alegre,Minas Gerais,31,116.664,-19.60380049999995,-42.33153485296161
3170602,Vargem Bonita,Minas Gerais,31,409.888,-20.439552499999962,-46.35986155512569
3170651,Vargem Grande do Rio Pardo,Minas Gerais,31,491.512,-15.332144499999941,-42.29042948098342
3170701,Varginha,Minas Gerais,31,395.396,-21.57155149999994,-45.403693654891235
3170750,Varjão de Minas,Minas Gerais,31,651.505,-18.46105399999996,-45.94673397461065
3170800,Várzea da Palma,Minas Gerais,31,2220.279,-17.417069899999973,-44.629024149418534
3170909,Varzelândia,Minas Gerais,31,814.994,-15.637459499999949,-43.959265607558734
3171006,Vazante,Minas Gerais,31,1913.396,-17.86240499999994,-46.837302675359794
3171030,Verdelândia,Minas Gerais,31,1570.582,-15.562534499999941,-43.59525721240186
3171071,Veredinha,Minas Gerais,31,631.691,-17.509775549999972,-42.733740602324644
3171105,Veríssimo,Minas Gerais,31,1031.823,-19.61648949999997,-48.3277367929184
3171154,Vermelho Novo,Minas Gerais,31,115.242,-20.027621099999948,-42.260360095454494
3171204,Vespasiano,Minas Gerais,31,70.935,-19.730783049999957,-43.94186954631597
3171303,Viçosa,Minas Gerais,31,299.418,-20.74684149999996,-42.87765240217388
3171402,Vieiras,Minas Gerais,31,112.691,-20.911257499999977,-42.30096460138246
3171501,Mathias Lobato,Minas Gerais,31,172.297,-18.60340649999995,-41.92096399965588
3171600,Virgem da Lapa,Minas Gerais,31,868.914,-16.692092499999944,-42.38336491814885
3171709,Virgínia,Minas Gerais,31,326.515,-22.345400999999953,-45.116632680535524
3171808,Virginópolis,Minas Gerais,31,439.878,-18.80093599999995,-42.69918806189756
3171907,Virgolândia,Minas Gerais,31,281.022,-18.462500999999946,-42.34080547349174
3172004,Visconde do Rio Branco,Minas Gerais,31,243.351,-21.022712499999955,-42.83714398455053
3172103,Volta Grande,Minas Gerais,31,205.552,-21.763432499999965,-42.5656513662587
3172202,Wenceslau Braz,Minas Gerais,31,102.487,-22.54416299999997,-45.39296727729078
3200102,Afonso Cláudio,Espírito Santo,32,941.188,-20.088877449999956,-41.101942316458796
3200136,Águia Branca,Espírito Santo,32,454.448,-18.99574414999995,-40.700907865284776
3200169,Água Doce do Norte,Espírito Santo,32,473.729,-18.518942599999974,-40.9718354989287
3200201,Alegre,Espírito Santo,32,756.86,-20.728056249999952,-41.49667464439554
3200300,Alfredo Chaves,Espírito Santo,32,615.677,-20.567784849999953,-40.82565662489034
3200359,Alto Rio Novo,Espírito Santo,32,227.617,-19.032026299999927,-40.98381915578349
3200409,Anchieta,Espírito Santo,32,409.691,-20.693559049999948,-40.690335050008756
3200508,Apiacá,Espírito Santo,32,193.984,-21.070641299999977,-41.539310084124025
3200607,Aracruz,Espírito Santo,32,1420.285,-19.78179279999995,-40.187349390811484
3200706,Atílio Vivácqua,Espírito Santo,32,232.868,-20.968766349999953,-41.17024184414271
3200805,Baixo Guandu,Espírito Santo,32,909.039,-19.514268199999947,-40.94442271664458
3200904,Barra de São Francisco,Espírito Santo,32,944.521,-18.663034049999936,-40.81883813533098
3201001,Boa Esperança,Espírito Santo,32,428.717,-18.473898299999945,-40.37351163406757
3201100,Bom Jesus do Norte,Espírito Santo,32,89.084,-21.07494799999995,-41.60173484903038
3201159,Brejetuba,Espírito Santo,32,354.404,-20.107245449999965,-41.29420141591177
3201209,Cachoeiro de Itapemirim,Espírito Santo,32,864.583,-20.77957934999995,-41.19840077190975
3201308,Cariacica,Espírito Santo,32,279.718,-20.30726329999996,-40.441510674049574
3201407,Castelo,Espírito Santo,32,663.515,-20.537676149999953,-41.19766613222251
3201506,Colatina,Espírito Santo,32,1398.219,-19.471902549999953,-40.719332982579246
3201605,Conceição da Barra,Espírito Santo,32,1182.587,-18.450713999999948,-39.867648116765395
3201704,Conceição do Castelo,Espírito Santo,32,369.778,-20.375780249999963,-41.2736246818063
3201803,Divino de São Lourenço,Espírito Santo,32,174.039,-20.586623799999956,-41.73335407431426
3201902,Domingos Martins,Espírito Santo,32,1229.21,-20.31834914999996,-40.84189507946874
3202009,Dores do Rio Preto,Espírito Santo,32,159.298,-20.626960999999966,-41.794776106847166
3202108,Ecoporanga,Espírito Santo,32,2285.369,-18.23577764999996,-40.832986223694675
3202207,Fundão,Espírito Santo,32,286.854,-19.95321444999996,-40.37793132110671
3202256,Governador Lindenberg,Espírito Santo,32,360.016,-19.201904149999933,-40.50738272410739
3202306,Guaçuí,Espírito Santo,32,468.185,-20.789998749999967,-41.72583280238665
3202405,Guarapari,Espírito Santo,32,589.825,-20.612450749999965,-40.53064532740163
3202454,Ibatiba,Espírito Santo,32,240.278,-20.272366999999946,-41.5063650807833
3202504,Ibiraçu,Espírito Santo,32,201.248,-19.829184199999958,-40.42975387629629
3202553,Ibitirama,Espírito Santo,32,330.874,-20.51839604999995,-41.65891162369697
3202603,Iconha,Espírito Santo,32,203.528,-20.763336799999962,-40.86086418914271
3202652,Irupi,Espírito Santo,32,184.807,-20.33639139999994,-41.62337487973464
3202702,Itaguaçu,Espírito Santo,32,535.021,-19.725485299999946,-40.859581732703745
3202801,Itapemirim,Espírito Santo,32,550.71,-20.988240099999956,-40.95980382816944
3202900,Itarana,Espírito Santo,32,295.189,-19.954633849999965,-40.87089701869198
3203007,Iúna,Espírito Santo,32,460.586,-20.355411749999945,-41.78257040551546
3203056,Jaguaré,Espírito Santo,32,659.751,-18.96770259999994,-40.00564767702871
3203106,Jerônimo Monteiro,Espírito Santo,32,177.342,-20.79636599999995,-41.39266867868392
3203130,João Neiva,Espírito Santo,32,284.735,-19.72700734999995,-40.4338742846942
3203163,Laranja da Terra,Espírito Santo,32,458.37,-19.873641249999963,-41.05940254969347
3203205,Linhares,Espírito Santo,32,3496.263,-19.34107604999994,-39.94808863347331
3203304,Mantenópolis,Espírito Santo,32,321.418,-18.87182889999994,-41.056331749472236
3203320,Marataízes,Espírito Santo,32,130.268,-21.092932549999972,-40.89110808574333
3203346,Marechal Floriano,Espírito Santo,32,285.495,-20.433165849999966,-40.80127392355736
3203353,Marilândia,Espírito Santo,32,327.642,-19.42666294999995,-40.53685432127431
3203403,Mimoso do Sul,Espírito Santo,32,869.439,-21.06575799999996,-41.36408425458674
3203502,Montanha,Espírito Santo,32,1099.06,-18.121354899999943,-40.27036305927382
3203601,Mucurici,Espírito Santo,32,540.529,-18.017186549999963,-40.52946152555809
3203700,Muniz Freire,Espírito Santo,32,678.804,-20.402542249999954,-41.39715766628617
3203809,Muqui,Espírito Santo,32,327.268,-20.93288464999995,-41.36215307834276
3203908,Nova Venécia,Espírito Santo,32,1439.571,-18.65699454999995,-40.39806808631646
3204005,Pancas,Espírito Santo,32,837.842,-19.14854644999997,-40.81821811569036
3204054,Pedro Canário,Espírito Santo,32,433.453,-18.148093099999954,-40.033294058384094
3204104,Pinheiros,Espírito Santo,32,973.136,-18.372063899999944,-40.18361457483028
3204203,Piúma,Espírito Santo,32,74.046,-20.838467699999967,-40.76134059159825
3204252,Ponto Belo,Espírito Santo,32,360.11,-18.25870059999994,-40.534149104883376
3204302,Presidente Kennedy,Espírito Santo,32,594.897,-21.15086219999995,-41.07619892487456
3204351,Rio Bananal,Espírito Santo,32,641.929,-19.221078999999946,-40.3062355183277
3204401,Rio Novo do Sul,Espírito Santo,32,204.464,-20.784231899999952,-40.95958854437992
3204500,Santa Leopoldina,Espírito Santo,32,718.325,-20.108155099999948,-40.53277917170907
3204559,Santa Maria de Jetibá,Espírito Santo,32,735.198,-20.084484549999956,-40.77099921342809
3204609,Santa Teresa,Espírito Santo,32,683.032,-19.867890749999958,-40.66634893534228
3204658,São Domingos do Norte,Espírito Santo,32,298.58,-19.16214389999996,-40.61970683062631
3204708,São Gabriel da Palha,Espírito Santo,32,434.887,-18.953806149999934,-40.52836924425539
3204807,São José do Calçado,Espírito Santo,32,273.489,-20.975747199999944,-41.64863867874997
3204906,São Mateus,Espírito Santo,32,2346.049,-18.796599099999952,-39.92131018450149
3204955,São Roque do Canaã,Espírito Santo,32,341.944,-19.72661379999994,-40.64796058391599
3205002,Serra,Espírito Santo,32,547.631,-20.136909849999967,-40.30887893145731
3205010,Sooretama,Espírito Santo,32,587.036,-19.07165914999996,-40.16287162610462
3205036,Vargem Alta,Espírito Santo,32,417.76,-20.647937249999956,-40.99695003360881
3205069,Venda Nova do Imigrante,Espírito Santo,32,185.909,-20.371422249999938,-41.14620805852685
3205101,Viana,Espírito Santo,32,312.279,-20.391925099999952,-40.46704417996453
3205150,Vila Pavão,Espírito Santo,32,433.257,-18.607326549999954,-40.62852580452138
3205176,Vila Valério,Espírito Santo,32,470.343,-18.961932899999937,-40.346894311129
3205200,Vila Velha,Espírito Santo,32,210.225,-20.427751099999966,-40.37712135474922
3205309,Vitória,Espírito Santo,32,97.123,-20.279706149999953,-40.315141868326776
3300100,Angra dos Reis,Rio de Janeiro,33,813.42,-23.15116864999996,-44.230586178850416
3300159,Aperibé,Rio de Janeiro,33,94.542,-21.653159049999942,-42.132965884293014
3300209,Araruama,Rio de Janeiro,33,638.276,-22.744690799999944,-42.323129242046676
3300225,Areal,Rio de Janeiro,33,110.724,-22.236629449999953,-43.12906308551303
3300233,Armação dos Búzios,Rio de Janeiro,33,70.977,-22.775849149999942,-41.945533115736396
3300258,Arraial do Cabo,Rio de Janeiro,33,152.106,-22.93072804999997,-42.18785307568895
3300308,Barra do Piraí,Rio de Janeiro,33,584.61,-22.424269149999958,-43.89352444409744
3300407,Barra Mansa,Rio de Janeiro,33,547.133,-22.48527839999997,-44.197070033065856
3300456,Belford Roxo,Rio de Janeiro,33,78.985,-22.730999649999944,-43.379637708488076
3300506,Bom Jardim,Rio de Janeiro,33,382.43,-22.206108049999955,-42.379757445099415
3300605,Bom Jesus do Itabapoana,Rio de Janeiro,33,596.659,-21.090524399999964,-41.780859540185645
3300704,Cabo Frio,Rio de Janeiro,33,413.449,-22.737153749999948,-42.02409480933725
3300803,Cachoeiras de Macacu,Rio de Janeiro,33,954.749,-22.52088834999995,-42.74269984669807
3300902,Cambuci,Rio de Janeiro,33,558.281,-21.483590249999963,-41.9071130459615
3300936,Carapebus,Rio de Janeiro,33,304.885,-22.204170199999965,-41.650958782010605
3300951,Comendador Levy Gasparian,Rio de Janeiro,33,108.639,-22.053469949999965,-43.251104930987665
3301009,Campos dos Goytacazes,Rio de Janeiro,33,4032.487,-21.649946549999953,-41.32608604697633
3301108,Cantagalo,Rio de Janeiro,33,747.21,-21.86739764999996,-42.306236744718404
3301157,Cardoso Moreira,Rio de Janeiro,33,522.596,-21.536666449999956,-41.50299617818697
3301207,Carmo,Rio de Janeiro,33,305.749,-21.892179599999935,-42.5731713728224
3301306,Casimiro de Abreu,Rio de Janeiro,33,462.918,-22.475615449999935,-42.15222346450838
3301405,Conceição de Macabu,Rio de Janeiro,33,338.26,-22.161895099999953,-41.880643283141055
3301504,Cordeiro,Rio de Janeiro,33,113.048,-22.06109529999995,-42.353686104898756
3301603,Duas Barras,Rio de Janeiro,33,379.619,-22.03513739999994,-42.490178215817565
3301702,Duque de Caxias,Rio de Janeiro,33,467.319,-22.642916299999968,-43.302126629091134
3301801,Engenheiro Paulo de Frontin,Rio de Janeiro,33,139.381,-22.520142299999947,-43.63489760751202
3301850,Guapimirim,Rio de Janeiro,33,358.443,-22.589459699999964,-42.94965585106061
3301876,Iguaba Grande,Rio de Janeiro,33,50.977,-22.82995569999997,-42.210428829466466
3301900,Itaboraí,Rio de Janeiro,33,429.961,-22.755812799999944,-42.88295201119191
3302007,Itaguaí,Rio de Janeiro,33,282.607,-22.812269749999956,-43.82356295323906
3302056,Italva,Rio de Janeiro,33,291.193,-21.45685389999997,-41.645748581654686
3302106,Itaocara,Rio de Janeiro,33,433.182,-21.72892914999997,-42.08972939715354
3302205,Itaperuna,Rio de Janeiro,33,1106.694,-21.21581599999996,-41.87981306399867
3302254,Itatiaia,Rio de Janeiro,33,241.035,-22.443153449999954,-44.563521325619554
3302270,Japeri,Rio de Janeiro,33,81.697,-22.66606429999996,-43.58857790504088
3302304,Laje do Muriaé,Rio de Janeiro,33,253.53,-21.251325899999955,-42.11538222683997
3302403,Macaé,Rio de Janeiro,33,1216.989,-22.28283054999997,-41.964909082141006
3302452,Macuco,Rio de Janeiro,33,78.364,-22.032543149999952,-42.26906686329422
3302502,Magé,Rio de Janeiro,33,390.775,-22.60483414999996,-43.10794348896628
3302601,Mangaratiba,Rio de Janeiro,33,367.606,-22.941758899999968,-44.11849118393452
3302700,Maricá,Rio de Janeiro,33,361.572,-22.90869529999995,-42.81697117211134
3302809,Mendes,Rio de Janeiro,33,95.324,-22.527984499999974,-43.73726596118365
3302858,Mesquita,Rio de Janeiro,33,41.169,-22.80253499999995,-43.46025899035052
3302908,Miguel Pereira,Rio de Janeiro,33,287.933,-22.530948199999955,-43.51660196617227
3303005,Miracema,Rio de Janeiro,33,303.27,-21.38998634999996,-42.140409611086966
3303104,Natividade,Rio de Janeiro,33,387.073,-21.042648799999938,-41.94098147442259
3303203,Nilópolis,Rio de Janeiro,33,19.393,-22.82034749999994,-43.42797761810043
3303302,Niterói,Rio de Janeiro,33,133.757,-22.918953599999952,-43.03495215516983
3303401,Nova Friburgo,Rio de Janeiro,33,935.429,-22.306166049999973,-42.493418330511844
3303500,Nova Iguaçu,Rio de Janeiro,33,520.581,-22.695596449999954,-43.46543719996107
3303609,Paracambi,Rio de Janeiro,33,190.949,-22.619896349999948,-43.72820429117105
3303708,Paraíba do Sul,Rio de Janeiro,33,571.117,-22.18739549999995,-43.303461295469226
3303807,Paraty,Rio de Janeiro,33,924.296,-23.141441449999945,-44.761024561324874
3303856,Paty do Alferes,Rio de Janeiro,33,314.341,-22.37753829999994,-43.39705057558306
3303906,Petrópolis,Rio de Janeiro,33,791.144,-22.388000449999936,-43.17525933194376
3303955,Pinheiral,Rio de Janeiro,33,82.254,-22.538268699999975,-43.98026087700934
3304003,Piraí,Rio de Janeiro,33,490.255,-22.655081149999944,-43.919306140378936
3304102,Porciúncula,Rio de Janeiro,33,291.847,-20.895633699999962,-41.93322107075431
3304110,Porto Real,Rio de Janeiro,33,50.892,-22.445757449999974,-44.32841688903469
3304128,Quatis,Rio de Janeiro,33,284.826,-22.362593249999946,-44.24950861012691
3304144,Queimados,Rio de Janeiro,33,75.927,-22.73134189999996,-43.59131505578003
3304151,Quissamã,Rio de Janeiro,33,719.643,-22.11060214999995,-41.42094913384871
3304201,Resende,Rio de Janeiro,33,1099.336,-22.44203779999995,-44.42051886364244
3304300,Rio Bonito,Rio de Janeiro,33,459.458,-22.736856599999953,-42.5702111259928
3304409,Rio Claro,Rio de Janeiro,33,846.797,-22.785740249999975,-44.074266833067895
3304508,Rio das Flores,Rio de Janeiro,33,478.783,-22.169917049999952,-43.54099501859001
3304524,Rio das Ostras,Rio de Janeiro,33,228.044,-22.469604699999962,-41.942758657597835
3304557,Rio de Janeiro,Rio de Janeiro,33,1200.33,-22.938201849999956,-43.464756410824684
3304607,Santa Maria Madalena,Rio de Janeiro,33,810.963,-21.951856299999946,-41.90002484402956
3304706,Santo Antônio de Pádua,Rio de Janeiro,33,603.633,-21.571098949999936,-42.20133183372528
3304755,São Francisco de Itabapoana,Rio de Janeiro,33,1118.037,-21.453743749999944,-41.14529817961079
3304805,São Fidélis,Rio de Janeiro,33,1034.833,-21.671272649999963,-41.78888351754905
3304904,São Gonçalo,Rio de Janeiro,33,248.16,-22.82176234999997,-42.995717923087774
3305000,São João da Barra,Rio de Janeiro,33,452.396,-21.764950549999952,-41.09616846513115
3305109,São João de Meriti,Rio de Janeiro,33,35.216,-22.785357499999975,-43.366714998956354
3305133,São José de Ubá,Rio de Janeiro,33,249.688,-21.388611699999956,-41.96538808454919
3305158,São José do Vale do Rio Preto,Rio de Janeiro,33,220.178,-22.17455874999996,-42.93845538400461
3305208,São Pedro da Aldeia,Rio de Janeiro,33,332.488,-22.78127539999997,-42.1200361584048
3305307,São Sebastião do Alto,Rio de Janeiro,33,397.214,-21.876587099999938,-42.11152317750396
3305406,Sapucaia,Rio de Janeiro,33,540.673,-22.019178549999936,-42.84051684191173
3305505,Saquarema,Rio de Janeiro,33,352.13,-22.871179599999948,-42.52498672535005
3305554,Seropédica,Rio de Janeiro,33,265.189,-22.751834049999957,-43.70825535604598
3305604,Silva Jardim,Rio de Janeiro,33,937.755,-22.568787099999952,-42.39154436046165
3305703,Sumidouro,Rio de Janeiro,33,413.407,-22.117945249999934,-42.680771708643846
3305752,Tanguá,Rio de Janeiro,33,143.007,-22.772874849999965,-42.73220903163431
3305802,Teresópolis,Rio de Janeiro,33,773.338,-22.29780379999997,-42.86464105229804
3305901,Trajano de Moraes,Rio de Janeiro,33,591.151,-22.155583899999954,-42.159470289942604
3306008,Três Rios,Rio de Janeiro,33,322.843,-22.120173199999954,-43.10721343325967
3306107,Valença,Rio de Janeiro,33,1300.767,-22.23266934999998,-43.88640402349405
3306156,Varre-Sai,Rio de Janeiro,33,201.938,-20.893825549999946,-41.83823469699559
3306206,Vassouras,Rio de Janeiro,33,536.073,-22.370647299999945,-43.59233097139889
3306305,Volta Redonda,Rio de Janeiro,33,182.105,-22.52346739999996,-44.09024597553467
3500105,Adamantina,São Paulo,35,411.987,-21.582233049999957,-51.03413029419878
3500204,Adolfo,São Paulo,35,211.055,-21.28079139999997,-49.64146716203476
3500303,Aguaí,São Paulo,35,474.554,-22.057164899999947,-47.05305655769236
3500402,Águas da Prata,São Paulo,35,142.673,-21.91750554999996,-46.7006160471328
3500501,Águas de Lindóia,São Paulo,35,60.126,-22.47590379999997,-46.6095539671099
3500550,Águas de Santa Bárbara,São Paulo,35,404.463,-22.879192999999958,-49.286963659363494
3500600,Águas de São Pedro,São Paulo,35,3.612,-22.599260999999956,-47.87663910564601
3500709,Agudos,São Paulo,35,966.708,-22.560708899999952,-49.08648610006206
3500758,Alambari,São Paulo,35,159.6,-23.55045814999997,-47.86948309100597
3500808,Alfredo Marcondes,São Paulo,35,118.915,-21.937760699999956,-51.3889917219175
3500907,Altair,São Paulo,35,313.007,-20.53281304999996,-49.10274683282465
3501004,Altinópolis,São Paulo,35,928.956,-21.011653249999966,-47.370128994040805
3501103,Alto Alegre,São Paulo,35,318.574,-21.61452964999995,-50.19529223374184
3501152,Alumínio,São Paulo,35,83.619,-23.53363029999997,-47.27118893259577
3501202,Álvares Florence,São Paulo,35,362.411,-20.294215749999978,-49.9335106829054
3501301,Álvares Machado,São Paulo,35,347.647,-22.118973349999948,-51.52330613575393
3501400,Álvaro de Carvalho,São Paulo,35,153.662,-22.083669249999957,-49.74001020251184
3501509,Alvinlândia,São Paulo,35,84.879,-22.451239449999946,-49.758404026097736
3501608,Americana,São Paulo,35,133.912,-22.724570099999937,-47.27848071300292
3501707,Américo Brasiliense,São Paulo,35,122.958,-21.723912549999966,-48.03703585090462
3501806,Américo de Campos,São Paulo,35,252.876,-20.289173449999964,-49.77430489079531
3501905,Amparo,São Paulo,35,445.323,-22.697010749999947,-46.799299959441996
3502002,Analândia,São Paulo,35,325.953,-22.12659549999995,-47.679074933576885
3502101,Andradina,São Paulo,35,964.226,-20.86590524999997,-51.367464855334475
3502200,Angatuba,São Paulo,35,1027.288,-23.448708249999953,-48.4589979811892
3502309,Anhembi,São Paulo,35,736.557,-22.796033999999935,-48.14664080384853
3502408,Anhumas,São Paulo,35,320.84,-22.356753599999962,-51.42081248594421
3502507,Aparecida,São Paulo,35,120.89,-22.908917199999934,-45.239758305937684
3502606,Aparecida d'Oeste,São Paulo,35,179.004,-20.478142899999938,-50.919720880821956
3502705,Apiaí,São Paulo,35,974.322,-24.41442729999997,-48.76432096352512
3502754,Araçariguama,São Paulo,35,145.204,-23.433665249999933,-47.084459768641125
3502804,Araçatuba,São Paulo,35,1167.126,-21.142835799999943,-50.48519703005722
3502903,Araçoiaba da Serra,São Paulo,35,255.305,-23.542964049999938,-47.649373728722004
3503000,Aramina,São Paulo,35,202.829,-20.15659119999995,-47.823933668802866
3503109,Arandu,São Paulo,35,285.908,-23.175405099999978,-49.06369687697973
3503158,Arapeí,São Paulo,35,156.903,-22.67234049999996,-44.42758714533357
3503208,Araraquara,São Paulo,35,1003.625,-21.755848999999955,-48.23947757268919
3503307,Araras,São Paulo,35,644.831,-22.33462019999996,-47.33600515411453
3503356,Arco-Íris,São Paulo,35,264.904,-21.769559249999958,-50.42776655664842
3503406,Arealva,São Paulo,35,506.226,-22.076474649999938,-48.98959765675133
3503505,Areias,São Paulo,35,305.227,-22.677752599999963,-44.72547164932857
3503604,Areiópolis,São Paulo,35,85.907,-22.61550664999993,-48.64836398432232
3503703,Ariranha,São Paulo,35,132.624,-21.177520149999964,-48.79102524292318
3503802,Artur Nogueira,São Paulo,35,178.026,-22.555853999999954,-47.13000397338283
3503901,Arujá,São Paulo,35,96.167,-23.379425499999968,-46.327282952090954
3503950,Aspásia,São Paulo,35,69.373,-20.18408434999995,-50.72270662739879
3504008,Assis,São Paulo,35,460.609,-22.578027799999973,-50.39979785320112
3504107,Atibaia,São Paulo,35,478.521,-23.12946409999995,-46.58598403838877
3504206,Auriflama,São Paulo,35,434.498,-20.639802799999956,-50.56226605884707
3504305,Avaí,São Paulo,35,540.689,-22.194003099999975,-49.32142849144003
3504404,Avanhandava,São Paulo,35,338.37,-21.467795299999977,-49.935414117067566
3504503,Avaré,São Paulo,35,1213.055,-23.06301284999995,-48.925843790696675
3504602,Bady Bassitt,São Paulo,35,110.372,-20.93201149999996,-49.42607252696749
3504701,Balbinos,São Paulo,35,91.635,-21.89569359999996,-49.3364085916186
3504800,Bálsamo,São Paulo,35,149.881,-20.703655099999935,-49.54436364298924
3504909,Bananal,São Paulo,35,616.429,-22.736563149999938,-44.34105189854736
3505005,Barão de Antonina,São Paulo,35,153.142,-23.568686049999968,-49.57359694629039
3505104,Barbosa,São Paulo,35,205.212,-21.290679999999952,-49.92084994165784
3505203,Bariri,São Paulo,35,444.405,-22.060975999999954,-48.73396207112245
3505302,Barra Bonita,São Paulo,35,150.121,-22.480426799999947,-48.55750632062089
3505351,Barra do Chapéu,São Paulo,35,405.681,-24.44212164999996,-49.0825047277182
3505401,Barra do Turvo,São Paulo,35,1007.684,-24.87606164999994,-48.42507330897559
3505500,Barretos,São Paulo,35,1566.161,-20.518289249999953,-48.63978807759628
3505609,Barrinha,São Paulo,35,146.025,-21.233160349999963,-48.10294852860244
3505708,Barueri,São Paulo,35,65.701,-23.51183249999997,-46.88704710750565
3505807,Bastos,São Paulo,35,170.912,-21.94609529999994,-50.740522402345825
3505906,Batatais,São Paulo,35,849.526,-20.865659549999947,-47.59375405422389
3506003,Bauru,São Paulo,35,667.684,-22.238939699999946,-49.15512063362705
3506102,Bebedouro,São Paulo,35,683.192,-20.938461549999943,-48.48966880011412
3506201,Bento de Abreu,São Paulo,35,301.687,-21.315539299999955,-50.83496647543324
3506300,Bernardino de Campos,São Paulo,35,244.158,-23.025673449999942,-49.49292653825958
3506359,Bertioga,São Paulo,35,491.546,-23.76629049999994,-46.059756428077606
3506409,Bilac,São Paulo,35,158.025,-21.415634049999937,-50.47643317344032
3506508,Birigui,São Paulo,35,530.031,-21.264325249999956,-50.350661733826556
3506607,Biritiba Mirim,São Paulo,35,317.406,-23.62167649999995,-46.01927776409142
3506706,Boa Esperança do Sul,São Paulo,35,690.748,-21.94908339999995,-48.47716536046807
3506805,Bocaina,São Paulo,35,363.926,-22.092766449999942,-48.520168354228765
3506904,Bofete,São Paulo,35,653.541,-23.13057294999993,-48.252868532750185
3507001,Boituva,São Paulo,35,248.954,-23.284961399999958,-47.68953604104178
3507100,Bom Jesus dos Perdões,São Paulo,35,108.366,-23.173923499999972,-46.48901919454067
3507159,Bom Sucesso de Itararé,São Paulo,35,133.578,-24.324841849999956,-49.18247029193674
3507209,Borá,São Paulo,35,118.951,-22.23563004999997,-50.511784544041795
3507308,Boracéia,São Paulo,35,122.11,-22.16790489999994,-48.79227677372442
3507407,Borborema,São Paulo,35,552.256,-21.60611154999995,-49.094019637570426
3507456,Borebi,São Paulo,35,347.989,-22.684636249999954,-49.01736037968233
3507506,Botucatu,São Paulo,35,1482.642,-22.83860494999996,-48.40099646123744
3507605,Bragança Paulista,São Paulo,35,512.584,-22.93666159999995,-46.56454275020023
3507704,Braúna,São Paulo,35,195.176,-21.546726749999948,-50.33627136168697
3507753,Brejo Alegre,São Paulo,35,105.689,-21.184650399999953,-50.21137141933194
3507803,Brodowski,São Paulo,35,278.458,-21.043606499999953,-47.610005148089115
3507902,Brotas,São Paulo,35,1101.373,-22.289707849999957,-48.10421353430284
3508009,Buri,São Paulo,35,1196.463,-23.740128899999945,-48.57515253821841
3508108,Buritama,São Paulo,35,326.921,-21.058891449999948,-50.22435549158699
3508207,Buritizal,São Paulo,35,266.42,-20.204743649999955,-47.703746725923665
3508306,Cabrália Paulista,São Paulo,35,239.974,-22.482484849999963,-49.35625639296673
3508405,Cabreúva,São Paulo,35,260.234,-23.313569849999965,-47.06723188987429
3508504,Caçapava,São Paulo,35,368.99,-23.10375449999995,-45.70845778067821
3508603,Cachoeira Paulista,São Paulo,35,287.99,-22.709998949999942,-44.96776083947837
3508702,Caconde,São Paulo,35,468.214,-21.555617499999954,-46.63016401282161
3508801,Cafelândia,São Paulo,35,920.28,-21.732499849999954,-49.54531660272468
3508900,Caiabu,São Paulo,35,253.352,-21.947179899999952,-51.22618134443161
3509007,Caieiras,São Paulo,35,97.642,-23.376608999999945,-46.741765143372334
3509106,Caiuá,São Paulo,35,551.159,-21.794444599999963,-51.95468658896829
3509205,Cajamar,São Paulo,35,131.386,-23.354091199999942,-46.86668983470202
3509254,Cajati,São Paulo,35,454.489,-24.77635959999995,-48.19702622801633
3509304,Cajobi,São Paulo,35,176.929,-20.87531894999995,-48.850126974885974
3509403,Cajuru,São Paulo,35,660.088,-21.28174114999993,-47.30934250231677
3509452,Campina do Monte Alegre,São Paulo,35,184.479,-23.61237849999995,-48.43696850857131
3509502,Campinas,São Paulo,35,794.571,-22.89523184999996,-46.98894152364031
3509601,Campo Limpo Paulista,São Paulo,35,79.403,-23.210448149999962,-46.757535422008175
3509700,Campos do Jordão,São Paulo,35,289.981,-22.69341584999995,-45.51921697986498
3509809,Campos Novos Paulista,São Paulo,35,484.199,-22.637218649999937,-49.9908441700306
3509908,Cananéia,São Paulo,35,1237.354,-25.03323464999997,-48.061231126622246
3509957,Canas,São Paulo,35,53.261,-22.742961949999938,-45.043221158525995
3510005,Cândido Mota,São Paulo,35,595.811,-22.80925259999995,-50.426736117875095
3510104,Cândido Rodrigues,São Paulo,35,70.892,-21.340286499999934,-48.62430072402303
3510153,Canitar,São Paulo,35,57.459,-23.021998149999973,-49.789213678975756
3510203,Capão Bonito,São Paulo,35,1640.229,-24.053553049999948,-48.16095735851219
3510302,Capela do Alto,São Paulo,35,169.89,-23.473434699999956,-47.727717760181896
3510401,Capivari,São Paulo,35,322.878,-22.98666229999995,-47.49574792375328
3510500,Caraguatatuba,São Paulo,35,484.947,-23.62144859999995,-45.45797170929401
3510609,Carapicuíba,São Paulo,35,34.546,-23.547456199999942,-46.84158118133689
3510708,Cardoso,São Paulo,35,639.248,-20.06741994999996,-49.9326871229221
3510807,Casa Branca,São Paulo,35,864.225,-21.789427699999976,-47.0718133277951
3510906,Cássia dos Coqueiros,São Paulo,35,191.683,-21.267030349999942,-47.145115784977264
3511003,Castilho,São Paulo,35,1065.318,-20.89656844999996,-51.53519224366815
3511102,Catanduva,São Paulo,35,290.596,-21.129338549999943,-48.981195008184656
3511201,Catiguá,São Paulo,35,148.393,-21.068989999999957,-49.05269997673413
3511300,Cedral,São Paulo,35,197.838,-20.916822149999973,-49.28566040095359
3511409,Cerqueira César,São Paulo,35,511.621,-23.071744899999942,-49.159789493765786
3511508,Cerquilho,São Paulo,35,127.803,-23.187418849999943,-47.74875575139089
3511607,Cesário Lange,São Paulo,35,190.392,-23.216885049999945,-47.89379712281053
3511706,Charqueada,São Paulo,35,175.846,-22.52561209999996,-47.74363011687083
3511904,Clementina,São Paulo,35,168.59,-21.57537254999997,-50.474093089513474
3512001,Colina,São Paulo,35,422.303,-20.735078999999956,-48.6007173724101
3512100,Colômbia,São Paulo,35,728.648,-20.27403469999996,-48.69688343340664
3512209,Conchal,São Paulo,35,182.793,-22.382303099999945,-47.136191920207
3512308,Conchas,São Paulo,35,466.12,-22.962634699999967,-48.03530479156924
3512407,Cordeirópolis,São Paulo,35,137.579,-22.478012149999955,-47.402710521631505
3512506,Coroados,São Paulo,35,246.825,-21.362299649999954,-50.28457962648086
3512605,Coronel Macedo,São Paulo,35,303.83,-23.631454299999973,-49.33142091949291
3512704,Corumbataí,São Paulo,35,278.622,-22.242641599999956,-47.59255886447905
3512803,Cosmópolis,São Paulo,35,154.665,-22.652580899999947,-47.18947712735222
3512902,Cosmorama,São Paulo,35,441.68,-20.42555434999997,-49.76864329289107
3513009,Cotia,São Paulo,35,323.994,-23.683126499999958,-46.98002647044818
3513108,Cravinhos,São Paulo,35,311.423,-21.31191254999996,-47.72336528850546
3513207,Cristais Paulista,São Paulo,35,385.23,-20.367010999999962,-47.401944709217595
3513306,Cruzália,São Paulo,35,149.33,-22.73470194999996,-50.769222508669
3513405,Cruzeiro,São Paulo,35,305.699,-22.56174144999997,-45.01793673812152
3513504,Cubatão,São Paulo,35,142.879,-23.861306999999954,-46.414030538630094
3513603,Cunha,São Paulo,35,1407.25,-23.05626264999995,-44.968733737546145
3513702,Descalvado,São Paulo,35,753.706,-21.880453949999975,-47.65030903361257
3513801,Diadema,São Paulo,35,30.732,-23.69819099999995,-46.608696591362076
3513850,Dirce Reis,São Paulo,35,88.133,-20.446343799999937,-50.62732982284055
3513900,Divinolândia,São Paulo,35,223.749,-21.668696249999954,-46.709601061520246
3514007,Dobrada,São Paulo,35,149.729,-21.515042149999942,-48.36283470652228
3514106,Dois Córregos,São Paulo,35,632.972,-22.401889749999953,-48.33371132229813
3514205,Dolcinópolis,São Paulo,35,77.939,-20.10609329999994,-50.5263593071008
3514304,Dourado,São Paulo,35,205.874,-22.120990399999954,-48.32299034006509
3514403,Dracena,São Paulo,35,487.688,-21.55715374999994,-51.58761844128591
3514502,Duartina,São Paulo,35,264.557,-22.39887639999995,-49.410181727856994
3514601,Dumont,São Paulo,35,111.376,-21.245821999999947,-47.98127794650651
3514700,Echaporã,São Paulo,35,515.258,-22.41975759999994,-50.21161346140956
3514809,Eldorado,São Paulo,35,1654.256,-24.50085494999996,-48.19622436391375
3514908,Elias Fausto,São Paulo,35,202.36,-23.076028199999968,-47.358024647286925
3514924,Elisiário,São Paulo,35,93.98,-21.153221599999966,-49.09539308854866
3514957,Embaúba,São Paulo,35,83.129,-20.953806249999957,-48.838970166182364
3515004,Embu das Artes,São Paulo,35,70.398,-23.649165499999953,-46.85375701335308
3515103,Embu-Guaçu,São Paulo,35,155.641,-23.853258549999964,-46.8191811075442
3515129,Emilianópolis,São Paulo,35,225.167,-21.789075699999955,-51.46464710802182
3515152,Engenheiro Coelho,São Paulo,35,109.941,-22.478732149999956,-47.20128571210071
3515186,Espírito Santo do Pinhal,São Paulo,35,389.235,-22.185675249999946,-46.78419961049804
3515194,Espírito Santo do Turvo,São Paulo,35,193.666,-22.66344749999996,-49.422889303221396
3515202,Estrela d'Oeste,São Paulo,35,296.281,-20.25782549999994,-50.41117847657212
3515301,Estrela do Norte,São Paulo,35,264.987,-22.483200549999964,-51.665745735658206
3515350,Euclides da Cunha Paulista,São Paulo,35,573.894,-22.51091269999995,-52.58796993356172
3515400,Fartura,São Paulo,35,429.171,-23.39992634999996,-49.4981676554825
3515509,Fernandópolis,São Paulo,35,549.797,-20.282778149999956,-50.24794688962577
3515608,Fernando Prestes,São Paulo,35,169.99,-21.321031749999975,-48.695968385642146
3515657,Fernão,São Paulo,35,100.504,-22.376156399999957,-49.545568463631234
3515707,Ferraz de Vasconcelos,São Paulo,35,29.547,-23.56450049999995,-46.36881034634469
3515806,Flora Rica,São Paulo,35,224.711,-21.701701199999945,-51.383550594294675
3515905,Floreal,São Paulo,35,204.236,-20.647775499999938,-50.14405252194274
3516002,Flórida Paulista,São Paulo,35,524.138,-21.549218099999962,-51.168264276142594
3516101,Florínea,São Paulo,35,225.886,-22.868041149999954,-50.68140884057686
3516200,Franca,São Paulo,35,605.679,-20.59523164999996,-47.390405805520146
3516309,Francisco Morato,São Paulo,35,49.001,-23.27542049999994,-46.728507789218305
3516408,Franco da Rocha,São Paulo,35,132.775,-23.312660199999954,-46.73454428501317
3516507,Gabriel Monteiro,São Paulo,35,138.681,-21.50763139999995,-50.552032638932374
3516606,Gália,São Paulo,35,355.914,-22.325473149999937,-49.60253404883325
3516705,Garça,São Paulo,35,555.807,-22.229622649999982,-49.66020539203633
3516804,Gastão Vidigal,São Paulo,35,180.569,-20.80574594999996,-50.20726145411618
3516853,Gavião Peixoto,São Paulo,35,243.766,-21.780324099999945,-48.424232903161766
3516903,General Salgado,São Paulo,35,494.376,-20.643201649999952,-50.39063852393781
3517000,Getulina,São Paulo,35,676.755,-21.811780099999964,-49.99713712109943
3517109,Glicério,São Paulo,35,272.8,-21.315080999999964,-50.19203786905764
3517208,Guaiçara,São Paulo,35,277.154,-21.551580499999943,-49.7357004571045
3517307,Guaimbê,São Paulo,35,217.811,-21.865069099999943,-49.84774948762738
3517406,Guaíra,São Paulo,35,1258.465,-20.33607674999996,-48.33859384167264
3517505,Guapiaçu,São Paulo,35,325.126,-20.722710999999947,-49.19981855661159
3517604,Guapiara,São Paulo,35,408.292,-24.212765649999938,-48.53815925049469
3517703,Guará,São Paulo,35,362.183,-20.49257794999997,-47.75088888047622
3517802,Guaraçaí,São Paulo,35,569.197,-21.07112184999997,-51.25474265737199
3517901,Guaraci,São Paulo,35,641.501,-20.370671399999964,-49.02246636805022
3518008,Guarani d'Oeste,São Paulo,35,85.7,-20.06168059999996,-50.35147516155459
3518107,Guarantã,São Paulo,35,461.746,-21.91345249999995,-49.59672349892162
3518206,Guararapes,São Paulo,35,955.637,-21.274578349999956,-50.62082202896532
3518305,Guararema,São Paulo,35,270.816,-23.42553049999995,-46.06647256562941
3518404,Guaratinguetá,São Paulo,35,752.636,-22.813158449999946,-45.257787768796696
3518503,Guareí,São Paulo,35,567.884,-23.376507549999957,-48.2146732357151
3518602,Guariba,São Paulo,35,270.289,-21.396985349999937,-48.231565415939684
3518701,Guarujá,São Paulo,35,144.794,-23.950896549999953,-46.238599484421115
3518800,Guarulhos,São Paulo,35,318.675,-23.39198049999996,-46.460195140993854
3518859,Guatapará,São Paulo,35,413.567,-21.45139999999995,-48.00206527068468
3518909,Guzolândia,São Paulo,35,252.477,-20.622696299999944,-50.700729855042894
3519006,Herculândia,São Paulo,35,364.252,-21.943688649999956,-50.34721053693443
3519055,Holambra,São Paulo,35,65.577,-22.629668799999962,-47.05872206838333
3519071,Hortolândia,São Paulo,35,62.416,-22.86949539999995,-47.1979197888094
3519105,Iacanga,São Paulo,35,547.393,-21.899786649999953,-49.01504396049519
3519204,Iacri,São Paulo,35,321.948,-21.795987199999956,-50.62477468528254
3519253,Iaras,São Paulo,35,401.381,-22.81309369999994,-49.10212283744213
3519303,Ibaté,São Paulo,35,290.977,-21.940381199999962,-48.00737985729745
3519402,Ibirá,São Paulo,35,271.912,-21.071663549999954,-49.223625538149335
3519501,Ibirarema,São Paulo,35,228.23,-22.810914949999955,-50.05728762922988
3519600,Ibitinga,São Paulo,35,689.391,-21.78929194999995,-48.83762772557907
3519709,Ibiúna,São Paulo,35,1058.082,-23.81060064999994,-47.13470817696437
3519808,Icém,São Paulo,35,362.355,-20.366168399999935,-49.18290005421841
3519907,Iepê,São Paulo,35,594.974,-22.633482249999958,-51.05897311768199
3520004,Igaraçu do Tietê,São Paulo,35,97.747,-22.54350629999996,-48.56258266288956
3520103,Igarapava,São Paulo,35,468.355,-20.06886634999995,-47.6481788416567
3520202,Igaratá,São Paulo,35,292.953,-23.121152999999964,-46.157394219333895
3520301,Iguape,São Paulo,35,1978.795,-24.59248299999996,-47.4856699284461
3520400,Ilhabela,São Paulo,35,346.389,-23.845221299999935,-45.34474222868053
3520426,Ilha Comprida,São Paulo,35,196.567,-24.86372659999995,-47.737790840264125
3520442,Ilha Solteira,São Paulo,35,652.641,-20.481345799999957,-51.32714338216925
3520509,Indaiatuba,São Paulo,35,311.545,-23.111941999999942,-47.22148828303537
3520608,Indiana,São Paulo,35,129.367,-22.132648049999943,-51.27708674049521
3520707,Indiaporã,São Paulo,35,279.606,-19.95676784999995,-50.26446795374418
3520806,Inúbia Paulista,São Paulo,35,87.119,-21.72739894999998,-50.961080572619196
3520905,Ipaussu,São Paulo,35,209.554,-23.06340474999996,-49.61051716824433
3521002,Iperó,São Paulo,35,170.289,-23.405397499999935,-47.61667848921735
3521101,Ipeúna,São Paulo,35,190.01,-22.434560249999947,-47.72168033984482
3521150,Ipiguá,São Paulo,35,136.028,-20.637437399999953,-49.399115981725316
3521200,Iporanga,São Paulo,35,1152.059,-24.489377949999948,-48.53364983056933
3521309,Ipuã,São Paulo,35,466.461,-20.410731949999956,-48.05336751799899
3521408,Iracemápolis,São Paulo,35,115.118,-22.61760414999995,-47.519655543190105
3521507,Irapuã,São Paulo,35,257.612,-21.27453344999995,-49.381712655864675
3521606,Irapuru,São Paulo,35,214.461,-21.46799169999997,-51.33968672962855
3521705,Itaberá,São Paulo,35,1100.247,-23.905863299999965,-49.123883453674125
3521804,Itaí,São Paulo,35,1092.884,-23.483582799999965,-49.038332185130685
3521903,Itajobi,São Paulo,35,502.066,-21.367010849999957,-49.0443230213628
3522000,Itaju,São Paulo,35,230.355,-21.95395234999998,-48.78175884660737
3522109,Itanhaém,São Paulo,35,601.711,-24.095463499999937,-46.851592509697014
3522158,Itaoca,São Paulo,35,183.015,-24.613558249999954,-48.84176817105548
3522208,Itapecerica da Serra,São Paulo,35,150.742,-23.736102199999948,-46.86447411711369
3522307,Itapetininga,São Paulo,35,1789.35,-23.634924249999955,-48.13796404179894
3522406,Itapeva,São Paulo,35,1826.258,-23.896363099999974,-48.88228394795598
3522505,Itapevi,São Paulo,35,82.658,-23.551249999999953,-46.9595983208157
3522604,Itapira,São Paulo,35,518.416,-22.43608089999995,-46.74942101188138
3522653,Itapirapuã Paulista,São Paulo,35,406.478,-24.55609864999994,-49.22645547674692
3522703,Itápolis,São Paulo,35,996.747,-21.543608899999953,-48.815121183590435
3522802,Itaporanga,São Paulo,35,507.997,-23.650412299999942,-49.426740242097694
3522901,Itapuí,São Paulo,35,140.023,-22.249711399999967,-48.69931497276908
3523008,Itapura,São Paulo,35,301.653,-20.577299499999953,-51.45291066443295
3523107,Itaquaquecetuba,São Paulo,35,82.622,-23.46406134999995,-46.33857402938272
3523206,Itararé,São Paulo,35,1003.86,-24.101336549999957,-49.30224616879639
3523305,Itariri,São Paulo,35,273.667,-24.286057899999946,-47.11055171358325
3523404,Itatiba,São Paulo,35,322.269,-23.01461004999996,-46.82211901075456
3523503,Itatinga,São Paulo,35,979.817,-23.14259389999995,-48.59876533381053
3523602,Itirapina,São Paulo,35,564.603,-22.292531749999966,-47.821540360875375
3523701,Itirapuã,São Paulo,35,161.118,-20.648987949999963,-47.174645768684606
3523800,Itobi,São Paulo,35,138.986,-21.758309349999962,-46.90784242069888
3523909,Itu,São Paulo,35,640.719,-23.297334449999965,-47.28567126817833
3524006,Itupeva,São Paulo,35,200.876,-23.146306799999962,-47.07758873120143
3524105,Ituverava,São Paulo,35,704.659,-20.31857119999995,-47.82493226247567
3524204,Jaborandi,São Paulo,35,273.438,-20.657167249999958,-48.414564783923055
3524303,Jaboticabal,São Paulo,35,706.602,-21.209721899999977,-48.308012033156174
3524402,Jacareí,São Paulo,35,464.272,-23.295954499999965,-46.00627906356043
3524501,Jaci,São Paulo,35,145.133,-20.942347599999948,-49.58862661102064
3524600,Jacupiranga,São Paulo,35,704.136,-24.77871149999993,-48.02220501284344
3524709,Jaguariúna,São Paulo,35,141.391,-22.679566199999954,-47.00569720165129
3524808,Jales,São Paulo,35,368.574,-20.26397984999997,-50.52535450078038
3524907,Jambeiro,São Paulo,35,184.413,-23.276137499999948,-45.710895427490826
3525003,Jandira,São Paulo,35,17.449,-23.540887449999957,-46.90463786489056
3525102,Jardinópolis,São Paulo,35,501.87,-21.00148034999995,-47.823089591932046
3525201,Jarinu,São Paulo,35,207.549,-23.09636064999998,-46.720180337006404
3525300,Jaú,São Paulo,35,687.103,-22.302096449999937,-48.559359027869135
3525409,Jeriquara,São Paulo,35,141.971,-20.340888199999938,-47.5609476197167
3525508,Joanópolis,São Paulo,35,374.293,-22.934928999999954,-46.21195686469068
3525607,João Ramalho,São Paulo,35,415.452,-22.233325949999937,-50.77406095814611
3525706,José Bonifácio,São Paulo,35,860.2,-21.096909549999964,-49.75727468986645
3525805,Júlio Mesquita,São Paulo,35,128.183,-21.975881249999958,-49.80979649633397
3525854,Jumirim,São Paulo,35,56.685,-23.10021299999994,-47.7788494402336
3525904,Jundiaí,São Paulo,35,431.204,-23.20160194999997,-46.93949296141296
3526001,Junqueirópolis,São Paulo,35,582.565,-21.46405414999998,-51.42684022157746
3526100,Juquiá,São Paulo,35,812.799,-24.21623169999998,-47.66275500240488
3526209,Juquitiba,São Paulo,35,522.169,-23.949765799999966,-47.0134660812054
3526308,Lagoinha,São Paulo,35,255.472,-23.09829444999994,-45.21057442877932
3526407,Laranjal Paulista,São Paulo,35,384.274,-23.018322249999954,-47.85860811241275
3526506,Lavínia,São Paulo,35,537.675,-21.14702504999994,-51.003343927243705
3526605,Lavrinhas,São Paulo,35,167.067,-22.521931199999955,-44.8870106955327
3526704,Leme,São Paulo,35,402.871,-22.175907999999964,-47.32658305589959
3526803,Lençóis Paulista,São Paulo,35,809.541,-22.667769799999945,-48.809688986006734
3526902,Limeira,São Paulo,35,580.711,-22.59176334999995,-47.36517656943124
3527009,Lindóia,São Paulo,35,48.756,-22.51369914999995,-46.65059324407039
3527108,Lins,São Paulo,35,570.058,-21.646809899999937,-49.67282667564315
3527207,Lorena,São Paulo,35,414.16,-22.777089649999965,-45.07133863903853
3527256,Lourdes,São Paulo,35,113.94,-20.948732749999976,-50.22865940199348
3527306,Louveira,São Paulo,35,55.738,-23.083186249999954,-46.931402270563794
3527405,Lucélia,São Paulo,35,314.81,-21.633434699999952,-50.9701709102563
3527504,Lucianópolis,São Paulo,35,189.536,-22.479733049999936,-49.55952449235804
3527603,Luís Antônio,São Paulo,35,598.257,-21.547128799999967,-47.78094088461394
3527702,Luiziânia,São Paulo,35,166.576,-21.673788599999966,-50.34961942534807
3527801,Lupércio,São Paulo,35,155.171,-22.43902554999994,-49.82692467863336
3527900,Lutécia,São Paulo,35,475.226,-22.32191844999997,-50.39114883440908
3528007,Macatuba,São Paulo,35,224.514,-22.463851799999958,-48.70700201988726
3528106,Macaubal,São Paulo,35,248.087,-20.850941749999947,-49.96863350541052
3528205,Macedônia,São Paulo,35,327.567,-20.09617424999996,-50.174278280123396
3528304,Magda,São Paulo,35,312.282,-20.610017599999964,-50.2308516420391
3528403,Mairinque,São Paulo,35,210.149,-23.51852164999997,-47.1984187843768
3528502,Mairiporã,São Paulo,35,320.697,-23.328521499999965,-46.54554774200763
3528601,Manduri,São Paulo,35,229.046,-23.048594149999957,-49.30604273080454
3528700,Marabá Paulista,São Paulo,35,919.519,-22.11961574999995,-52.04282130492419
3528809,Maracaí,São Paulo,35,533.498,-22.657467749999967,-50.701290972409055
3528858,Marapoama,São Paulo,35,111.267,-21.25524244999994,-49.12414651549314
3528908,Mariápolis,São Paulo,35,186.544,-21.778944149999973,-51.17660348604403
3529005,Marília,São Paulo,35,1170.515,-22.186610899999977,-49.96233822319701
3529104,Marinópolis,São Paulo,35,77.827,-20.480568799999958,-50.82912223635137
3529203,Martinópolis,São Paulo,35,1253.564,-22.200080399999962,-51.12876186352664
3529302,Matão,São Paulo,35,524.899,-21.61803194999996,-48.42768064968166
3529401,Mauá,São Paulo,35,61.937,-23.665856299999973,-46.43993465115379
3529500,Mendonça,São Paulo,35,195.151,-21.202645949999948,-49.57497904598852
3529609,Meridiano,São Paulo,35,228.199,-20.40307944999998,-50.19010900258775
3529658,Mesópolis,São Paulo,35,148.636,-19.955304799999965,-50.61479432318682
3529708,Miguelópolis,São Paulo,35,820.849,-20.191169199999933,-48.11252724412896
3529807,Mineiros do Tietê,São Paulo,35,213.242,-22.46655704999995,-48.43937104034403
3529906,Miracatu,São Paulo,35,1001.484,-24.19374314999996,-47.42127086397274
3530003,Mira Estrela,São Paulo,35,216.825,-19.961143799999974,-50.1191058170386
3530102,Mirandópolis,São Paulo,35,917.694,-21.087362199999944,-51.12427603779845
3530201,Mirante do Paranapanema,São Paulo,35,1238.931,-22.344960149999935,-52.02933017287174
3530300,Mirassol,São Paulo,35,243.228,-20.82870509999995,-49.50544959064488
3530409,Mirassolândia,São Paulo,35,166.125,-20.59549839999997,-49.48142355774499
3530508,Mococa,São Paulo,35,855.156,-21.447921099999974,-47.02865321729998
3530607,Mogi das Cruzes,São Paulo,35,712.541,-23.556538549999942,-46.19121055929916
3530706,Mogi Guaçu,São Paulo,35,812.753,-22.233903399999974,-47.09940188374032
3530805,Mogi Mirim,São Paulo,35,497.708,-22.437547649999942,-46.992373813033225
3530904,Mombuca,São Paulo,35,133.698,-22.942604149999966,-47.60563434868107
3531001,Monções,São Paulo,35,104.352,-20.87529479999995,-50.08807883841361
3531100,Mongaguá,São Paulo,35,142.755,-24.07004164999998,-46.67490203920592
3531209,Monte Alegre do Sul,São Paulo,35,110.308,-22.70699614999998,-46.666884873524765
3531308,Monte Alto,São Paulo,35,346.95,-21.257936049999955,-48.532735498582895
3531407,Monte Aprazível,São Paulo,35,495.559,-20.72634519999997,-49.69079282483855
3531506,Monte Azul Paulista,São Paulo,35,263.463,-20.91181044999996,-48.67826194109189
3531605,Monte Castelo,São Paulo,35,233.547,-21.242168199999952,-51.56212237045537
3531704,Monteiro Lobato,São Paulo,35,332.742,-22.937471999999957,-45.793060512182265
3531803,Monte Mor,São Paulo,35,240.566,-22.951899999999966,-47.30371988142664
3531902,Morro Agudo,São Paulo,35,1388.127,-20.690410549999967,-48.15666726139794
3532009,Morungaba,São Paulo,35,146.752,-22.887745399999943,-46.76708317210603
3532058,Motuca,São Paulo,35,228.7,-21.51985764999995,-48.17535325065445
3532108,Murutinga do Sul,São Paulo,35,250.873,-20.997089149999937,-51.298807687791864
3532157,Nantes,São Paulo,35,286.647,-22.60096539999995,-51.20941004922854
3532207,Narandiba,São Paulo,35,357.325,-22.524710349999964,-51.50022945991382
3532306,Natividade da Serra,São Paulo,35,833.372,-23.42710409999995,-45.36971522374167
3532405,Nazaré Paulista,São Paulo,35,326.254,-23.20481849999993,-46.37732238749996
3532504,Neves Paulista,São Paulo,35,219.05,-20.875576399999943,-49.65687045877382
3532603,Nhandeara,São Paulo,35,436.159,-20.672500299999967,-50.02796787937008
3532702,Nipoã,São Paulo,35,137.609,-20.892765649999973,-49.774697832456106
3532801,Nova Aliança,São Paulo,35,217.515,-21.052096199999966,-49.513937718426604
3532827,Nova Campina,São Paulo,35,385.375,-24.204125799999957,-49.00819141893854
3532843,Nova Canaã Paulista,São Paulo,35,124.473,-20.369159649999972,-50.91995746429873
3532868,Nova Castilho,São Paulo,35,183.396,-20.781340899999975,-50.35012464368178
3532900,Nova Europa,São Paulo,35,160.25,-21.77837709999997,-48.555763519270045
3533007,Nova Granada,São Paulo,35,531.796,-20.45453249999997,-49.320889260777435
3533106,Nova Guataporanga,São Paulo,35,34.158,-21.32032159999997,-51.648732677804546
3533205,Nova Independência,São Paulo,35,265.029,-21.141376599999944,-51.52117469030456
3533254,Novais,São Paulo,35,117.772,-20.986707999999965,-48.90708419586631
3533304,Nova Luzitânia,São Paulo,35,73.816,-20.870280899999955,-50.23917210700374
3533403,Nova Odessa,São Paulo,35,73.788,-22.781496999999973,-47.27885637434342
3533502,Novo Horizonte,São Paulo,35,931.743,-21.479069249999952,-49.30055266268927
3533601,Nuporanga,São Paulo,35,348.265,-20.700085499999943,-47.71994563931548
3533700,Ocauçu,São Paulo,35,301.036,-22.434123799999952,-49.93808428735808
3533809,Óleo,São Paulo,35,198.938,-22.969533999999953,-49.3891483733169
3533908,Olímpia,São Paulo,35,802.555,-20.70710619999997,-48.958170711246694
3534005,Onda Verde,São Paulo,35,242.946,-20.61024429999995,-49.25082508939951
3534104,Oriente,São Paulo,35,218.668,-22.143918949999943,-50.09036813896229
3534203,Orindiúva,São Paulo,35,247.378,-20.213309399999957,-49.36556916736945
3534302,Orlândia,São Paulo,35,291.765,-20.701795499999946,-47.896091880990355
3534401,Osasco,São Paulo,35,64.954,-23.53352899999996,-46.7887866360782
3534500,Oscar Bressane,São Paulo,35,222.13,-22.29448624999995,-50.25192876104302
3534609,Osvaldo Cruz,São Paulo,35,248.038,-21.705907749999966,-50.88478194181582
3534708,Ourinhos,São Paulo,35,295.818,-22.954520649999978,-49.856220842941326
3534757,Ouroeste,São Paulo,35,288.648,-19.922440649999942,-50.40099930727864
3534807,Ouro Verde,São Paulo,35,266.778,-21.496417349999945,-51.72834118606965
3534906,Pacaembu,São Paulo,35,339.375,-21.496711449999935,-51.275571373073475
3535002,Palestina,São Paulo,35,697.701,-20.337994899999956,-49.47532435222135
3535101,Palmares Paulista,São Paulo,35,82.125,-21.098699849999946,-48.8305288802061
3535200,Palmeira d'Oeste,São Paulo,35,318.74,-20.43833984999995,-50.73611310621983
3535309,Palmital,São Paulo,35,548.407,-22.82051734999996,-50.22085329287579
3535408,Panorama,São Paulo,35,356.05,-21.459944249999978,-51.8459668901084
3535507,Paraguaçu Paulista,São Paulo,35,1001.492,-22.46513589999995,-50.645182046859325
3535606,Paraibuna,São Paulo,35,809.576,-23.473950249999973,-45.652293125540425
3535705,Paraíso,São Paulo,35,155.186,-21.016721599999954,-48.765001449405446
3535804,Paranapanema,São Paulo,35,1018.724,-23.45532124999997,-48.79089064653475
3535903,Paranapuã,São Paulo,35,140.354,-20.06415219999994,-50.60371796758531
3536000,Parapuã,São Paulo,35,366.664,-21.829079999999976,-50.77524879232479
3536109,Pardinho,São Paulo,35,209.894,-23.09995774999996,-48.41169783874631
3536208,Pariquera-Açu,São Paulo,35,359.414,-24.68271594999996,-47.85311709399461
3536257,Parisi,São Paulo,35,84.737,-20.258881849999966,-50.04111350099044
3536307,Patrocínio Paulista,São Paulo,35,602.848,-20.69385354999997,-47.29571589860737
3536406,Paulicéia,São Paulo,35,374.091,-21.21223669999995,-51.79843246597126
3536505,Paulínia,São Paulo,35,138.777,-22.748497499999957,-47.156114143909946
3536570,Paulistânia,São Paulo,35,256.178,-22.568196249999943,-49.31055185099824
3536604,Paulo de Faria,São Paulo,35,737.986,-20.073723399999977,-49.43171242924937
3536703,Pederneiras,São Paulo,35,727.482,-22.289588399999957,-48.87758858263091
3536802,Pedra Bela,São Paulo,35,158.587,-22.765380549999975,-46.41072292606937
3536901,Pedranópolis,São Paulo,35,260.101,-20.202867049999952,-50.12763773753683
3537008,Pedregulho,São Paulo,35,712.604,-20.159698299999945,-47.49609601383105
3537107,Pedreira,São Paulo,35,108.817,-22.76227309999996,-46.877009202595374
3537156,Pedrinhas Paulista,São Paulo,35,152.309,-22.81329004999995,-50.789569608572954
3537206,Pedro de Toledo,São Paulo,35,670.44,-24.177728999999943,-47.163072695138766
3537305,Penápolis,São Paulo,35,711.314,-21.392872499999953,-50.071445337194014
3537404,Pereira Barreto,São Paulo,35,974.247,-20.682714299999958,-51.10707566289224
3537503,Pereiras,São Paulo,35,223.136,-23.12349164999995,-47.979045948728185
3537602,Peruíbe,São Paulo,35,326.216,-24.28540074999995,-46.98434168534108
3537701,Piacatu,São Paulo,35,232.488,-21.57617689999998,-50.63506949486957
3537800,Piedade,São Paulo,35,746.868,-23.80175639999996,-47.445946603981554
3537909,Pilar do Sul,São Paulo,35,681.248,-23.85813294999997,-47.705329560092984
3538006,Pindamonhangaba,São Paulo,35,731.355,-22.887456949999944,-45.46188366142201
3538105,Pindorama,São Paulo,35,184.825,-21.203290049999936,-48.912439920978116
3538204,Pinhalzinho,São Paulo,35,154.529,-22.785350699999952,-46.58076648992164
3538303,Piquerobi,São Paulo,35,482.769,-21.844142449999964,-51.71872110061405
3538501,Piquete,São Paulo,35,175.996,-22.578284699999955,-45.18353507196563
3538600,Piracaia,São Paulo,35,385.568,-23.043369499999955,-46.28824822786676
3538709,Piracicaba,São Paulo,35,1378.069,-22.711322999999936,-47.81384047236406
3538808,Piraju,São Paulo,35,504.591,-23.194243049999955,-49.350559246399726
3538907,Pirajuí,São Paulo,35,823.758,-21.904963549999934,-49.43366930092954
3539004,Pirangi,São Paulo,35,215.809,-21.083782499999955,-48.65670176995036
3539103,Pirapora do Bom Jesus,São Paulo,35,108.489,-23.377752249999958,-46.97917450044825
3539202,Pirapozinho,São Paulo,35,477.673,-22.43403214999995,-51.56615613526233
3539301,Pirassununga,São Paulo,35,727.118,-21.97206589999996,-47.41903094567833
3539400,Piratininga,São Paulo,35,402.409,-22.415390649999978,-49.187551995900634
3539509,Pitangueiras,São Paulo,35,430.638,-21.00292559999994,-48.26013669556913
3539608,Planalto,São Paulo,35,289.825,-21.019457049999943,-49.93854575746988
3539707,Platina,São Paulo,35,327.48,-22.61979384999995,-50.2085931158834
3539806,Poá,São Paulo,35,17.264,-23.539138099999946,-46.34328638905923
3539905,Poloni,São Paulo,35,135.119,-20.74265264999994,-49.8334473267997
3540002,Pompéia,São Paulo,35,784.674,-22.03373339999996,-50.194697113847496
3540101,Pongaí,São Paulo,35,183.399,-21.723690949999963,-49.3627173117359
3540200,Pontal,São Paulo,35,356.371,-20.990782549999977,-48.06747698378692
3540259,Pontalinda,São Paulo,35,209.525,-20.453141449999947,-50.514186292840336
3540309,Pontes Gestal,São Paulo,35,217.505,-20.178325549999954,-49.74171735115927
3540408,Populina,São Paulo,35,315.938,-19.90857074999994,-50.52268915281515
3540507,Porangaba,São Paulo,35,265.689,-23.175814049999957,-48.10227286465892
3540606,Porto Feliz,São Paulo,35,556.706,-23.23777074999998,-47.52309871155212
3540705,Porto Ferreira,São Paulo,35,244.906,-21.84576229999996,-47.457167929902155
3540754,Potim,São Paulo,35,44.643,-22.82320919999995,-45.32070757976803
3540804,Potirendaba,São Paulo,35,342.492,-21.076376099999948,-49.376637044123626
3540853,Pracinha,São Paulo,35,63.054,-21.83816484999994,-51.06546040980827
3540903,Pradópolis,São Paulo,35,167.378,-21.346181499999943,-48.08552419002906
3541000,Praia Grande,São Paulo,35,149.652,-24.018071299999946,-46.51561533299626
3541059,Pratânia,São Paulo,35,175.1,-22.816040749999956,-48.683280270340326
3541109,Presidente Alves,São Paulo,35,286.642,-22.123309449999965,-49.469732839843175
3541208,Presidente Bernardes,São Paulo,35,749.233,-22.105978749999935,-51.63957640150048
3541307,Presidente Epitácio,São Paulo,35,1260.281,-21.88260514999996,-52.179184057553556
3541406,Presidente Prudente,São Paulo,35,560.637,-21.96357034999994,-51.322851862345104
3541505,Presidente Venceslau,São Paulo,35,755.203,-21.792073499999958,-51.82486498196458
3541604,Promissão,São Paulo,35,779.2,-21.491095849999965,-49.81311284061651
3541653,Quadra,São Paulo,35,205.672,-23.302940199999966,-48.032123016414815
3541703,Quatá,São Paulo,35,651.341,-22.228480049999945,-50.635848390337486
3541802,Queiroz,São Paulo,35,234.914,-21.79939879999995,-50.24060588260965
3541901,Queluz,São Paulo,35,249.399,-22.50889134999997,-44.77658964082357
3542008,Quintana,São Paulo,35,318.937,-22.077295549999945,-50.34166956082429
3542107,Rafard,São Paulo,35,121.645,-23.04388899999995,-47.58168302810002
3542206,Rancharia,São Paulo,35,1587.498,-22.313765549999943,-50.963104703790165
3542305,Redenção da Serra,São Paulo,35,309.441,-23.249138999999957,-45.51486763664478
3542404,Regente Feijó,São Paulo,35,263.28,-22.241767649999957,-51.295823163383275
3542503,Reginópolis,São Paulo,35,410.406,-21.855663999999962,-49.18935952320087
3542602,Registro,São Paulo,35,722.201,-24.49521329999996,-47.79762185756965
3542701,Restinga,São Paulo,35,245.746,-20.648513049999934,-47.494612126851315
3542800,Ribeira,São Paulo,35,335.759,-24.604180249999956,-49.05164354503488
3542909,Ribeirão Bonito,São Paulo,35,471.553,-22.038311549999946,-48.20870634944383
3543006,Ribeirão Branco,São Paulo,35,697.5,-24.254091449999947,-48.79033211127848
3543105,Ribeirão Corrente,São Paulo,35,148.332,-20.45827134999996,-47.562542195906005
3543204,Ribeirão do Sul,São Paulo,35,203.208,-22.74847374999996,-49.91745181293243
3543238,Ribeirão dos Índios,São Paulo,35,196.446,-21.80828249999996,-51.5934012631363
3543253,Ribeirão Grande,São Paulo,35,333.363,-24.183272349999953,-48.362012871892986
3543303,Ribeirão Pires,São Paulo,35,98.972,-23.694268849999958,-46.38802305603231
3543402,Ribeirão Preto,São Paulo,35,650.916,-21.214410999999956,-47.800820204765266
3543501,Riversul,São Paulo,35,385.878,-23.844725249999954,-49.45367330864121
3543600,Rifaina,São Paulo,35,162.508,-20.065655249999963,-47.44110593592683
3543709,Rincão,São Paulo,35,316.639,-21.57617154999994,-48.07048375403646
3543808,Rinópolis,São Paulo,35,358.481,-21.68118759999996,-50.71949851887384
3543907,Rio Claro,São Paulo,35,498.422,-22.398013799999973,-47.56267389107231
3544004,Rio das Pedras,São Paulo,35,226.657,-22.84588624999995,-47.60047660327662
3544103,Rio Grande da Serra,São Paulo,35,36.341,-23.738137499999965,-46.385270290627496
3544202,Riolândia,São Paulo,35,631.897,-20.050407999999948,-49.687030169582876
3544251,Rosana,São Paulo,35,744.011,-22.480473299999943,-52.83401959939217
3544301,Roseira,São Paulo,35,129.847,-22.932496449999945,-45.306967862479794
3544400,Rubiácea,São Paulo,35,236.484,-21.34489089999994,-50.75204784378007
3544509,Rubinéia,São Paulo,35,242.877,-20.264124049999964,-51.0516196970477
3544608,Sabino,São Paulo,35,305.285,-21.482952749999953,-49.57100606986499
3544707,Sagres,São Paulo,35,147.935,-21.86296799999994,-50.99437278691203
3544806,Sales,São Paulo,35,308.555,-21.337694099999936,-49.49624774293762
3544905,Sales Oliveira,São Paulo,35,305.776,-20.824984599999937,-47.845392635086
3545001,Salesópolis,São Paulo,35,424.997,-23.577545949999944,-45.84883186882563
3545100,Salmourão,São Paulo,35,172.934,-21.58758174999994,-50.871094611496446
3545159,Saltinho,São Paulo,35,99.738,-22.866530849999947,-47.73201356794078
3545209,Salto,São Paulo,35,133.057,-23.173901849999964,-47.31189519310339
3545308,Salto de Pirapora,São Paulo,35,280.412,-23.661404149999953,-47.589786534697595
3545407,Salto Grande,São Paulo,35,188.441,-22.872834299999965,-49.9583144508071
3545506,Sandovalina,São Paulo,35,455.856,-22.46714254999995,-51.826568340696454
3545605,Santa Adélia,São Paulo,35,330.269,-21.32128984999997,-48.826911131386154
3545704,Santa Albertina,São Paulo,35,272.692,-20.032102649999956,-50.72270058765534
3545803,Santa Bárbara d'Oeste,São Paulo,35,271.03,-22.80381879999996,-47.43366326138459
3546009,Santa Branca,São Paulo,35,272.238,-23.418212099999977,-45.88533918013624
3546108,Santa Clara d'Oeste,São Paulo,35,183.458,-20.066256349999946,-50.91170721305495
3546207,Santa Cruz da Conceição,São Paulo,35,150.13,-22.125447699999967,-47.484171545105156
3546256,Santa Cruz da Esperança,São Paulo,35,148.062,-21.28668714999995,-47.439936577601024
3546306,Santa Cruz das Palmeiras,São Paulo,35,295.337,-21.861860099999944,-47.25771240196721
3546405,Santa Cruz do Rio Pardo,São Paulo,35,1114.747,-22.760565249999956,-49.51749794583248
3546504,Santa Ernestina,São Paulo,35,134.421,-21.44510459999995,-48.35725058683917
3546603,Santa Fé do Sul,São Paulo,35,206.537,-20.266040499999946,-50.97330743228626
3546702,Santa Gertrudes,São Paulo,35,98.291,-22.47381189999996,-47.53196518788303
3546801,Santa Isabel,São Paulo,35,363.332,-23.295553999999953,-46.23619259607062
3546900,Santa Lúcia,São Paulo,35,153.86,-21.666044949999957,-48.04721460037068
3547007,Santa Maria da Serra,São Paulo,35,252.621,-22.563953099999964,-48.1588428121665
3547106,Santa Mercedes,São Paulo,35,166.753,-21.308779449999975,-51.72930357295743
3547205,Santana da Ponte Pensa,São Paulo,35,129.888,-20.250820399999952,-50.79062817778666
3547304,Santana de Parnaíba,São Paulo,35,179.949,-23.44650299999998,-46.90991233731486
3547403,Santa Rita d'Oeste,São Paulo,35,209.8,-20.09134569999995,-50.80139145422781
3547502,Santa Rita do Passa Quatro,São Paulo,35,754.141,-21.677572199999958,-47.51886136014939
3547601,Santa Rosa de Viterbo,São Paulo,35,288.576,-21.504483499999964,-47.35969886172302
3547650,Santa Salete,São Paulo,35,79.192,-20.26538309999995,-50.72216230831604
3547700,Santo Anastácio,São Paulo,35,552.876,-22.013216849999964,-51.70549493317475
3547809,Santo André,São Paulo,35,175.782,-23.710763999999955,-46.50474886339089
3547908,Santo Antônio da Alegria,São Paulo,35,310.311,-21.083115299999946,-47.182290626739416
3548005,Santo Antônio de Posse,São Paulo,35,154.133,-22.613573749999972,-46.94559471929419
3548054,Santo Antônio do Aracanguá,São Paulo,35,1308.432,-20.86733689999997,-50.56711925077417
3548104,Santo Antônio do Jardim,São Paulo,35,109.956,-22.13231209999995,-46.680355306489744
3548203,Santo Antônio do Pinhal,São Paulo,35,133.008,-22.828765449999935,-45.69961796906546
3548302,Santo Expedito,São Paulo,35,94.465,-21.812518799999964,-51.36316651816803
3548401,Santópolis do Aguapeí,São Paulo,35,128.026,-21.66078804999995,-50.52231590662595
3548500,Santos,São Paulo,35,281.033,-23.86407449999996,-46.29041090403919
3548609,São Bento do Sapucaí,São Paulo,35,252.579,-22.680386349999935,-45.68622809042556
3548708,São Bernardo do Campo,São Paulo,35,409.532,-23.804307999999963,-46.52697574456284
3548807,São Caetano do Sul,São Paulo,35,15.331,-23.625031999999976,-46.5643007205592
3548906,São Carlos,São Paulo,35,1136.907,-21.879603449999962,-47.85675565049148
3549003,São Francisco,São Paulo,35,75.579,-20.372777449999944,-50.66230076077551
3549102,São João da Boa Vista,São Paulo,35,516.399,-21.96647079999994,-46.815651340203445
3549201,São João das Duas Pontes,São Paulo,35,129.462,-20.408532049999963,-50.376125369771515
3549250,São João de Iracema,São Paulo,35,178.396,-20.523712149999966,-50.36277278375646
3549300,São João do Pau d'Alho,São Paulo,35,117.665,-21.22740959999996,-51.682646732950246
3549409,São Joaquim da Barra,São Paulo,35,410.863,-20.540635649999956,-47.96673868406172
3549508,São José da Bela Vista,São Paulo,35,276.952,-20.590831549999933,-47.64478755585621
3549607,São José do Barreiro,São Paulo,35,570.685,-22.75439069999996,-44.59289232201004
3549706,São José do Rio Pardo,São Paulo,35,419.684,-21.596608449999934,-46.8635936612049
3549805,São José do Rio Preto,São Paulo,35,431.944,-20.784094499999952,-49.36762783765933
3549904,São José dos Campos,São Paulo,35,1099.409,-23.061548999999957,-45.95750523417346
3549953,São Lourenço da Serra,São Paulo,35,186.456,-23.856480699999963,-46.93250511892954
3550001,São Luiz do Paraitinga,São Paulo,35,617.315,-23.24082679999995,-45.25733380057069
3550100,São Manuel,São Paulo,35,650.734,-22.697846749999968,-48.525337600261146
3550209,São Miguel Arcanjo,São Paulo,35,930.339,-23.931307299999958,-48.014824046385456
3550308,São Paulo,São Paulo,35,1521.202,-23.68230799999995,-46.716985836778605
3550407,São Pedro,São Paulo,35,611.278,-22.558509149999963,-47.93438558514005
3550506,São Pedro do Turvo,São Paulo,35,731.221,-22.689472649999942,-49.74933696140391
3550605,São Roque,São Paulo,35,306.908,-23.532759999999968,-47.08116706546308
3550704,São Sebastião,São Paulo,35,402.395,-23.745773949999972,-45.684898569572574
3550803,São Sebastião da Grama,São Paulo,35,252.41,-21.74974199999997,-46.75493074274291
3550902,São Simão,São Paulo,35,617.252,-21.466437049999968,-47.582020870514306
3551009,São Vicente,São Paulo,35,148.151,-23.954881349999965,-46.44040287892427
3551108,Sarapuí,São Paulo,35,352.592,-23.64928134999994,-47.78866370073041
3551207,Sarutaiá,São Paulo,35,141.608,-23.25913424999996,-49.4830228008741
3551306,Sebastianópolis do Sul,São Paulo,35,167.848,-20.634240649999953,-49.90360762731282
3551405,Serra Azul,São Paulo,35,283.144,-21.30720574999995,-47.567921977771746
3551504,Serrana,São Paulo,35,126.046,-21.214411999999953,-47.606344879293346
3551603,Serra Negra,São Paulo,35,203.734,-22.58585704999996,-46.67685754995924
3551702,Sertãozinho,São Paulo,35,403.089,-21.105159499999928,-48.03361365347965
3551801,Sete Barras,São Paulo,35,1062.699,-24.295585349999953,-47.942565937147954
3551900,Severínia,São Paulo,35,140.46,-20.785135099999934,-48.78911941244277
3552007,Silveiras,São Paulo,35,414.782,-22.748031949999955,-44.83642148176777
3552106,Socorro,São Paulo,35,449.029,-22.59903474999996,-46.51680797411262
3552205,Sorocaba,São Paulo,35,449.872,-23.470111999999943,-47.441969699421904
3552304,Sud Mennucci,São Paulo,35,594.744,-20.678479099999947,-50.90935200712367
3552403,Sumaré,São Paulo,35,153.465,-22.84772449999997,-47.29901994551278
3552502,Suzano,São Paulo,35,206.236,-23.61483199999995,-46.32123891623444
3552551,Suzanápolis,São Paulo,35,330.587,-20.468030149999947,-51.099889334054
3552601,Tabapuã,São Paulo,35,345.792,-20.938341399999956,-49.0328048572579
3552700,Tabatinga,São Paulo,35,368.604,-21.726972799999942,-48.644134408507554
3552809,Taboão da Serra,São Paulo,35,20.388,-23.62106849999995,-46.787519482900116
3552908,Taciba,São Paulo,35,607.267,-22.499141849999944,-51.35526069983129
3553005,Taguaí,São Paulo,35,145.332,-23.467803249999946,-49.386902327542956
3553104,Taiaçu,São Paulo,35,107.059,-21.13195799999994,-48.54247833784474
3553203,Taiúva,São Paulo,35,132.459,-21.141394399999967,-48.425195008002675
3553302,Tambaú,São Paulo,35,561.788,-21.60001699999998,-47.25134634734873
3553401,Tanabi,São Paulo,35,747.218,-20.51819574999996,-49.62822674265874
3553500,Tapiraí,São Paulo,35,755.101,-23.998625149999953,-47.54733998973592
3553609,Tapiratiba,São Paulo,35,221.891,-21.45604179999995,-46.76566369721901
3553658,Taquaral,São Paulo,35,53.892,-21.067574999999948,-48.398122580127904
3553708,Taquaritinga,São Paulo,35,594.335,-21.441500299999944,-48.57354303473548
3553807,Taquarituba,São Paulo,35,448.515,-23.534096149999954,-49.24145024212461
3553856,Taquarivaí,São Paulo,35,231.792,-23.940242599999976,-48.671093169098526
3553906,Tarabai,São Paulo,35,201.385,-22.363471999999973,-51.63410417211681
3553955,Tarumã,São Paulo,35,302.913,-22.773460399999948,-50.61216182219029
3554003,Tatuí,São Paulo,35,523.749,-23.355534749999947,-47.86148151603973
3554102,Taubaté,São Paulo,35,625.003,-23.086364249999946,-45.48019814259189
3554201,Tejupá,São Paulo,35,296.189,-23.34881729999998,-49.309890291995956
3554300,Teodoro Sampaio,São Paulo,35,1555.803,-22.42818239999997,-52.335958966836756
3554409,Terra Roxa,São Paulo,35,221.541,-20.774673399999955,-48.344494017940924
3554508,Tietê,São Paulo,35,404.396,-23.050073699999956,-47.71106221954334
3554607,Timburi,São Paulo,35,196.79,-23.197032949999965,-49.59808467399186
3554656,Torre de Pedra,São Paulo,35,71.348,-23.249271449999952,-48.20785194334347
3554706,Torrinha,São Paulo,35,315.267,-22.449030799999946,-48.162320980091934
3554755,Trabiju,São Paulo,35,63.421,-22.031823849999967,-48.358083473765106
3554805,Tremembé,São Paulo,35,191.094,-22.938157349999955,-45.60594110650123
3554904,Três Fronteiras,São Paulo,35,151.594,-20.276241049999953,-50.88660185403782
3554953,Tuiuti,São Paulo,35,126.731,-22.83063009999995,-46.69003448232458
3555000,Tupã,São Paulo,35,627.986,-21.95746079999998,-50.54665427929549
3555109,Tupi Paulista,São Paulo,35,244.77,-21.383748699999956,-51.59727327126299
3555208,Turiúba,São Paulo,35,153.235,-20.937278049999946,-50.121471216155705
3555307,Turmalina,São Paulo,35,147.797,-20.071308599999952,-50.466105588490976
3555356,Ubarana,São Paulo,35,209.861,-21.21612664999995,-49.74977245736707
3555406,Ubatuba,São Paulo,35,708.105,-23.397622299999938,-45.08163481633144
3555505,Ubirajara,São Paulo,35,282.179,-22.550911299999967,-49.66919300300205
3555604,Uchoa,São Paulo,35,252.434,-20.930092099999968,-49.177076714833184
3555703,União Paulista,São Paulo,35,79.056,-20.88914534999995,-49.8863231229372
3555802,Urânia,São Paulo,35,209.262,-20.198018349999955,-50.64785812012029
3555901,Uru,São Paulo,35,146.901,-21.759888949999947,-49.29067536046183
3556008,Urupês,São Paulo,35,323.916,-21.219850549999933,-49.26388765740231
3556107,Valentim Gentil,São Paulo,35,149.741,-20.409668599999947,-50.08905417953039
3556206,Valinhos,São Paulo,35,148.538,-22.98014349999994,-46.985060670125435
3556305,Valparaíso,São Paulo,35,857.661,-21.187690199999963,-50.8845973111428
3556354,Vargem,São Paulo,35,142.595,-22.894316849999967,-46.41635128529373
3556404,Vargem Grande do Sul,São Paulo,35,267.178,-21.867924049999942,-46.9101309204113
3556453,Vargem Grande Paulista,São Paulo,35,42.489,-23.624287299999963,-47.022703438223104
3556503,Várzea Paulista,São Paulo,35,35.12,-23.221232999999955,-46.82476304168426
3556602,Vera Cruz,São Paulo,35,247.716,-22.227205449999957,-49.80742495351072
3556701,Vinhedo,São Paulo,35,80.95,-23.060776149999953,-46.98655657343899
3556800,Viradouro,São Paulo,35,217.726,-20.880372449999953,-48.30603899827764
3556909,Vista Alegre do Alto,São Paulo,35,95.429,-21.17670359999994,-48.65572246005185
3556958,Vitória Brasil,São Paulo,35,49.832,-20.19951549999996,-50.48836581217057
3557006,Votorantim,São Paulo,35,184.186,-23.58445274999994,-47.40161223134052
3557105,Votuporanga,São Paulo,35,420.703,-20.446428149999946,-49.95365713166018
3557154,Zacarias,São Paulo,35,319.056,-21.112553099999957,-50.048822532724735
3557204,Chavantes,São Paulo,35,188.727,-23.04163989999995,-49.733880382598294
3557303,Estiva Gerbi,São Paulo,35,74.144,-22.238932749999947,-46.93876829360042
4100103,Abatiá,Paraná,41,228.717,-23.30375719999995,-50.340212906488105
4100202,Adrianópolis,Paraná,41,1349.311,-24.78909429999996,-48.79937805923763
4100301,Agudos do Sul,Paraná,41,192.261,-26.040786449999956,-49.30768225652939
4100400,Almirante Tamandaré,Paraná,41,194.228,-25.305828799999972,-49.328394713071475
4100459,Altamira do Paraná,Paraná,41,386.945,-24.825012499999957,-52.672034014573136
4100509,Altônia,Paraná,41,661.56,-23.912933399999957,-53.916569319851305
4100608,Alto Paraná,Paraná,41,407.719,-23.06920809999994,-52.305903247413625
4100707,Alto Piquiri,Paraná,41,447.666,-24.091197449999953,-53.392835961870915
4100806,Alvorada do Sul,Paraná,41,424.25,-22.81679319999995,-51.23782147389093
4100905,Amaporã,Paraná,41,384.735,-23.138631699999934,-52.835056127419264
4101002,Ampére,Paraná,41,298.349,-25.90807074999995,-53.49645942121509
4101051,Anahy,Paraná,41,102.895,-24.640855349999953,-53.14139827553022
4101101,Andirá,Paraná,41,235.944,-23.02742914999996,-50.27738311052367
4101150,Ângulo,Paraná,41,106.021,-23.197163699999948,-51.92122683073065
4101200,Antonina,Paraná,41,891.582,-25.296156449999955,-48.704047769070975
4101309,Antônio Olinto,Paraná,41,469.62,-25.943770799999953,-50.1031484889171
4101408,Apucarana,Paraná,41,556.99,-23.57752819999996,-51.39387096436602
4101507,Arapongas,Paraná,41,382.215,-23.44618449999996,-51.43674401888303
4101606,Arapoti,Paraná,41,1358.176,-24.072230549999944,-49.93529786084826
4101655,Arapuã,Paraná,41,217.371,-24.327608649999945,-51.84393545034745
4101705,Araruna,Paraná,41,493.191,-23.92600479999993,-52.51367391396752
4101804,Araucária,Paraná,41,469.24,-25.634200899999968,-49.45215828575472
4101853,Ariranha do Ivaí,Paraná,41,234.075,-24.37887244999996,-51.54560044307242
4101903,Assaí,Paraná,41,440.347,-23.41836059999997,-50.87921235637553
4102000,Assis Chateaubriand,Paraná,41,980.727,-24.444802899999956,-53.57857747941415
4102109,Astorga,Paraná,41,434.792,-23.236589599999945,-51.6948342705069
4102208,Atalaia,Paraná,41,137.663,-23.126928549999946,-52.07712579619647
4102307,Balsa Nova,Paraná,41,348.926,-25.487484749999965,-49.68401251376635
4102406,Bandeirantes,Paraná,41,445.192,-23.153467649999953,-50.338497436196135
4102505,Barbosa Ferraz,Paraná,41,538.636,-24.07332279999997,-52.01096228090749
4102604,Barracão,Paraná,41,161.213,-26.250331149999937,-53.543848274742146
4102703,Barra do Jacaré,Paraná,41,115.855,-23.10770144999995,-50.14759856932861
4102752,Bela Vista da Caroba,Paraná,41,148.107,-25.884767099999948,-53.63229762305072
4102802,Bela Vista do Paraíso,Paraná,41,242.689,-23.008299799999946,-51.24489019648789
4102901,Bituruna,Paraná,41,1234.946,-26.14515629999994,-51.495246027009415
4103008,Boa Esperança,Paraná,41,302.739,-24.26240199999998,-52.73556378310683
4103024,Boa Esperança do Iguaçu,Paraná,41,151.797,-25.634693699999957,-53.23659776276925
4103040,Boa Ventura de São Roque,Paraná,41,608.179,-24.829453549999954,-51.53412734038503
4103057,Boa Vista da Aparecida,Paraná,41,266.175,-25.43920874999995,-53.43571748590449
4103107,Bocaiúva do Sul,Paraná,41,825.665,-25.09914244999993,-48.965528568948045
4103156,Bom Jesus do Sul,Paraná,41,176.129,-26.155011849999966,-53.54649544114896
4103206,Bom Sucesso,Paraná,41,322.755,-23.71640089999994,-51.819551062408905
4103222,Bom Sucesso do Sul,Paraná,41,195.931,-26.08479854999996,-52.86057255391095
4103305,Borrazópolis,Paraná,41,334.378,-23.952310899999958,-51.60457743424716
4103354,Braganey,Paraná,41,343.321,-24.789202599999953,-53.1035645551674
4103370,Brasilândia do Sul,Paraná,41,291.036,-24.15791909999996,-53.53551549170125
4103404,Cafeara,Paraná,41,185.8,-22.795933649999938,-51.725732359360165
4103453,Cafelândia,Paraná,41,274.904,-24.690094749999957,-53.37376792180539
4103479,Cafezal do Sul,Paraná,41,335.392,-23.951148299999943,-53.55924553387493
4103503,Califórnia,Paraná,41,141.817,-23.66656569999995,-51.3345611212797
4103602,Cambará,Paraná,41,366.153,-22.99499819999994,-50.08377045289288
4103701,Cambé,Paraná,41,495.375,-23.20630879999996,-51.24905321980242
4103800,Cambira,Paraná,41,164.786,-23.611625449999963,-51.57560494419027
4103909,Campina da Lagoa,Paraná,41,796.614,-24.618496599999958,-52.7908500402574
4103958,Campina do Simão,Paraná,41,448.424,-25.109716249999934,-51.77530728289085
4104006,Campina Grande do Sul,Paraná,41,539.245,-25.182125949999943,-48.871545613250156
4104055,Campo Bonito,Paraná,41,433.832,-24.902289149999945,-53.02750896645419
4104105,Campo do Tenente,Paraná,41,304.488,-25.979904949999963,-49.666652166497855
4104204,Campo Largo,Paraná,41,1243.551,-25.26635134999998,-49.69300620758767
4104253,Campo Magro,Paraná,41,275.352,-25.297494049999955,-49.45392474286651
4104303,Campo Mourão,Paraná,41,749.637,-24.126079199999964,-52.363276278453355
4104402,Cândido de Abreu,Paraná,41,1510.16,-24.682196199999964,-51.256808630529434
4104428,Candói,Paraná,41,1512.786,-25.522147849999953,-52.01161157613872
4104451,Cantagalo,Paraná,41,568.054,-25.305649199999948,-52.10898705879349
4104501,Capanema,Paraná,41,419.036,-25.60692204999995,-53.70551035992603
4104600,Capitão Leônidas Marques,Paraná,41,280.063,-25.455831699999948,-53.59562058278477
4104659,Carambeí,Paraná,41,649.679,-24.889869749999946,-50.173547568743544
4104709,Carlópolis,Paraná,41,451.418,-23.457179149999945,-49.73168572942248
4104808,Cascavel,Paraná,41,2091.199,-25.05756194999995,-53.30088195061871
4104907,Castro,Paraná,41,2531.503,-24.806728749999962,-49.83273441460889
4105003,Catanduvas,Paraná,41,580.421,-25.234047749999945,-53.13058352467604
4105102,Centenário do Sul,Paraná,41,371.834,-22.79436684999996,-51.55748301054767
4105201,Cerro Azul,Paraná,41,1341.189,-24.884714099999968,-49.24464238034313
4105300,Céu Azul,Paraná,41,1179.449,-25.28839634999997,-53.75993711068895
4105409,Chopinzinho,Paraná,41,959.692,-25.794586149999958,-52.414302664138226
4105508,Cianorte,Paraná,41,811.665,-23.73717419999997,-52.64124110050872
4105607,Cidade Gaúcha,Paraná,41,403.045,-23.37403139999995,-52.947088341416276
4105706,Clevelândia,Paraná,41,703.638,-26.310012249999943,-52.35723370690984
4105805,Colombo,Paraná,41,197.58,-25.30926004999995,-49.192188914411126
4105904,Colorado,Paraná,41,407.568,-22.817718749999955,-51.99903239872518
4106001,Congonhinhas,Paraná,41,535.963,-23.623605899999944,-50.5175109103873
4106100,Conselheiro Mairinck,Paraná,41,204.705,-23.58561249999994,-50.1415226480884
4106209,Contenda,Paraná,41,299.037,-25.699123199999974,-49.53656853074976
4106308,Corbélia,Paraná,41,529.137,-24.736989299999976,-53.2390912099692
4106407,Cornélio Procópio,Paraná,41,635.1,-23.19493634999995,-50.65315780102433
4106456,Coronel Domingos Soares,Paraná,41,1556.186,-26.173749949999944,-51.90789072640861
4106506,Coronel Vivida,Paraná,41,684.417,-25.994115799999975,-52.56045176278897
4106555,Corumbataí do Sul,Paraná,41,164.341,-24.127470149999965,-52.126494013377055
4106571,Cruzeiro do Iguaçu,Paraná,41,161.862,-25.59642304999994,-53.12514670482264
4106605,Cruzeiro do Oeste,Paraná,41,775.984,-23.73447184999995,-53.07023508545269
4106704,Cruzeiro do Sul,Paraná,41,259.103,-22.981637899999953,-52.154375265847406
4106803,Cruz Machado,Paraná,41,1478.35,-25.89523029999995,-51.18293743288605
4106852,Cruzmaltina,Paraná,41,312.299,-24.00164449999994,-51.46327888204067
4106902,Curitiba,Paraná,41,435.277,-25.495206699999954,-49.28506327833133
4107009,Curiúva,Paraná,41,576.263,-23.990980899999954,-50.44366781149181
4107108,Diamante do Norte,Paraná,41,242.887,-22.63738134999997,-52.891087961251685
4107124,Diamante do Sul,Paraná,41,347.233,-24.993898249999972,-52.70439772828383
4107157,Diamante D'Oeste,Paraná,41,309.11,-24.967326999999955,-54.090444694235
4107207,Dois Vizinhos,Paraná,41,418.648,-25.74271889999997,-53.07076240279255
4107256,Douradina,Paraná,41,420.604,-23.350862049999932,-53.29415800911391
4107306,Doutor Camargo,Paraná,41,118.279,-23.569026699999966,-52.22429814863223
4107405,Enéas Marques,Paraná,41,192.203,-25.882658499999962,-53.1218441769098
4107504,Engenheiro Beltrão,Paraná,41,467.47,-23.76135169999995,-52.28210881137689
4107520,Esperança Nova,Paraná,41,141.286,-23.723042199999952,-53.79872541810823
4107538,Entre Rios do Oeste,Paraná,41,120.967,-24.70787484999994,-54.23771833724411
4107546,Espigão Alto do Iguaçu,Paraná,41,326.44,-25.384246849999954,-52.7752932896162
4107553,Farol,Paraná,41,289.232,-24.12406464999995,-52.617507152500565
4107603,Faxinal,Paraná,41,715.943,-24.002629449999944,-51.24448155046836
4107652,Fazenda Rio Grande,Paraná,41,116.678,-25.682666499999954,-49.30118415232376
4107702,Fênix,Paraná,41,234.099,-23.892895499999952,-52.027117927670055
4107736,Fernandes Pinheiro,Paraná,41,406.5,-25.482942099999946,-50.50948502770744
4107751,Figueira,Paraná,41,129.769,-23.85720944999997,-50.42138772340576
4107801,Floraí,Paraná,41,191.133,-23.332341699999972,-52.352744628162995
4107850,Flor da Serra do Sul,Paraná,41,255.721,-26.254634549999963,-53.23300303280379
4107900,Floresta,Paraná,41,158.226,-23.60521229999995,-52.08435059131665
4108007,Florestópolis,Paraná,41,246.853,-22.895533099999966,-51.41053205427839
4108106,Flórida,Paraná,41,83.046,-23.105311099999966,-51.963208914335674
4108205,Formosa do Oeste,Paraná,41,275.901,-24.29532919999994,-53.32864590656391
4108304,Foz do Iguaçu,Paraná,41,609.192,-25.454648249999963,-54.55310142700795
4108320,Francisco Alves,Paraná,41,321.898,-24.09799149999995,-53.88610860364497
4108403,Francisco Beltrão,Paraná,41,735.111,-26.067900449999968,-53.10360615378279
4108452,Foz do Jordão,Paraná,41,235.382,-25.692842049999967,-52.06899852690985
4108502,General Carneiro,Paraná,41,1071.183,-26.479502849999932,-51.38838660687661
4108551,Godoy Moreira,Paraná,41,131.012,-24.154719899999947,-51.884801130834774
4108601,Goioerê,Paraná,41,564.163,-24.172034999999937,-53.06955498751622
4108650,Goioxim,Paraná,41,702.959,-25.13857619999996,-51.98199144045783
4108700,Grandes Rios,Paraná,41,314.198,-24.19249149999996,-51.42390335997841
4108809,Guaíra,Paraná,41,563.742,-24.19077414999998,-54.24637776386133
4108908,Guairaçá,Paraná,41,493.94,-22.919298499999968,-52.74146540068754
4108957,Guamiranga,Paraná,41,244.795,-25.173932449999967,-50.822052600545774
4109005,Guapirama,Paraná,41,189.1,-23.47258224999993,-50.07735706396819
4109104,Guaporema,Paraná,41,201.15,-23.33272919999996,-52.81132494915599
4109203,Guaraci,Paraná,41,211.68,-22.961286599999937,-51.67125966759631
4109302,Guaraniaçu,Paraná,41,1238.32,-25.04665639999996,-52.85665937352945
4109401,Guarapuava,Paraná,41,3168.087,-25.326085499999948,-51.47059349702337
4109500,Guaraqueçaba,Paraná,41,2011.357,-25.235369849999955,-48.38665606236668
4109609,Guaratuba,Paraná,41,1326.67,-25.794739299999947,-48.71923599992935
4109658,Honório Serpa,Paraná,41,502.214,-26.16067634999996,-52.365312610758316
4109708,Ibaiti,Paraná,41,898.221,-23.790079099999957,-50.287001118343944
4109757,Ibema,Paraná,41,145.446,-25.15288874999996,-53.023122699777005
4109807,Ibiporã,Paraná,41,297.742,-23.228290149999964,-51.04941033939992
4109906,Icaraíma,Paraná,41,675.24,-23.373701799999964,-53.60079159553848
4110003,Iguaraçu,Paraná,41,164.983,-23.217843199999976,-51.81190907226695
4110052,Iguatu,Paraná,41,106.937,-24.68049554999996,-53.07856527711924
4110078,Imbaú,Paraná,41,330.734,-24.439873999999975,-50.74942260465205
4110102,Imbituva,Paraná,41,756.535,-25.224601949999936,-50.65300617987892
4110201,Inácio Martins,Paraná,41,936.208,-25.64440294999997,-51.19669592159892
4110300,Inajá,Paraná,41,194.704,-22.717399899999947,-52.223869935210075
4110409,Indianópolis,Paraná,41,122.622,-23.482097099999947,-52.666965304827826
4110508,Ipiranga,Paraná,41,900.721,-25.00732039999997,-50.565543172799025
4110607,Iporã,Paraná,41,647.894,-24.060601849999955,-53.681373195494146
4110656,Iracema do Oeste,Paraná,41,81.538,-24.43299714999995,-53.35308315291324
4110706,Irati,Paraná,41,999.517,-25.488375099999956,-50.83195247848542
4110805,Iretama,Paraná,41,570.459,-24.358321599999954,-52.08027533151686
4110904,Itaguajé,Paraná,41,194.353,-22.671609049999972,-51.983635554897944
4110953,Itaipulândia,Paraná,41,330.846,-25.136710299999947,-54.35513643885824
4111001,Itambaracá,Paraná,41,207.342,-22.98684339999997,-50.415617105276084
4111100,Itambé,Paraná,41,243.822,-23.715309049999973,-52.00943413577836
4111209,Itapejara d'Oeste,Paraná,41,254.014,-25.984462999999977,-52.84939924191272
4111258,Itaperuçu,Paraná,41,322.991,-25.11157529999997,-49.515376743635144
4111308,Itaúna do Sul,Paraná,41,128.87,-22.730089249999935,-52.89663568307068
4111407,Ivaí,Paraná,41,607.848,-24.99649219999995,-50.856633403049564
4111506,Ivaiporã,Paraná,41,436.989,-24.28112939999994,-51.62535365072178
4111555,Ivaté,Paraná,41,410.156,-23.37581254999995,-53.39531128088235
4111605,Ivatuba,Paraná,41,96.661,-23.587373449999944,-52.159726437496865
4111704,Jaboti,Paraná,41,139.277,-23.719137399999966,-50.07075126728341
4111803,Jacarezinho,Paraná,41,602.528,-23.146625799999953,-49.97447974078831
4111902,Jaguapitã,Paraná,41,475.004,-23.049968949999936,-51.617761947205544
4112009,Jaguariaíva,Paraná,41,1453.066,-24.340279699999968,-49.78421697692403
4112108,Jandaia do Sul,Paraná,41,187.6,-23.62742014999995,-51.69156780950027
4112207,Janiópolis,Paraná,41,335.65,-24.15351339999995,-52.79264971832805
4112306,Japira,Paraná,41,187.802,-23.711194249999977,-50.180829857047584
4112405,Japurá,Paraná,41,165.185,-23.437761549999948,-52.54184359925263
4112504,Jardim Alegre,Paraná,41,413.386,-24.210496449999937,-51.796579132230434
4112603,Jardim Olinda,Paraná,41,128.515,-22.577145549999955,-52.07342929229018
4112702,Jataizinho,Paraná,41,159.178,-23.248909749999967,-50.94071263433061
4112751,Jesuítas,Paraná,41,247.496,-24.413098699999978,-53.41988192808604
4112801,Joaquim Távora,Paraná,41,289.173,-23.438540549999942,-49.90680762852011
4112900,Jundiaí do Sul,Paraná,41,320.816,-23.471500299999946,-50.215212307197746
4112959,Juranda,Paraná,41,354.364,-24.40800384999997,-52.855055108460334
4113007,Jussara,Paraná,41,210.869,-23.655314949999962,-52.46103889846056
4113106,Kaloré,Paraná,41,193.299,-23.863395699999955,-51.6729468631728
4113205,Lapa,Paraná,41,2093.859,-25.801252399999953,-49.882076766938845
4113254,Laranjal,Paraná,41,559.439,-24.89209699999995,-52.4943499882799
4113304,Laranjeiras do Sul,Paraná,41,673.689,-25.30999589999996,-52.33848422894617
4113403,Leópolis,Paraná,41,344.918,-23.01927189999995,-50.698928697572136
4113429,Lidianópolis,Paraná,41,151.456,-24.070916299999965,-51.63278596847078
4113452,Lindoeste,Paraná,41,347.093,-25.247367749999967,-53.530477455140016
4113502,Loanda,Paraná,41,722.497,-22.971297299999947,-53.07703256859838
4113601,Lobato,Paraná,41,240.904,-22.97867064999994,-51.971469634922144
4113700,Londrina,Paraná,41,1652.569,-23.476189549999958,-51.11794741235068
4113734,Luiziana,Paraná,41,916.839,-24.345676699999956,-52.3142366926004
4113759,Lunardelli,Paraná,41,199.213,-24.075719049999947,-51.77495672859706
4113809,Lupionópolis,Paraná,41,121.066,-22.740859599999936,-51.65916794905581
4113908,Mallet,Paraná,41,760.224,-25.872261899999955,-50.84954886193029
4114005,Mamborê,Paraná,41,788.061,-24.350550949999956,-52.57522914566711
4114104,Mandaguaçu,Paraná,41,294.019,-23.286275149999938,-52.045772878265254
4114203,Mandaguari,Paraná,41,335.814,-23.48904744999996,-51.690487988378194
4114302,Mandirituba,Paraná,41,379.179,-25.815407299999947,-49.31481365162992
4114351,Manfrinópolis,Paraná,41,215.779,-26.10518554999996,-53.325499852081094
4114401,Mangueirinha,Paraná,41,1055.458,-26.037830149999962,-52.22902391439334
4114500,Manoel Ribas,Paraná,41,571.135,-24.495413249999956,-51.62249450446747
4114609,Marechal Cândido Rondon,Paraná,41,745.748,-24.58834669999996,-54.121398860046355
4114708,Maria Helena,Paraná,41,486.224,-23.590448649999956,-53.22168369328277
4114807,Marialva,Paraná,41,475.564,-23.496415249999956,-51.779568789091144
4114906,Marilândia do Sul,Paraná,41,384.424,-23.743012199999953,-51.302409140813566
4115002,Marilena,Paraná,41,232.363,-22.737068299999976,-53.05828120785429
4115101,Mariluz,Paraná,41,433.17,-24.05566744999996,-53.21001961535417
4115200,Maringá,Paraná,41,487.012,-23.40594544999996,-51.96095756329839
4115309,Mariópolis,Paraná,41,230.365,-26.32632529999998,-52.5948500939742
4115358,Maripá,Paraná,41,283.793,-24.473539349999953,-53.76963515008913
4115408,Marmeleiro,Paraná,41,387.612,-26.24537454999995,-53.123297811856226
4115457,Marquinho,Paraná,41,518.648,-25.116552299999967,-52.23064513782151
4115507,Marumbi,Paraná,41,208.47,-23.753837549999957,-51.654227558460924
4115606,Matelândia,Paraná,41,639.746,-25.333575449999955,-53.89321471721554
4115705,Matinhos,Paraná,41,117.899,-25.77791739999995,-48.55477629521688
4115739,Mato Rico,Paraná,41,394.533,-24.696132899999952,-52.220571613231
4115754,Mauá da Serra,Paraná,41,108.324,-23.916409199999975,-51.097610023174674
4115804,Medianeira,Paraná,41,328.732,-25.26583439999996,-54.093943352511516
4115853,Mercedes,Paraná,41,197.136,-24.434263099999953,-54.192948184106875
4115903,Mirador,Paraná,41,221.708,-23.202583849999968,-52.744312186067575
4116000,Miraselva,Paraná,41,90.294,-22.991520699999967,-51.49052611469081
4116059,Missal,Paraná,41,324.397,-25.10750104999994,-54.262156113296456
4116109,Moreira Sales,Paraná,41,353.772,-24.022651149999945,-53.00030488951702
4116208,Morretes,Paraná,41,684.58,-25.50847774999997,-48.82974164415668
4116307,Munhoz de Melo,Paraná,41,137.018,-23.131150099999957,-51.728843421000235
4116406,Nossa Senhora das Graças,Paraná,41,185.769,-22.91920959999996,-51.78880504808436
4116505,Nova Aliança do Ivaí,Paraná,41,131.272,-23.170867799999968,-52.60296696810282
4116604,Nova América da Colina,Paraná,41,129.476,-23.336088549999943,-50.70385612486774
4116703,Nova Aurora,Paraná,41,470.642,-24.490697499999953,-53.24956084906674
4116802,Nova Cantu,Paraná,41,555.488,-24.631420049999974,-52.54010701001427
4116901,Nova Esperança,Paraná,41,401.587,-23.163543999999973,-52.17923113746173
4116950,Nova Esperança do Sudoeste,Paraná,41,208.472,-25.88994749999995,-53.260551252568014
4117008,Nova Fátima,Paraná,41,283.423,-23.409946599999955,-50.544517506716176
4117057,Nova Laranjeiras,Paraná,41,1210.205,-25.22608804999996,-52.58774182681448
4117107,Nova Londrina,Paraná,41,269.389,-22.751179099999945,-52.98204930819804
4117206,Nova Olímpia,Paraná,41,136.347,-23.42362634999995,-53.07183712956507
4117214,Nova Santa Bárbara,Paraná,41,76.887,-23.590681299999943,-50.75474510111374
4117222,Nova Santa Rosa,Paraná,41,204.665,-24.44886939999995,-53.953582438594886
4117255,Nova Prata do Iguaçu,Paraná,41,352.565,-25.586714599999965,-53.385405104929816
4117271,Nova Tebas,Paraná,41,545.686,-24.432188099999962,-51.93641803282001
4117297,Novo Itacolomi,Paraná,41,161.411,-23.781536449999948,-51.52100855369534
4117305,Ortigueira,Paraná,41,2429.52,-24.10456819999996,-50.965336329229565
4117404,Ourizona,Paraná,41,176.457,-23.461488599999967,-52.23168947649741
4117453,Ouro Verde do Oeste,Paraná,41,293.042,-24.799106999999964,-53.89178478474648
4117503,Paiçandu,Paraná,41,171.379,-23.461517249999957,-52.10109134458922
4117602,Palmas,Paraná,41,1557.903,-26.421357299999954,-51.85699526472669
4117701,Palmeira,Paraná,41,1470.072,-25.451850649999955,-50.12591500880248
4117800,Palmital,Paraná,41,817.647,-24.889182899999952,-52.24226796225655
4117909,Palotina,Paraná,41,651.238,-24.29442119999996,-53.83132884910266
4118006,Paraíso do Norte,Paraná,41,204.564,-23.25665129999996,-52.63073496488626
4118105,Paranacity,Paraná,41,348.631,-22.83358684999996,-52.15704920474466
4118204,Paranaguá,Paraná,41,822.838,-25.55439629999998,-48.58060095153296
4118303,Paranapoema,Paraná,41,175.875,-22.649577599999958,-52.08807011136271
4118402,Paranavaí,Paraná,41,1202.266,-22.87374779999996,-52.508730397335874
4118451,Pato Bragado,Paraná,41,135.6,-24.638928549999946,-54.25431978488753
4118501,Pato Branco,Paraná,41,539.108,-26.152171899999956,-52.65812034249908
4118600,Paula Freitas,Paraná,41,421.409,-26.171819799999952,-50.8595087911885
4118709,Paulo Frontin,Paraná,41,363.351,-26.07462184999997,-50.71710453884484
4118808,Peabiru,Paraná,41,468.594,-23.92958589999995,-52.30246941367969
4118857,Perobal,Paraná,41,409.05,-23.957067999999964,-53.30588859145593
4118907,Pérola,Paraná,41,236.186,-23.830912499999954,-53.70709359091053
4119004,Pérola d'Oeste,Paraná,41,205.279,-25.845338449999957,-53.763416430813166
4119103,Piên,Paraná,41,254.792,-26.067586899999952,-49.44098496852094
4119152,Pinhais,Paraná,41,60.871,-25.425197649999973,-49.15581231262176
4119202,Pinhalão,Paraná,41,220.625,-23.86519464999995,-50.08814702322973
4119251,Pinhal de São Bento,Paraná,41,97.463,-26.012436699999967,-53.45369770984611
4119301,Pinhão,Paraná,41,2001.588,-25.800948899999952,-51.574711251416815
4119400,Piraí do Sul,Paraná,41,1345.418,-24.44311344999997,-50.003762291198555
4119509,Piraquara,Paraná,41,227.042,-25.468572499999937,-49.05328201262027
4119608,Pitanga,Paraná,41,1693.402,-24.674768799999953,-51.80081413495719
4119657,Pitangueiras,Paraná,41,123.229,-23.209644899999972,-51.568853472786785
4119707,Planaltina do Paraná,Paraná,41,356.192,-23.091023899999954,-52.966101792451894
4119806,Planalto,Paraná,41,346.241,-25.73206719999996,-53.72933108220464
4119905,Ponta Grossa,Paraná,41,2054.732,-25.139168749999953,-49.992987527997734
4119954,Pontal do Paraná,Paraná,41,200.41,-25.647700399999962,-48.465859680336834
4120002,Porecatu,Paraná,41,291.663,-22.74402669999995,-51.41684972859376
4120101,Porto Amazonas,Paraná,41,186.581,-25.52755664999995,-49.887535432781974
4120150,Porto Barreiro,Paraná,41,361.021,-25.59140364999996,-52.37555910556081
4120200,Porto Rico,Paraná,41,217.676,-22.835070749999943,-53.332918644906556
4120309,Porto Vitória,Paraná,41,213.013,-26.241427349999952,-51.22285748741743
4120333,Prado Ferreira,Paraná,41,152.876,-23.027412649999945,-51.4039255203072
4120358,Pranchita,Paraná,41,226.14,-25.973330299999958,-53.725411272912034
4120408,Presidente Castelo Branco,Paraná,41,155.734,-23.263879249999974,-52.16419995702001
4120507,Primeiro de Maio,Paraná,41,414.442,-22.857660849999945,-51.05692613620211
4120606,Prudentópolis,Paraná,41,2247.141,-25.135546749999946,-51.08287118292583
4120655,Quarto Centenário,Paraná,41,321.875,-24.316389949999945,-53.17447667985974
4120705,Quatiguá,Paraná,41,112.689,-23.55680959999998,-49.97861164591378
4120804,Quatro Barras,Paraná,41,180.471,-25.37360069999994,-49.01910232563942
4120853,Quatro Pontes,Paraná,41,114.393,-24.574320649999976,-53.96442846757502
4120903,Quedas do Iguaçu,Paraná,41,821.503,-25.446301099999943,-52.95880770035867
4121000,Querência do Norte,Paraná,41,914.763,-23.05948319999996,-53.52794584535959
4121109,Quinta do Sol,Paraná,41,326.177,-23.825886849999932,-52.12259771355697
4121208,Quitandinha,Paraná,41,447.024,-25.92172574999995,-49.52469873960551
4121257,Ramilândia,Paraná,41,237.196,-25.09912744999994,-54.08501905002481
4121307,Rancho Alegre,Paraná,41,167.646,-23.06377624999996,-50.93065930627769
4121356,Rancho Alegre D'Oeste,Paraná,41,241.386,-24.27049109999996,-52.932353777397026
4121406,Realeza,Paraná,41,353.416,-25.66961244999996,-53.55147995069146
4121505,Rebouças,Paraná,41,481.84,-25.66867179999997,-50.57978902975532
4121604,Renascença,Paraná,41,425.273,-26.220327099999935,-52.95693018916151
4121703,Reserva,Paraná,41,1635.535,-24.593901099999954,-50.93749234996072
4121752,Reserva do Iguaçu,Paraná,41,834.232,-25.873158899999964,-51.979508611498844
4121802,Ribeirão Claro,Paraná,41,629.224,-23.265702799999957,-49.761604383355724
4121901,Ribeirão do Pinhal,Paraná,41,374.732,-23.42322244999994,-50.369491084449535
4122008,Rio Azul,Paraná,41,599.056,-25.73108984999996,-50.78922567993147
4122107,Rio Bom,Paraná,41,177.836,-23.79622839999996,-51.42329050824647
4122156,Rio Bonito do Iguaçu,Paraná,41,681.406,-25.558754199999953,-52.60488086336351
4122172,Rio Branco do Ivaí,Paraná,41,376.109,-24.34395669999995,-51.31257915477965
4122206,Rio Branco do Sul,Paraná,41,811.425,-25.055381049999966,-49.38038623886771
4122305,Rio Negro,Paraná,41,604.138,-26.090239749999938,-49.6647027688918
4122404,Rolândia,Paraná,41,459.024,-23.281172899999973,-51.426222900862804
4122503,Roncador,Paraná,41,742.121,-24.57204409999997,-52.28326903686664
4122602,Rondon,Paraná,41,555.125,-23.466200999999955,-52.80874029201938
4122651,Rosário do Ivaí,Paraná,41,377.47,-24.313437799999946,-51.181100624219624
4122701,Sabáudia,Paraná,41,190.329,-23.34901569999994,-51.57927613119896
4122800,Salgado Filho,Paraná,41,181.015,-26.132257949999968,-53.41209390027065
4122909,Salto do Itararé,Paraná,41,200.52,-23.620875999999953,-49.70438756515527
4123006,Salto do Lontra,Paraná,41,312.717,-25.774425199999968,-53.246893010940795
4123105,Santa Amélia,Paraná,41,78.045,-23.254392999999965,-50.410123336919966
4123204,Santa Cecília do Pavão,Paraná,41,105.076,-23.536013449999928,-50.80231417713239
4123303,Santa Cruz de Monte Castelo,Paraná,41,442.013,-23.081845999999956,-53.37024818287023
4123402,Santa Fé,Paraná,41,276.241,-23.059865299999956,-51.83532525038099
4123501,Santa Helena,Paraná,41,754.701,-24.86771534999997,-54.313519785979935
4123600,Santa Inês,Paraná,41,156.935,-22.719386949999972,-51.89846388055737
4123709,Santa Isabel do Ivaí,Paraná,41,349.497,-23.10995669999994,-53.242974878307095
4123808,Santa Izabel do Oeste,Paraná,41,321.182,-25.777818099999962,-53.42325326237642
4123824,Santa Lúcia,Paraná,41,126.813,-25.387505299999958,-53.558781228368076
4123857,Santa Maria do Oeste,Paraná,41,819.288,-24.902719099999956,-51.92095726771998
4123907,Santa Mariana,Paraná,41,427.193,-23.055937299999954,-50.52744789770445
4123956,Santa Mônica,Paraná,41,259.957,-23.143247049999957,-53.10919103012962
4124004,Santana do Itararé,Paraná,41,251.269,-23.748980699999947,-49.6294542872291
4124020,Santa Tereza do Oeste,Paraná,41,326.19,-25.01956224999995,-53.6144640680051
4124053,Santa Terezinha de Itaipu,Paraná,41,268.258,-25.43788779999994,-54.42713942251688
4124103,Santo Antônio da Platina,Paraná,41,721.472,-23.287367149999966,-50.077479595262886
4124202,Santo Antônio do Caiuá,Paraná,41,219.068,-22.692806799999943,-52.352546424940186
4124301,Santo Antônio do Paraíso,Paraná,41,167.014,-23.582101549999976,-50.64556600284885
4124400,Santo Antônio do Sudoeste,Paraná,41,325.651,-26.065350999999964,-53.63626661039004
4124509,Santo Inácio,Paraná,41,280.133,-22.721969899999948,-51.799842416679525
4124608,São Carlos do Ivaí,Paraná,41,225.079,-23.367946699999948,-52.4719881376335
4124707,São Jerônimo da Serra,Paraná,41,823.774,-23.707942749999972,-50.74686877464987
4124806,São João,Paraná,41,388.059,-25.74147284999998,-52.785555988740654
4124905,São João do Caiuá,Paraná,41,304.413,-22.830201049999943,-52.32851663984615
4125001,São João do Ivaí,Paraná,41,353.331,-24.00227794999995,-51.838305329435975
4125100,São João do Triunfo,Paraná,41,720.407,-25.684365299999968,-50.30474717709264
4125209,São Jorge d'Oeste,Paraná,41,379.545,-25.66117719999997,-52.92982179435879
4125308,São Jorge do Ivaí,Paraná,41,315.088,-23.435634849999957,-52.347312202067684
4125357,São Jorge do Patrocínio,Paraná,41,406.413,-23.723042199999952,-53.95463866400756
4125407,São José da Boa Vista,Paraná,41,399.667,-23.95395119999995,-49.647940852821506
4125456,São José das Palmeiras,Paraná,41,182.419,-24.81578369999997,-54.118796996072646
4125506,São José dos Pinhais,Paraná,41,946.049,-25.64712579999994,-49.10745055083966
4125555,São Manoel do Paraná,Paraná,41,95.381,-23.378764399999966,-52.602105738064715
4125605,São Mateus do Sul,Paraná,41,1341.714,-25.927537499999943,-50.4397602631241
4125704,São Miguel do Iguaçu,Paraná,41,851.917,-25.398349199999956,-54.26756402241409
4125753,São Pedro do Iguaçu,Paraná,41,308.324,-24.887083349999955,-53.94428891748613
4125803,São Pedro do Ivaí,Paraná,41,322.692,-23.829916399999945,-51.883643893721775
4125902,São Pedro do Paraná,Paraná,41,250.654,-22.77685034999996,-53.176249854620295
4126009,São Sebastião da Amoreira,Paraná,41,226.872,-23.451809949999955,-50.705309988106535
4126108,São Tomé,Paraná,41,218.623,-23.523805399999958,-52.579883488298705
4126207,Sapopema,Paraná,41,677.609,-23.882649549999968,-50.636948776176105
4126256,Sarandi,Paraná,41,103.501,-23.476755499999967,-51.87962717562003
4126272,Saudade do Iguaçu,Paraná,41,152.084,-25.70493979999995,-52.591619671465146
4126306,Sengés,Paraná,41,1441.333,-24.265403899999967,-49.44415398753269
4126355,Serranópolis do Iguaçu,Paraná,41,482.394,-25.47708894999994,-54.0259612684211
4126405,Sertaneja,Paraná,41,444.492,-22.95159474999994,-50.88932086715488
4126504,Sertanópolis,Paraná,41,505.532,-23.066654949999958,-51.076044138000185
4126603,Siqueira Campos,Paraná,41,278.035,-23.654932749999944,-49.809604948215764
4126652,Sulina,Paraná,41,170.759,-25.667667249999937,-52.72673145085513
4126678,Tamarana,Paraná,41,472.155,-23.816714299999973,-51.0451615562128
4126702,Tamboara,Paraná,41,193.346,-23.216577299999955,-52.48375583518191
4126801,Tapejara,Paraná,41,591.399,-23.64220894999997,-52.87588473628062
4126900,Tapira,Paraná,41,434.371,-23.338216699999947,-53.127005855924224
4127007,Teixeira Soares,Paraná,41,902.793,-25.31043294999995,-50.42496220816486
4127106,Telêmaco Borba,Paraná,41,1382.86,-24.25395604999997,-50.5215038006506
4127205,Terra Boa,Paraná,41,320.85,-23.687752049999943,-52.37008769131731
4127304,Terra Rica,Paraná,41,700.599,-22.719763649999948,-52.69489462081304
4127403,Terra Roxa,Paraná,41,800.807,-24.18406219999997,-54.06174341949332
4127502,Tibagi,Paraná,41,2977.933,-24.684968499999968,-50.47099096225862
4127601,Tijucas do Sul,Paraná,41,671.889,-25.885766049999972,-49.10845814459839
4127700,Toledo,Paraná,41,1198.049,-24.697637149999963,-53.80964216926692
4127809,Tomazina,Paraná,41,591.438,-23.721310599999953,-49.93168695934155
4127858,Três Barras do Paraná,Paraná,41,505.505,-25.447634149999942,-53.232415368108484
4127882,Tunas do Paraná,Paraná,41,668.478,-24.938455549999958,-48.88059182087759
4127908,Tuneiras do Oeste,Paraná,41,698.871,-23.859195899999946,-52.88286482926908
4127957,Tupãssi,Paraná,41,299.769,-24.640582499999965,-53.510709314571095
4127965,Turvo,Paraná,41,938.966,-24.966877749999952,-51.44793436254029
4128005,Ubiratã,Paraná,41,652.581,-24.50970734999993,-53.029147149024965
4128104,Umuarama,Paraná,41,1234.537,-23.706970199999944,-53.33401992236747
4128203,União da Vitória,Paraná,41,719.998,-26.121172249999944,-51.1103658205179
4128302,Uniflor,Paraná,41,94.819,-23.06739319999997,-52.114917408241425
4128401,Uraí,Paraná,41,237.81,-23.208648899999957,-50.83456254299179
4128500,Wenceslau Braz,Paraná,41,397.916,-23.870102799999955,-49.80096057200194
4128534,Ventania,Paraná,41,819.334,-24.192733149999953,-50.26895913475067
4128559,Vera Cruz do Oeste,Paraná,41,327.09,-24.99645259999997,-53.94144815057515
4128609,Verê,Paraná,41,311.801,-25.84824599999996,-52.93950168730902
4128625,Alto Paraíso,Paraná,41,967.772,-23.514347649999934,-53.83222550452787
4128633,Doutor Ulysses,Paraná,41,777.482,-24.60735484999995,-49.407695885800585
4128658,Virmond,Paraná,41,249.065,-25.415656999999953,-52.22491296579538
4128708,Vitorino,Paraná,41,308.218,-26.25389094999997,-52.82314254932214
4128807,Xambrê,Paraná,41,359.712,-23.749591299999935,-53.56751777261391
4200051,Abdon Batista,Santa Catarina,42,237.517,-27.58444074999997,-51.059194604110886
4200101,Abelardo Luz,Santa Catarina,42,953.992,-26.57516709999996,-52.243790693094965
4200200,Agrolândia,Santa Catarina,42,206.815,-27.46707004999996,-49.85244040599645
4200309,Agronômica,Santa Catarina,42,129.774,-27.321426749999972,-49.71922644028298
4200408,Água Doce,Santa Catarina,42,1319.137,-26.816686499999946,-51.56398846336597
4200507,Águas de Chapecó,Santa Catarina,42,139.511,-27.053192999999965,-52.937453210712285
4200556,Águas Frias,Santa Catarina,42,76.631,-26.84759754999996,-52.85931477348902
4200606,Águas Mornas,Santa Catarina,42,326.66,-27.74580094999996,-48.940999805143306
4200705,Alfredo Wagner,Santa Catarina,42,733.489,-27.71670764999996,-49.309082206192556
4200754,Alto Bela Vista,Santa Catarina,42,103.433,-27.42634124999995,-51.91119543715135
4200804,Anchieta,Santa Catarina,42,232.348,-26.532099199999948,-53.338425424545775
4200903,Angelina,Santa Catarina,42,499.998,-27.54633089999996,-49.09025059215549
4201000,Anita Garibaldi,Santa Catarina,42,589.812,-27.73081579999996,-51.08635350706484
4201109,Anitápolis,Santa Catarina,42,540.636,-27.871265749999964,-49.14569125649926
4201208,Antônio Carlos,Santa Catarina,42,234.422,-27.486024199999946,-48.82556494736721
4201257,Apiúna,Santa Catarina,42,493.49,-27.11942389999996,-49.35600775709938
4201273,Arabutã,Santa Catarina,42,132.779,-27.134719849999954,-52.17970494880163
4201307,Araquari,Santa Catarina,42,386.693,-26.442680099999933,-48.76272015265735
4201406,Araranguá,Santa Catarina,42,301.819,-28.946267699999964,-49.506441041902285
4201505,Armazém,Santa Catarina,42,173.958,-28.23398844999997,-49.01920333113198
4201604,Arroio Trinta,Santa Catarina,42,93.53,-26.925109499999962,-51.32530128951934
4201653,Arvoredo,Santa Catarina,42,90.503,-27.061635249999966,-52.435824458322
4201703,Ascurra,Santa Catarina,42,112.884,-26.96834739999997,-49.38762572035173
4201802,Atalanta,Santa Catarina,42,94.383,-27.436372899999952,-49.73963159578585
4201901,Aurora,Santa Catarina,42,207.045,-27.330387549999955,-49.586579577586946
4201950,Balneário Arroio do Silva,Santa Catarina,42,94.477,-29.018755399999975,-49.477472342144864
4202008,Balneário Camboriú,Santa Catarina,42,45.214,-27.007548749999955,-48.61400613848261
4202057,Balneário Barra do Sul,Santa Catarina,42,108.914,-26.454030899999935,-48.65350883813156
4202073,Balneário Gaivota,Santa Catarina,42,146.834,-29.150698949999963,-49.61645987310228
4202081,Bandeirante,Santa Catarina,42,148.074,-26.76617349999995,-53.66301745125729
4202099,Barra Bonita,Santa Catarina,42,92.561,-26.66393819999996,-53.440097615981614
4202107,Barra Velha,Santa Catarina,42,138.947,-26.650193499999943,-48.71976258015369
4202131,Bela Vista do Toldo,Santa Catarina,42,535.682,-26.43591289999995,-50.501280396402024
4202156,Belmonte,Santa Catarina,42,93.852,-26.853037549999954,-53.61202113899871
4202206,Benedito Novo,Santa Catarina,42,388.291,-26.793869299999955,-49.42167900339942
4202305,Biguaçu,Santa Catarina,42,365.755,-27.432037399999956,-48.70567928118646
4202404,Blumenau,Santa Catarina,42,518.619,-26.872795199999956,-49.11087883802867
4202438,Bocaina do Sul,Santa Catarina,42,510.673,-27.759243899999944,-49.90807604370231
4202453,Bombinhas,Santa Catarina,42,35.143,-27.16591564999996,-48.51612692146576
4202503,Bom Jardim da Serra,Santa Catarina,42,938.516,-28.373798549999947,-49.66422296766213
4202537,Bom Jesus,Santa Catarina,42,63.883,-26.73217219999995,-52.3872283369509
4202578,Bom Jesus do Oeste,Santa Catarina,42,67.777,-26.68390979999998,-53.093446329525854
4202602,Bom Retiro,Santa Catarina,42,1057.034,-27.77678519999995,-49.59606356807096
4202701,Botuverá,Santa Catarina,42,296.256,-27.21410149999997,-49.105651560884226
4202800,Braço do Norte,Santa Catarina,42,212.045,-28.249683949999962,-49.129005179057756
4202859,Braço do Trombudo,Santa Catarina,42,89.411,-27.370202899999953,-49.899427733759296
4202875,Brunópolis,Santa Catarina,42,336.439,-27.34794569999994,-50.86723963678199
4202909,Brusque,Santa Catarina,42,284.675,-27.127029449999952,-48.8909428538163
4203006,Caçador,Santa Catarina,42,983.424,-26.764122449999974,-51.05048286019661
4203105,Caibi,Santa Catarina,42,173.079,-27.02936484999995,-53.25132034569279
4203154,Calmon,Santa Catarina,42,636.208,-26.631084949999945,-51.02829135938393
4203204,Camboriú,Santa Catarina,42,210.568,-27.06339479999997,-48.69755620384612
4203253,Capão Alto,Santa Catarina,42,1331.962,-28.064736649999958,-50.65613520291001
4203303,Campo Alegre,Santa Catarina,42,499.216,-26.126282749999945,-49.24975107165586
4203402,Campo Belo do Sul,Santa Catarina,42,1025.638,-27.822434699999945,-50.73974304511766
4203501,Campo Erê,Santa Catarina,42,479.161,-26.46174364999996,-53.14308521766461
4203600,Campos Novos,Santa Catarina,42,1717.697,-27.419777799999935,-51.28282354805778
4203709,Canelinha,Santa Catarina,42,151.008,-27.246434249999936,-48.784367698920164
4203808,Canoinhas,Santa Catarina,42,1148.036,-26.30569689999996,-50.60909369343018
4203907,Capinzal,Santa Catarina,42,244.057,-27.42397829999996,-51.630199944589926
4203956,Capivari de Baixo,Santa Catarina,42,53.222,-28.45407764999996,-48.947244075738894
4204004,Catanduvas,Santa Catarina,42,199.166,-27.030855249999945,-51.67179066170127
4204103,Caxambu do Sul,Santa Catarina,42,140.873,-27.15156769999996,-52.91250688301089
4204152,Celso Ramos,Santa Catarina,42,208.391,-27.65257804999996,-51.284504741434716
4204178,Cerro Negro,Santa Catarina,42,418.544,-27.767184199999946,-50.90244239275158
4204194,Chapadão do Lageado,Santa Catarina,42,124.866,-27.58699334999997,-49.55618536343945
4204202,Chapecó,Santa Catarina,42,624.846,-27.11113839999996,-52.5953996125167
4204251,Cocal do Sul,Santa Catarina,42,70.965,-28.59983639999996,-49.33462398784093
4204301,Concórdia,Santa Catarina,42,799.194,-27.241594199999952,-52.034170672156236
4204350,Cordilheira Alta,Santa Catarina,42,83.556,-26.978667499999972,-52.65426462275768
4204400,Coronel Freitas,Santa Catarina,42,233.698,-26.88033384999997,-52.712293415883394
4204459,Coronel Martins,Santa Catarina,42,107.502,-26.54229209999997,-52.6694326882511
4204509,Corupá,Santa Catarina,42,405.761,-26.428198049999935,-49.340646940093535
4204558,Correia Pinto,Santa Catarina,42,647.388,-27.60330024999996,-50.35219774908192
4204608,Criciúma,Santa Catarina,42,234.865,-28.74447744999995,-49.37324662914749
4204707,Cunha Porã,Santa Catarina,42,220.099,-26.87905779999994,-53.19961668042164
4204756,Cunhataí,Santa Catarina,42,54.811,-26.977438749999948,-53.091303445640264
4204806,Curitibanos,Santa Catarina,42,949.865,-27.277521949999965,-50.61644481420288
4204905,Descanso,Santa Catarina,42,287.057,-26.861198549999955,-53.485885134978204
4205001,Dionísio Cerqueira,Santa Catarina,42,378.843,-26.33592529999993,-53.52606537948917
4205100,Dona Emma,Santa Catarina,42,178.157,-26.98678254999996,-49.79858460223827
4205159,Doutor Pedrinho,Santa Catarina,42,374.205,-26.711771099999964,-49.56588124810819
4205175,Entre Rios,Santa Catarina,42,103.888,-26.73701534999995,-52.58296085595998
4205191,Ermo,Santa Catarina,42,65.311,-28.987763299999955,-49.65132468153526
4205209,Erval Velho,Santa Catarina,42,208.841,-27.284199099999967,-51.422399492155634
4205308,Faxinal dos Guedes,Santa Catarina,42,340.07,-26.844271249999963,-52.25325674681464
4205357,Flor do Sertão,Santa Catarina,42,58.457,-26.75614914999997,-53.32890828184152
4205407,Florianópolis,Santa Catarina,42,674.844,-27.611153299999955,-48.52304666086397
4205431,Formosa do Sul,Santa Catarina,42,100.408,-26.63635064999997,-52.79106375844725
4205456,Forquilhinha,Santa Catarina,42,183.351,-28.785306299999945,-49.50973455983463
4205506,Fraiburgo,Santa Catarina,42,549.188,-27.028651349999933,-50.87761282973763
4205555,Frei Rogério,Santa Catarina,42,158.775,-27.211984049999955,-50.77344211179434
4205605,Galvão,Santa Catarina,42,139.836,-26.44239079999994,-52.65538288055552
4205704,Garopaba,Santa Catarina,42,114.773,-28.031318099999964,-48.654095619916774
4205803,Garuva,Santa Catarina,42,503.595,-26.067047799999955,-48.88028117119172
4205902,Gaspar,Santa Catarina,42,386.616,-26.918789699999934,-48.937115278918895
4206009,Governador Celso Ramos,Santa Catarina,42,127.556,-27.37640854999995,-48.580587375478636
4206108,Grão-Pará,Santa Catarina,42,334.362,-28.124201149999948,-49.34874012224333
4206207,Gravatal,Santa Catarina,42,165.718,-28.347842249999957,-49.024990618676284
4206306,Guabiruba,Santa Catarina,42,172.173,-27.111269999999934,-49.01396532186962
4206405,Guaraciaba,Santa Catarina,42,331.766,-26.580001599999946,-53.556736002175214
4206504,Guaramirim,Santa Catarina,42,267.514,-26.473621799999933,-48.958015217163215
4206603,Guarujá do Sul,Santa Catarina,42,100.63,-26.40098349999994,-53.488955735794136
4206652,Guatambú,Santa Catarina,42,206.196,-27.111246149999943,-52.780274548238
4206702,Herval d'Oeste,Santa Catarina,42,216.581,-27.188953349999963,-51.410522201462115
4206751,Ibiam,Santa Catarina,42,146.009,-27.21204949999995,-51.222280858378554
4206801,Ibicaré,Santa Catarina,42,156.439,-27.11544994999997,-51.37498765146037
4206900,Ibirama,Santa Catarina,42,247.102,-27.01408244999996,-49.533161317359905
4207007,Içara,Santa Catarina,42,230.393,-28.76773524999996,-49.27976474210347
4207106,Ilhota,Santa Catarina,42,253.024,-26.864864599999947,-48.8382130541287
4207205,Imaruí,Santa Catarina,42,542.238,-28.21655304999996,-48.82624387493323
4207304,Imbituba,Santa Catarina,42,181.577,-28.21289619999996,-48.70404183878227
4207403,Imbuia,Santa Catarina,42,119.113,-27.51360484999995,-49.41832543180037
4207502,Indaial,Santa Catarina,42,430.799,-26.99752099999995,-49.231406250433494
4207577,Iomerê,Santa Catarina,42,113.986,-26.978698899999955,-51.28335487132111
4207601,Ipira,Santa Catarina,42,155.651,-27.37082524999994,-51.77850714981369
4207650,Iporã do Oeste,Santa Catarina,42,200.96,-27.012287199999946,-53.51804294699174
4207684,Ipuaçu,Santa Catarina,42,261.081,-26.688033349999955,-52.47124431810255
4207700,Ipumirim,Santa Catarina,42,245.921,-27.04128234999996,-52.1712240464573
4207759,Iraceminha,Santa Catarina,42,165.147,-26.856692399999957,-53.33972800087526
4207809,Irani,Santa Catarina,42,325.862,-27.02931879999997,-51.909686904931625
4207858,Irati,Santa Catarina,42,77.912,-26.626787599999943,-52.885026836610905
4207908,Irineópolis,Santa Catarina,42,589.698,-26.356480799999957,-50.76988604533052
4208005,Itá,Santa Catarina,42,166.265,-27.249158749999964,-52.34507644155072
4208104,Itaiópolis,Santa Catarina,42,1297.543,-26.508175699999953,-49.868604227631536
4208203,Itajaí,Santa Catarina,42,289.215,-26.967540449999944,-48.75976617028887
4208302,Itapema,Santa Catarina,42,58.21,-27.099545499999948,-48.64633382170649
4208401,Itapiranga,Santa Catarina,42,281.782,-27.111751699999957,-53.72736237242535
4208450,Itapoá,Santa Catarina,42,245.394,-26.081559949999956,-48.64845840867696
4208500,Ituporanga,Santa Catarina,42,336.588,-27.444901949999945,-49.572044871290366
4208609,Jaborá,Santa Catarina,42,182.483,-27.140326949999945,-51.770635492762096
4208708,Jacinto Machado,Santa Catarina,42,430.704,-29.000490049999968,-49.833376599714704
4208807,Jaguaruna,Santa Catarina,42,326.362,-28.667834399999947,-49.02184974539867
4208906,Jaraguá do Sul,Santa Catarina,42,530.894,-26.43262889999994,-49.128749169813645
4208955,Jardinópolis,Santa Catarina,42,68.499,-26.726438499999972,-52.86459207051273
4209003,Joaçaba,Santa Catarina,42,241.637,-27.141521549999936,-51.586528369001826
4209102,Joinville,Santa Catarina,42,1127.947,-26.263397349999963,-48.886665760353566
4209151,José Boiteux,Santa Catarina,42,405.552,-26.85459524999996,-49.629842514179956
4209177,Jupiá,Santa Catarina,42,91.448,-26.402857249999954,-52.71249349202678
4209201,Lacerdópolis,Santa Catarina,42,69.036,-27.257107299999944,-51.58189369954559
4209300,Lages,Santa Catarina,42,2637.66,-28.000945799999954,-50.30565754094316
4209409,Laguna,Santa Catarina,42,333.259,-28.470280849999966,-48.840462224692565
4209458,Lajeado Grande,Santa Catarina,42,65.348,-26.84708169999996,-52.53996537857141
4209508,Laurentino,Santa Catarina,42,79.333,-27.20335019999996,-49.72768319550259
4209607,Lauro Müller,Santa Catarina,42,271.852,-28.38432169999996,-49.44157167862166
4209706,Lebon Régis,Santa Catarina,42,941.64,-26.877972049999954,-50.71427841363952
4209805,Leoberto Leal,Santa Catarina,42,293.6,-27.488223749999946,-49.26347062952391
4209854,Lindóia do Sul,Santa Catarina,42,190.171,-27.042487949999952,-52.05937940184242
4209904,Lontras,Santa Catarina,42,197.586,-27.189875749999942,-49.505338206319664
4210001,Luiz Alves,Santa Catarina,42,260.106,-26.725200049999955,-48.88991568831644
4210035,Luzerna,Santa Catarina,42,117.099,-27.095120049999963,-51.49793864126707
4210050,Macieira,Santa Catarina,42,261.208,-26.800930849999958,-51.35418931955691
4210100,Mafra,Santa Catarina,42,1404.084,-26.248318049999966,-49.73134380650724
4210209,Major Gercino,Santa Catarina,42,306.058,-27.42039509999995,-49.019041950535794
4210308,Major Vieira,Santa Catarina,42,520.816,-26.508250799999956,-50.34285424200239
4210407,Maracajá,Santa Catarina,42,62.902,-28.86262549999995,-49.46726830935833
4210506,Maravilha,Santa Catarina,42,170.339,-26.753517099999982,-53.20322623341667
4210555,Marema,Santa Catarina,42,104.184,-26.80859929999997,-52.6343595631277
4210605,Massaranduba,Santa Catarina,42,374.459,-26.64393709999993,-48.996030065397996
4210704,Matos Costa,Santa Catarina,42,435.391,-26.49673759999996,-51.14561551353054
4210803,Meleiro,Santa Catarina,42,186.439,-28.832600999999954,-49.602606449487205
4210852,Mirim Doce,Santa Catarina,42,337.991,-27.17370964999995,-50.170429397999776
4210902,Modelo,Santa Catarina,42,92.346,-26.77516474999996,-53.05822296825575
4211009,Mondaí,Santa Catarina,42,200.276,-27.10600859999994,-53.4565881968795
4211058,Monte Carlo,Santa Catarina,42,191.278,-27.19765689999997,-50.92627412819619
4211108,Monte Castelo,Santa Catarina,42,560.743,-26.65322379999995,-50.326042357247985
4211207,Morro da Fumaça,Santa Catarina,42,82.818,-28.63774774999996,-49.27433227789206
4211256,Morro Grande,Santa Catarina,42,260.143,-28.73900459999996,-49.73883795354136
4211306,Navegantes,Santa Catarina,42,111.377,-26.826769699999943,-48.75600960811869
4211405,Nova Erechim,Santa Catarina,42,65.087,-26.91339469999994,-52.916437494288154
4211454,Nova Itaberaba,Santa Catarina,42,137.388,-26.959524599999952,-52.8294114107442
4211504,Nova Trento,Santa Catarina,42,402.852,-27.304427249999947,-49.0507856370734
4211603,Nova Veneza,Santa Catarina,42,295.063,-28.69832889999995,-49.57462819884495
4211652,Novo Horizonte,Santa Catarina,42,151.722,-26.49967554999995,-52.771150855313735
4211702,Orleans,Santa Catarina,42,549.859,-28.279895499999952,-49.36349498364863
4211751,Otacílio Costa,Santa Catarina,42,847.253,-27.497727899999973,-50.00925755036842
4211801,Ouro,Santa Catarina,42,213.543,-27.27610724999994,-51.67908515136122
4211850,Ouro Verde,Santa Catarina,42,188.568,-26.71120949999994,-52.27284962296234
4211876,Paial,Santa Catarina,42,86.048,-27.213353049999967,-52.47974060041585
4211892,Painel,Santa Catarina,42,738.331,-27.979507249999955,-50.08163797201854
4211900,Palhoça,Santa Catarina,42,394.85,-27.761761399999955,-48.64099632447724
4212007,Palma Sola,Santa Catarina,42,330.878,-26.385034599999955,-53.325711176585976
4212056,Palmeira,Santa Catarina,42,289.097,-27.574246149999965,-50.127311594676485
4212106,Palmitos,Santa Catarina,42,351.051,-27.08148959999997,-53.15871469161773
4212205,Papanduva,Santa Catarina,42,764.737,-26.513215599999967,-50.146542953455864
4212239,Paraíso,Santa Catarina,42,180.338,-26.664657499999947,-53.65632404171227
4212254,Passo de Torres,Santa Catarina,42,92.638,-29.26746204999995,-49.72828496942894
4212270,Passos Maia,Santa Catarina,42,617.092,-26.70309249999997,-51.95312974432508
4212304,Paulo Lopes,Santa Catarina,42,446.165,-27.945077999999967,-48.73350597787159
4212403,Pedras Grandes,Santa Catarina,42,159.892,-28.490159749999947,-49.224288907626985
4212502,Penha,Santa Catarina,42,57.752,-26.803920699999964,-48.64314411784227
4212601,Peritiba,Santa Catarina,42,96.168,-27.36162264999993,-51.87077708348211
4212650,Pescaria Brava,Santa Catarina,42,106.853,-28.410124649999972,-48.88249229658019
4212700,Petrolândia,Santa Catarina,42,306.76,-27.554045249999945,-49.681542982367795
4212809,Balneário Piçarras,Santa Catarina,42,99.355,-26.76057019999996,-48.72973250382182
4212908,Pinhalzinho,Santa Catarina,42,128.726,-26.819733449999944,-52.974752631315724
4213005,Pinheiro Preto,Santa Catarina,42,61.011,-27.05444129999995,-51.22929885314802
4213104,Piratuba,Santa Catarina,42,146.088,-27.46040119999995,-51.76807422692603
4213153,Planalto Alegre,Santa Catarina,42,63.1,-27.040370949999954,-52.86957158927221
4213203,Pomerode,Santa Catarina,42,214.299,-26.727170299999955,-49.17333582077768
4213302,Ponte Alta,Santa Catarina,42,575.17,-27.41605729999995,-50.31705030465299
4213351,Ponte Alta do Norte,Santa Catarina,42,396.882,-27.18124309999996,-50.449978780504054
4213401,Ponte Serrada,Santa Catarina,42,560.731,-26.85730609999996,-51.96546116031425
4213500,Porto Belo,Santa Catarina,42,93.673,-27.165417649999966,-48.60770456687395
4213609,Porto União,Santa Catarina,42,848.779,-26.39400699999996,-50.96444107332288
4213708,Pouso Redondo,Santa Catarina,42,356.539,-27.303679299999942,-49.97728005320812
4213807,Praia Grande,Santa Catarina,42,284.36,-29.211565599999943,-50.029768705078084
4213906,Presidente Castello Branco,Santa Catarina,42,65.433,-27.23841639999995,-51.78703573274643
4214003,Presidente Getúlio,Santa Catarina,42,297.16,-27.036726449999946,-49.64396982849619
4214102,Presidente Nereu,Santa Catarina,42,224.748,-27.257328799999954,-49.37595977264091
4214151,Princesa,Santa Catarina,42,85.598,-26.429729899999955,-53.61726340666598
4214201,Quilombo,Santa Catarina,42,278.983,-26.74124974999995,-52.720484585681014
4214300,Rancho Queimado,Santa Catarina,42,286.461,-27.67787249999995,-49.06531753671689
4214409,Rio das Antas,Santa Catarina,42,314.913,-26.911543199999954,-51.043959444051
4214508,Rio do Campo,Santa Catarina,42,502.095,-26.911152749999957,-50.144040261846584
4214607,Rio do Oeste,Santa Catarina,42,245.057,-27.143946099999937,-49.818504392105226
4214706,Rio dos Cedros,Santa Catarina,42,555.473,-26.630319399999962,-49.35830343516788
4214805,Rio do Sul,Santa Catarina,42,260.817,-27.185317199999957,-49.63640867146836
4214904,Rio Fortuna,Santa Catarina,42,302.39,-28.08052884999995,-49.23494575139101
4215000,Rio Negrinho,Santa Catarina,42,907.42,-26.44951494999995,-49.61342062874837
4215059,Rio Rufino,Santa Catarina,42,282.571,-27.91784654999995,-49.77906901504858
4215075,Riqueza,Santa Catarina,42,191.061,-26.98428384999994,-53.34535652806377
4215109,Rodeio,Santa Catarina,42,129.001,-26.886730099999937,-49.35924287702697
4215208,Romelândia,Santa Catarina,42,223.333,-26.654854349999965,-53.3241577554801
4215307,Salete,Santa Catarina,42,177.887,-26.95805779999995,-50.01405334462689
4215356,Saltinho,Santa Catarina,42,156.568,-26.587532899999957,-53.0155652771365
4215406,Salto Veloso,Santa Catarina,42,104.531,-26.89300824999995,-51.426936866031255
4215455,Sangão,Santa Catarina,42,82.984,-28.647410349999944,-49.12385088482021
4215505,Santa Cecília,Santa Catarina,42,1145.845,-26.885184799999934,-50.423433450448655
4215554,Santa Helena,Santa Catarina,42,81.004,-26.919748199999958,-53.62435283912218
4215604,Santa Rosa de Lima,Santa Catarina,42,203.218,-28.012870549999946,-49.16541731118905
4215653,Santa Rosa do Sul,Santa Catarina,42,150.299,-29.12309419999994,-49.74387314722526
4215679,Santa Terezinha,Santa Catarina,42,715.551,-26.671049749999952,-49.98966292010076
4215687,Santa Terezinha do Progresso,Santa Catarina,42,119.653,-26.58504099999996,-53.16355263422781
4215695,Santiago do Sul,Santa Catarina,42,73.335,-26.627443699999958,-52.69561389591742
4215703,Santo Amaro da Imperatriz,Santa Catarina,42,344.235,-27.745479599999953,-48.77689667784698
4215752,São Bernardino,Santa Catarina,42,149.891,-26.48708174999993,-52.992878490268296
4215802,São Bento do Sul,Santa Catarina,42,495.772,-26.294771149999946,-49.33544426394728
4215901,São Bonifácio,Santa Catarina,42,461.438,-27.95857394999996,-48.94040289960326
4216008,São Carlos,Santa Catarina,42,162.12,-27.031731849999943,-53.029593751140425
4216057,São Cristóvão do Sul,Santa Catarina,42,345.903,-27.29164549999996,-50.34393201642783
4216107,São Domingos,Santa Catarina,42,367.525,-26.539680799999957,-52.54335515275859
4216206,São Francisco do Sul,Santa Catarina,42,493.266,-26.291466949999943,-48.635542445877505
4216255,São João do Oeste,Santa Catarina,42,163.747,-27.087495399999966,-53.59980118859248
4216305,São João Batista,Santa Catarina,42,200.765,-27.328468099999952,-48.85921873723824
4216354,São João do Itaperiú,Santa Catarina,42,151.885,-26.597144949999944,-48.7975942325771
4216404,São João do Sul,Santa Catarina,42,184.375,-29.192356949999947,-49.821812220824214
4216503,São Joaquim,Santa Catarina,42,1888.634,-28.292647449999976,-50.0062141663967
4216602,São José,Santa Catarina,42,150.499,-27.589886999999976,-48.670825886070304
4216701,São José do Cedro,Santa Catarina,42,280.76,-26.478425899999962,-53.489726813603596
4216800,São José do Cerrito,Santa Catarina,42,948.714,-27.604024899999956,-50.67063790064921
4216909,São Lourenço do Oeste,Santa Catarina,42,356.193,-26.46951974999996,-52.905330597267756
4217006,São Ludgero,Santa Catarina,42,106.765,-28.35120619999995,-49.16378640346369
4217105,São Martinho,Santa Catarina,42,224.566,-28.114777149999952,-48.9695463389805
4217154,São Miguel da Boa Vista,Santa Catarina,42,72.755,-26.686950799999977,-53.24127114471678
4217204,São Miguel do Oeste,Santa Catarina,42,234.202,-26.723565449999967,-53.50861970337138
4217253,São Pedro de Alcântara,Santa Catarina,42,139.196,-27.58594889999995,-48.83429455201916
4217303,Saudades,Santa Catarina,42,205.781,-26.88685659999996,-53.06233665561404
4217402,Schroeder,Santa Catarina,42,165.237,-26.360239449999966,-49.0679415291375
4217501,Seara,Santa Catarina,42,309.627,-27.13278319999995,-52.37131613493917
4217550,Serra Alta,Santa Catarina,42,90.564,-26.694578649999954,-53.02291556404636
4217600,Siderópolis,Santa Catarina,42,262.003,-28.56846614999995,-49.566139828633744
4217709,Sombrio,Santa Catarina,42,143.457,-29.080438399999963,-49.65027983640993
4217758,Sul Brasil,Santa Catarina,42,113.125,-26.69846204999996,-52.93846814862404
4217808,Taió,Santa Catarina,42,693.847,-27.092074949999954,-50.10378896113886
4217907,Tangará,Santa Catarina,42,390.044,-27.15113409999995,-51.09380193135757
4217956,Tigrinhos,Santa Catarina,42,56.962,-26.67510974999996,-53.15279337717223
4218004,Tijucas,Santa Catarina,42,279.159,-27.24463764999996,-48.67921533679238
4218103,Timbé do Sul,Santa Catarina,42,328.507,-28.824612499999972,-49.85528029254151
4218202,Timbó,Santa Catarina,42,128.313,-26.81341414999997,-49.26732269558747
4218251,Timbó Grande,Santa Catarina,42,596.344,-26.639845299999962,-50.66525655705527
4218301,Três Barras,Santa Catarina,42,436.496,-26.169328349999972,-50.24517514530781
4218350,Treviso,Santa Catarina,42,156.61,-28.509786299999973,-49.49518877926702
4218400,Treze de Maio,Santa Catarina,42,159.833,-28.56827864999994,-49.14494825471519
4218509,Treze Tílias,Santa Catarina,42,185.937,-26.939284399999934,-51.48893856315452
4218608,Trombudo Central,Santa Catarina,42,109.648,-27.313205049999965,-49.81197704376028
4218707,Tubarão,Santa Catarina,42,301.485,-28.47910269999994,-49.056652494085924
4218756,Tunápolis,Santa Catarina,42,132.939,-26.989476099999962,-53.6382422554225
4218806,Turvo,Santa Catarina,42,235.104,-28.89409619999998,-49.72538864904347
4218855,União do Oeste,Santa Catarina,42,92.857,-26.790389949999962,-52.85909765768892
4218905,Urubici,Santa Catarina,42,1021.371,-28.064850349999944,-49.592765840997885
4218954,Urupema,Santa Catarina,42,350.472,-28.011794299999963,-49.88313135331749
4219002,Urussanga,Santa Catarina,42,254.954,-28.492194849999976,-49.35377781999412
4219101,Vargeão,Santa Catarina,42,166.685,-26.799034149999954,-52.16957957803517
4219150,Vargem,Santa Catarina,42,350.606,-27.468820849999958,-50.94485954859606
4219176,Vargem Bonita,Santa Catarina,42,299.807,-26.945202999999964,-51.731764892746355
4219200,Vidal Ramos,Santa Catarina,42,346.932,-27.402570399999945,-49.38899510701239
4219309,Videira,Santa Catarina,42,384.126,-26.98858359999994,-51.132796509240634
4219358,Vitor Meireles,Santa Catarina,42,370.414,-26.816474949999957,-49.84246465545412
4219408,Witmarsum,Santa Catarina,42,153.776,-26.943124549999965,-49.88665870359074
4219507,Xanxerê,Santa Catarina,42,377.426,-26.878519599999947,-52.38587723514513
4219606,Xavantina,Santa Catarina,42,218.032,-27.013529699999935,-52.32874497759401
4219705,Xaxim,Santa Catarina,42,293.627,-26.97505179999993,-52.52034407133976
4219853,Zortéa,Santa Catarina,42,190.179,-27.486012649999964,-51.54888526076602
4220000,Balneário Rincão,Santa Catarina,42,63.42,-28.826099099999965,-49.25195254999997
4300001,"Área Operacional ""Lagoa Mirim""",None,None,2884.34,-32.881362749999965,-52.83660429001918
4300002,"Área Operacional ""Lagoa dos Patos""",None,None,10201.31,-31.08095949999995,-51.31513083095561
4300034,Aceguá,Rio Grande do Sul,43,1551.339,-31.693966049999943,-54.18124469884681
4300059,Água Santa,Rio Grande do Sul,43,291.503,-28.212448399999943,-52.062897167887485
4300109,Agudo,Rio Grande do Sul,43,534.624,-29.64254774999995,-53.26889734943405
4300208,Ajuricaba,Rio Grande do Sul,43,322.674,-28.208173399999964,-53.730041138292435
4300307,Alecrim,Rio Grande do Sul,43,316.394,-27.646695699999952,-54.78779571974063
4300406,Alegrete,Rio Grande do Sul,43,7800.428,-29.76415384999993,-55.7523668421688
4300455,Alegria,Rio Grande do Sul,43,172.794,-27.807366799999954,-54.04758360842381
4300471,Almirante Tamandaré do Sul,Rio Grande do Sul,43,265.042,-28.144008899999932,-52.896844789692125
4300505,Alpestre,Rio Grande do Sul,43,325.979,-27.203094999999962,-53.095529855885374
4300554,Alto Alegre,Rio Grande do Sul,43,115.335,-28.807170499999955,-52.99273586478425
4300570,Alto Feliz,Rio Grande do Sul,43,78.175,-29.369008699999966,-51.31640821458015
4300604,Alvorada,Rio Grande do Sul,43,71.702,-30.00399614999995,-51.0600082257035
4300638,Amaral Ferrador,Rio Grande do Sul,43,505.983,-30.791538299999957,-52.36189599461051
4300646,Ametista do Sul,Rio Grande do Sul,43,93.704,-27.359842199999974,-53.19382063325956
4300661,André da Rocha,Rio Grande do Sul,43,331.208,-28.58996449999995,-51.5019214768799
4300703,Anta Gorda,Rio Grande do Sul,43,242.1,-28.973997849999932,-51.99541635011845
4300802,Antônio Prado,Rio Grande do Sul,43,347.541,-28.88227384999996,-51.31277309186575
4300851,Arambaré,Rio Grande do Sul,43,518.193,-30.929858499999938,-51.56040551418411
4300877,Araricá,Rio Grande do Sul,43,35.391,-29.64336254999995,-50.9292952813923
4300901,Aratiba,Rio Grande do Sul,43,342.279,-27.381931599999945,-52.29144276072327
4301008,Arroio do Meio,Rio Grande do Sul,43,157.088,-29.35786059999998,-51.98053561296415
4301057,Arroio do Sal,Rio Grande do Sul,43,119.16,-29.516229349999946,-49.89049953721121
4301073,Arroio do Padre,Rio Grande do Sul,43,124.693,-31.43744819999995,-52.41009400931833
4301107,Arroio dos Ratos,Rio Grande do Sul,43,425.791,-30.175908749999934,-51.76053661352269
4301206,Arroio do Tigre,Rio Grande do Sul,43,315.132,-29.255295849999953,-53.042270004696825
4301305,Arroio Grande,Rio Grande do Sul,43,2508.557,-32.194830199999956,-53.030241559331216
4301404,Arvorezinha,Rio Grande do Sul,43,269.31,-28.889545399999946,-52.223498469464175
4301503,Augusto Pestana,Rio Grande do Sul,43,348.219,-28.532228499999974,-54.00666442473942
4301552,Áurea,Rio Grande do Sul,43,156.727,-27.717725849999965,-52.08450389651928
4301602,Bagé,Rio Grande do Sul,43,4090.36,-31.245548299999967,-54.16833743939833
4301636,Balneário Pinhal,Rio Grande do Sul,43,102.387,-30.225795199999936,-50.258384966207146
4301651,Barão,Rio Grande do Sul,43,124.757,-29.390140499999973,-51.50630318524195
4301701,Barão de Cotegipe,Rio Grande do Sul,43,260.505,-27.576015249999955,-52.411817173101376
4301750,Barão do Triunfo,Rio Grande do Sul,43,436.101,-30.432367599999964,-51.800287088216145
4301800,Barracão,Rio Grande do Sul,43,515.469,-27.742557699999963,-51.415086651884096
4301859,Barra do Guarita,Rio Grande do Sul,43,62.801,-27.213086749999974,-53.75085192173571
4301875,Barra do Quaraí,Rio Grande do Sul,43,1055.937,-30.126875049999967,-57.301862955791236
4301909,Barra do Ribeiro,Rio Grande do Sul,43,729.316,-30.366151549999955,-51.31365782241326
4301925,Barra do Rio Azul,Rio Grande do Sul,43,146.995,-27.39173119999998,-52.39796885938826
4301958,Barra Funda,Rio Grande do Sul,43,60.437,-27.92014304999998,-53.01263679162791
4302006,Barros Cassal,Rio Grande do Sul,43,647.994,-29.09973814999995,-52.60381439561657
4302055,Benjamin Constant do Sul,Rio Grande do Sul,43,132.351,-27.48459134999996,-52.63357152684996
4302105,Bento Gonçalves,Rio Grande do Sul,43,272.287,-29.106305499999962,-51.567597840872494
4302154,Boa Vista das Missões,Rio Grande do Sul,43,196.064,-27.703742999999946,-53.347307470676725
4302204,Boa Vista do Buricá,Rio Grande do Sul,43,109.541,-27.678623499999958,-54.09813911642846
4302220,Boa Vista do Cadeado,Rio Grande do Sul,43,701.221,-28.628267149999942,-53.83075489910071
4302238,Boa Vista do Incra,Rio Grande do Sul,43,504.114,-28.88621009999997,-53.483025090047875
4302253,Boa Vista do Sul,Rio Grande do Sul,43,94.399,-29.35702224999997,-51.68689783289447
4302303,Bom Jesus,Rio Grande do Sul,43,2622.837,-28.546408899999932,-50.395112664170945
4302352,Bom Princípio,Rio Grande do Sul,43,88.66,-29.47337079999997,-51.36297987746477
4302378,Bom Progresso,Rio Grande do Sul,43,89.206,-27.540347399999973,-53.844647632838246
4302402,Bom Retiro do Sul,Rio Grande do Sul,43,102.54,-29.636560449999962,-51.92806967104582
4302451,Boqueirão do Leão,Rio Grande do Sul,43,265.396,-29.30436624999996,-52.41577088282745
4302501,Bossoroca,Rio Grande do Sul,43,1610.056,-28.651125449999967,-54.98093096493962
4302584,Bozano,Rio Grande do Sul,43,200.497,-28.358747299999948,-53.748242039223825
4302600,Braga,Rio Grande do Sul,43,132.044,-27.581248149999965,-53.739906706038866
4302659,Brochier,Rio Grande do Sul,43,105.353,-29.54365734999996,-51.62172141285684
4302709,Butiá,Rio Grande do Sul,43,752.187,-30.187213949999972,-51.94130185088493
4302808,Caçapava do Sul,Rio Grande do Sul,43,3048.147,-30.553679749999958,-53.48589401093654
4302907,Cacequi,Rio Grande do Sul,43,2373.507,-29.935616799999934,-54.86682695688745
4303004,Cachoeira do Sul,Rio Grande do Sul,43,3736.064,-30.23568579999997,-53.00786309871173
4303103,Cachoeirinha,Rio Grande do Sul,43,43.76,-29.91897759999995,-51.09266089381185
4303202,Cacique Doble,Rio Grande do Sul,43,203.582,-27.797337999999968,-51.65905098895651
4303301,Caibaté,Rio Grande do Sul,43,261.28,-28.343284799999935,-54.615453950259024
4303400,Caiçara,Rio Grande do Sul,43,189.16,-27.248020699999955,-53.442759546558506
4303509,Camaquã,Rio Grande do Sul,43,1680.168,-30.929142549999966,-51.74831398356517
4303558,Camargo,Rio Grande do Sul,43,138.069,-28.61129864999998,-52.22311087107319
4303608,Cambará do Sul,Rio Grande do Sul,43,1181.811,-29.05784104999995,-50.08750598787772
4303673,Campestre da Serra,Rio Grande do Sul,43,538.487,-28.719419749999958,-51.106075330631754
4303707,Campina das Missões,Rio Grande do Sul,43,224.801,-27.961818999999934,-54.8501616947723
4303806,Campinas do Sul,Rio Grande do Sul,43,276.162,-27.740709649999957,-52.64197376943862
4303905,Campo Bom,Rio Grande do Sul,43,60.579,-29.66536144999995,-51.04912128626627
4304002,Campo Novo,Rio Grande do Sul,43,220.719,-27.67028419999997,-53.82087640805004
4304101,Campos Borges,Rio Grande do Sul,43,226.202,-28.90856999999994,-53.04577318598482
4304200,Candelária,Rio Grande do Sul,43,944.735,-29.71170749999996,-52.81074327240016
4304309,Cândido Godói,Rio Grande do Sul,43,247.047,-27.925667799999957,-54.71407807637348
4304358,Candiota,Rio Grande do Sul,43,933.628,-31.587307849999945,-53.714346241740344
4304408,Canela,Rio Grande do Sul,43,253.002,-29.34463679999996,-50.760373561120645
4304507,Canguçu,Rio Grande do Sul,43,3526.39,-31.27674319999994,-52.67952475298276
4304606,Canoas,Rio Grande do Sul,43,130.774,-29.915647849999942,-51.17744017572815
4304614,Canudos do Vale,Rio Grande do Sul,43,82.908,-29.32395644999997,-52.23343519784035
4304622,Capão Bonito do Sul,Rio Grande do Sul,43,526.85,-28.175374499999947,-51.3784048475974
4304630,Capão da Canoa,Rio Grande do Sul,43,98.383,-29.689023849999955,-49.996827682334484
4304655,Capão do Cipó,Rio Grande do Sul,43,1007.796,-28.94922244999998,-54.56123786396775
4304663,Capão do Leão,Rio Grande do Sul,43,783.196,-31.84933529999995,-52.542486947060674
4304671,Capivari do Sul,Rio Grande do Sul,43,412.889,-30.147498299999967,-50.50450059420858
4304689,Capela de Santana,Rio Grande do Sul,43,182.756,-29.711005299999954,-51.37092184870005
4304697,Capitão,Rio Grande do Sul,43,73.967,-29.28038239999995,-51.98509961862035
4304705,Carazinho,Rio Grande do Sul,43,666.694,-28.273832599999963,-52.90490970161089
4304713,Caraá,Rio Grande do Sul,43,294.606,-29.768254449999944,-50.357855019814814
4304804,Carlos Barbosa,Rio Grande do Sul,43,230.061,-29.31669924999997,-51.49332994416301
4304853,Carlos Gomes,Rio Grande do Sul,43,83.196,-27.703135999999972,-51.93537218697935
4304903,Casca,Rio Grande do Sul,43,272.041,-28.591064149999937,-51.97480939794717
4304952,Caseiros,Rio Grande do Sul,43,235.863,-28.236991599999953,-51.736499905022896
4305009,Catuípe,Rio Grande do Sul,43,583.18,-28.176726599999967,-54.02655890631368
4305108,Caxias do Sul,Rio Grande do Sul,43,1652.32,-29.07660894999995,-51.02661141850189
4305116,Centenário,Rio Grande do Sul,43,134.78,-27.761527599999965,-51.9900758057705
4305124,Cerrito,Rio Grande do Sul,43,451.699,-31.749001499999963,-52.81095939408305
4305132,Cerro Branco,Rio Grande do Sul,43,158.025,-29.62652874999995,-52.99977644333313
4305157,Cerro Grande,Rio Grande do Sul,43,73.438,-27.628847899999954,-53.16029311825642
4305173,Cerro Grande do Sul,Rio Grande do Sul,43,324.908,-30.57827059999994,-51.77764320863071
4305207,Cerro Largo,Rio Grande do Sul,43,176.644,-28.137541449999958,-54.74548676110158
4305306,Chapada,Rio Grande do Sul,43,684.247,-28.095315049999954,-53.15395751070705
4305355,Charqueadas,Rio Grande do Sul,43,217.362,-29.995455299999946,-51.54870522911478
4305371,Charrua,Rio Grande do Sul,43,198.748,-27.948315899999955,-52.00363707611251
4305405,Chiapetta,Rio Grande do Sul,43,397.179,-27.98348304999996,-53.91639343601756
4305439,Chuí,Rio Grande do Sul,43,202.387,-33.65224829999997,-53.4095214930564
4305447,Chuvisca,Rio Grande do Sul,43,220.471,-30.767087199999963,-51.997484917548405
4305454,Cidreira,Rio Grande do Sul,43,243.419,-30.138959349999936,-50.28454570602627
4305504,Ciríaco,Rio Grande do Sul,43,274.35,-28.366710249999954,-51.90839887104045
4305587,Colinas,Rio Grande do Sul,43,60.732,-29.385131749999942,-51.83837834113067
4305603,Colorado,Rio Grande do Sul,43,286.295,-28.461832199999975,-53.001454173114396
4305702,Condor,Rio Grande do Sul,43,463.568,-28.157216749999975,-53.48531078147183
4305801,Constantina,Rio Grande do Sul,43,203.614,-27.689940699999966,-53.01276376998842
4305835,Coqueiro Baixo,Rio Grande do Sul,43,112.638,-29.160341899999963,-52.13741342037409
4305850,Coqueiros do Sul,Rio Grande do Sul,43,277.147,-28.13467284999996,-52.73784775569189
4305871,Coronel Barros,Rio Grande do Sul,43,163.716,-28.404401649999954,-54.0438621827699
4305900,Coronel Bicaco,Rio Grande do Sul,43,492.303,-27.806285749999972,-53.62431714296139
4305934,Coronel Pilar,Rio Grande do Sul,43,105.668,-29.257895049999945,-51.700541581642895
4305959,Cotiporã,Rio Grande do Sul,43,173.207,-29.012153499999954,-51.68375573665084
4305975,Coxilha,Rio Grande do Sul,43,422.101,-28.12512049999995,-52.32774955726114
4306007,Crissiumal,Rio Grande do Sul,43,362.194,-27.484334599999954,-54.122081605939485
4306056,Cristal,Rio Grande do Sul,43,682.0,-31.031261049999955,-51.976181401007494
4306072,Cristal do Sul,Rio Grande do Sul,43,97.077,-27.43227689999995,-53.25422177164952
4306106,Cruz Alta,Rio Grande do Sul,43,1360.548,-28.71740024999994,-53.49898999669135
4306130,Cruzaltense,Rio Grande do Sul,43,166.883,-27.628531649999957,-52.647914768331304
4306205,Cruzeiro do Sul,Rio Grande do Sul,43,155.482,-29.551485899999932,-52.038835338876126
4306304,David Canabarro,Rio Grande do Sul,43,174.734,-28.414217199999968,-51.809945387757374
4306320,Derrubadas,Rio Grande do Sul,43,360.851,-27.22945699999994,-53.90027022715854
4306353,Dezesseis de Novembro,Rio Grande do Sul,43,217.363,-28.198909149999935,-55.08074737940719
4306379,Dilermando de Aguiar,Rio Grande do Sul,43,600.518,-29.809882599999952,-54.113776314050384
4306403,Dois Irmãos,Rio Grande do Sul,43,66.114,-29.592959649999955,-51.08926221420428
4306429,Dois Irmãos das Missões,Rio Grande do Sul,43,226.072,-27.67849174999995,-53.48958290107728
4306452,Dois Lajeados,Rio Grande do Sul,43,133.535,-28.972574349999974,-51.840305078037325
4306502,Dom Feliciano,Rio Grande do Sul,43,1355.195,-30.609284799999955,-52.1720301874072
4306551,Dom Pedro de Alcântara,Rio Grande do Sul,43,78.216,-29.365805199999954,-49.85792734835475
4306601,Dom Pedrito,Rio Grande do Sul,43,5194.051,-31.019207799999947,-54.53376443261037
4306700,Dona Francisca,Rio Grande do Sul,43,114.149,-29.56137714999997,-53.35226997151047
4306734,Doutor Maurício Cardoso,Rio Grande do Sul,43,255.731,-27.488468599999948,-54.353589824405724
4306759,Doutor Ricardo,Rio Grande do Sul,43,107.96,-29.086434349999962,-51.97671525759638
4306767,Eldorado do Sul,Rio Grande do Sul,43,509.635,-30.081222449999956,-51.500545516528916
4306809,Encantado,Rio Grande do Sul,43,140.006,-29.21564559999996,-51.91854576067844
4306908,Encruzilhada do Sul,Rio Grande do Sul,43,3347.861,-30.586992349999946,-52.66818629677171
4306924,Engenho Velho,Rio Grande do Sul,43,71.191,-27.678281599999934,-52.90430099107118
4306932,Entre-Ijuís,Rio Grande do Sul,43,553.915,-28.489708949999965,-54.359862890685456
4306957,Entre Rios do Sul,Rio Grande do Sul,43,119.912,-27.511758549999968,-52.72904568420818
4306973,Erebango,Rio Grande do Sul,43,152.793,-27.82574514999996,-52.31600989145372
4307005,Erechim,Rio Grande do Sul,43,429.164,-27.63421324999996,-52.263098128333084
4307054,Ernestina,Rio Grande do Sul,43,238.558,-28.425624149999976,-52.52589738399817
4307104,Herval,Rio Grande do Sul,43,1759.717,-32.035539849999964,-53.444384122779724
4307203,Erval Grande,Rio Grande do Sul,43,285.677,-27.364645649999943,-52.562007730601756
4307302,Erval Seco,Rio Grande do Sul,43,357.181,-27.488625199999944,-53.515261339941254
4307401,Esmeralda,Rio Grande do Sul,43,829.587,-28.038640149999964,-51.18686102840336
4307450,Esperança do Sul,Rio Grande do Sul,43,148.909,-27.331804449999936,-54.000352630012344
4307500,Espumoso,Rio Grande do Sul,43,783.642,-28.845062349999978,-52.825755032230354
4307559,Estação,Rio Grande do Sul,43,99.757,-27.926237899999933,-52.29476573313423
4307609,Estância Velha,Rio Grande do Sul,43,51.779,-29.652325299999944,-51.18637491693542
4307708,Esteio,Rio Grande do Sul,43,27.676,-29.851042999999947,-51.1834655414989
4307807,Estrela,Rio Grande do Sul,43,185.032,-29.512624149999965,-51.924134039926344
4307815,Estrela Velha,Rio Grande do Sul,43,281.613,-29.247066799999942,-53.178874769657504
4307831,Eugênio de Castro,Rio Grande do Sul,43,417.821,-28.57774754999994,-54.24482512815531
4307864,Fagundes Varela,Rio Grande do Sul,43,134.295,-28.886129549999964,-51.72312488087324
4307906,Farroupilha,Rio Grande do Sul,43,361.341,-29.195510999999954,-51.33966564581931
4308003,Faxinal do Soturno,Rio Grande do Sul,43,169.514,-29.558978199999956,-53.462016884833766
4308052,Faxinalzinho,Rio Grande do Sul,43,143.321,-27.370594499999953,-52.66316470161158
4308078,Fazenda Vilanova,Rio Grande do Sul,43,84.794,-29.58910599999996,-51.840249235677135
4308102,Feliz,Rio Grande do Sul,43,94.832,-29.45757569999995,-51.29351836656686
4308201,Flores da Cunha,Rio Grande do Sul,43,276.241,-29.02193614999996,-51.19786327229154
4308250,Floriano Peixoto,Rio Grande do Sul,43,168.521,-27.85419589999995,-52.03455990145872
4308300,Fontoura Xavier,Rio Grande do Sul,43,583.239,-29.017250299999944,-52.41148167117282
4308409,Formigueiro,Rio Grande do Sul,43,578.875,-29.97991154999994,-53.4678513085803
4308433,Forquetinha,Rio Grande do Sul,43,93.275,-29.380519199999952,-52.12668422898426
4308458,Fortaleza dos Valos,Rio Grande do Sul,43,650.512,-28.908819949999952,-53.294560489092106
4308508,Frederico Westphalen,Rio Grande do Sul,43,265.181,-27.32362779999994,-53.38123567121498
4308607,Garibaldi,Rio Grande do Sul,43,168.492,-29.24531029999997,-51.58346072795341
4308656,Garruchos,Rio Grande do Sul,43,803.737,-28.244011399999977,-55.560814388420425
4308706,Gaurama,Rio Grande do Sul,43,204.428,-27.59372929999995,-52.11440574962872
4308805,General Câmara,Rio Grande do Sul,43,510.01,-29.83588284999996,-51.941572028958305
4308854,Gentil,Rio Grande do Sul,43,184.715,-28.389463149999955,-52.04059531346207
4308904,Getúlio Vargas,Rio Grande do Sul,43,287.466,-27.855156499999964,-52.19901650745872
4309001,Giruá,Rio Grande do Sul,43,857.059,-27.99286024999995,-54.31667183432842
4309050,Glorinha,Rio Grande do Sul,43,323.955,-29.882455449999952,-50.76223129546684
4309100,Gramado,Rio Grande do Sul,43,239.341,-29.39247654999994,-50.912706729830276
4309126,Gramado dos Loureiros,Rio Grande do Sul,43,131.396,-27.446866049999983,-52.91289440525078
4309159,Gramado Xavier,Rio Grande do Sul,43,216.79,-29.295007899999973,-52.61879201315875
4309209,Gravataí,Rio Grande do Sul,43,468.288,-29.890613199999933,-50.952743207815104
4309258,Guabiju,Rio Grande do Sul,43,146.925,-28.589946149999946,-51.657822191862024
4309308,Guaíba,Rio Grande do Sul,43,376.166,-30.164993249999952,-51.4330642364866
4309407,Guaporé,Rio Grande do Sul,43,297.545,-28.85164999999995,-51.929851372799476
4309506,Guarani das Missões,Rio Grande do Sul,43,290.276,-28.17637629999996,-54.581674797522886
4309555,Harmonia,Rio Grande do Sul,43,48.557,-29.54022814999996,-51.42405695162464
4309571,Herveiras,Rio Grande do Sul,43,117.981,-29.445133699999957,-52.655250459892116
4309605,Horizontina,Rio Grande do Sul,43,229.694,-27.587897699999957,-54.302635764848034
4309654,Hulha Negra,Rio Grande do Sul,43,822.608,-31.51401014999996,-53.90118871598328
4309704,Humaitá,Rio Grande do Sul,43,135.01,-27.586074199999956,-53.99102108064377
4309753,Ibarama,Rio Grande do Sul,43,195.426,-29.41827454999995,-53.164620290567754
4309803,Ibiaçá,Rio Grande do Sul,43,348.778,-28.102650199999943,-51.820956715011945
4309902,Ibiraiaras,Rio Grande do Sul,43,292.16,-28.365777599999973,-51.62682039825471
4309951,Ibirapuitã,Rio Grande do Sul,43,307.164,-28.616949449999964,-52.4405025655794
4310009,Ibirubá,Rio Grande do Sul,43,607.185,-28.593464299999937,-53.217905531793704
4310108,Igrejinha,Rio Grande do Sul,43,135.399,-29.565227799999946,-50.77400720685946
4310207,Ijuí,Rio Grande do Sul,43,688.982,-28.297481399999953,-53.91302210378309
4310306,Ilópolis,Rio Grande do Sul,43,123.602,-28.93023569999994,-52.1377509956383
4310330,Imbé,Rio Grande do Sul,43,39.766,-29.93657134999995,-50.11566248729805
4310363,Imigrante,Rio Grande do Sul,43,71.716,-29.340995899999967,-51.75261503779571
4310405,Independência,Rio Grande do Sul,43,358.284,-27.90810929999998,-54.169745738927475
4310413,Inhacorá,Rio Grande do Sul,43,113.749,-27.922799449999957,-54.04596485285781
4310439,Ipê,Rio Grande do Sul,43,599.032,-28.717393099999953,-51.32288216452459
4310462,Ipiranga do Sul,Rio Grande do Sul,43,158.71,-27.92440369999997,-52.43992743286721
4310504,Iraí,Rio Grande do Sul,43,181.579,-27.255063749999948,-53.23742528010429
4310538,Itaara,Rio Grande do Sul,43,172.801,-29.559878199999957,-53.76586104080583
4310553,Itacurubi,Rio Grande do Sul,43,1120.874,-28.816328899999974,-55.21197965474451
4310579,Itapuca,Rio Grande do Sul,43,184.673,-28.754653299999973,-52.11973979990345
4310603,Itaqui,Rio Grande do Sul,43,3406.606,-29.137712549999975,-56.38983513459634
4310652,Itati,Rio Grande do Sul,43,205.06,-29.463251749999955,-50.16488399661566
4310702,Itatiba do Sul,Rio Grande do Sul,43,212.669,-27.35490459999997,-52.47129598293146
4310751,Ivorá,Rio Grande do Sul,43,122.93,-29.51063659999994,-53.58283219012253
4310801,Ivoti,Rio Grande do Sul,43,63.092,-29.58536959999995,-51.15833651077372
4310850,Jaboticaba,Rio Grande do Sul,43,127.589,-27.615975899999967,-53.26234822857139
4310876,Jacuizinho,Rio Grande do Sul,43,339.399,-29.051199899999943,-53.00546170049238
4310900,Jacutinga,Rio Grande do Sul,43,178.009,-27.783948599999945,-52.541575594529164
4311007,Jaguarão,Rio Grande do Sul,43,2051.845,-32.40304199999997,-53.3357366591121
4311106,Jaguari,Rio Grande do Sul,43,675.314,-29.469420799999966,-54.659211950104286
4311122,Jaquirana,Rio Grande do Sul,43,908.879,-28.959125049999955,-50.35640546711936
4311130,Jari,Rio Grande do Sul,43,853.08,-29.27059099999994,-54.28207757542539
4311155,Jóia,Rio Grande do Sul,43,1238.709,-28.741190599999953,-54.18256324679906
4311205,Júlio de Castilhos,Rio Grande do Sul,43,1929.544,-29.28180299999994,-53.69857459817404
4311239,Lagoa Bonita do Sul,Rio Grande do Sul,43,109.758,-29.504448999999966,-53.04707700928773
4311254,Lagoão,Rio Grande do Sul,43,387.453,-29.241029949999955,-52.78238582555249
4311270,Lagoa dos Três Cantos,Rio Grande do Sul,43,138.602,-28.57430679999996,-52.84559964946688
4311304,Lagoa Vermelha,Rio Grande do Sul,43,1260.553,-28.197909599999946,-51.575369711373206
4311403,Lajeado,Rio Grande do Sul,43,90.801,-29.448927049999952,-51.98858116065776
4311429,Lajeado do Bugre,Rio Grande do Sul,43,67.947,-27.70370984999994,-53.205805914522536
4311502,Lavras do Sul,Rio Grande do Sul,43,2600.969,-30.732571849999943,-54.535838694509096
4311601,Liberato Salzano,Rio Grande do Sul,43,245.627,-27.546052349999968,-53.07661056372599
4311627,Lindolfo Collor,Rio Grande do Sul,43,33.351,-29.584294849999964,-51.216221938234426
4311643,Linha Nova,Rio Grande do Sul,43,63.502,-29.455084699999958,-51.210581668612335
4311700,Machadinho,Rio Grande do Sul,43,335.344,-27.589386799999943,-51.66751145085205
4311718,Maçambará,Rio Grande do Sul,43,1682.82,-29.046475249999958,-55.856854104668145
4311734,Mampituba,Rio Grande do Sul,43,156.653,-29.274249149999974,-50.02788208862253
4311759,Manoel Viana,Rio Grande do Sul,43,1390.696,-29.429883399999937,-55.58369977913406
4311775,Maquiné,Rio Grande do Sul,43,613.58,-29.624803499999956,-50.25715995425229
4311791,Maratá,Rio Grande do Sul,43,82.063,-29.54557929999993,-51.54667296689345
4311809,Marau,Rio Grande do Sul,43,649.77,-28.486435649999947,-52.30524379838956
4311908,Marcelino Ramos,Rio Grande do Sul,43,229.551,-27.463637349999942,-51.97863912729332
4311981,Mariana Pimentel,Rio Grande do Sul,43,338.45,-30.29640409999996,-51.585153694490074
4312005,Mariano Moro,Rio Grande do Sul,43,98.727,-27.340137649999946,-52.16699709942446
4312054,Marques de Souza,Rio Grande do Sul,43,125.714,-29.296683799999954,-52.1425082737137
4312104,Mata,Rio Grande do Sul,43,316.121,-29.545797899999968,-54.448626428504426
4312138,Mato Castelhano,Rio Grande do Sul,43,238.268,-28.261775049999954,-52.19918336152438
4312153,Mato Leitão,Rio Grande do Sul,43,46.799,-29.520211599999953,-52.13850695202311
4312179,Mato Queimado,Rio Grande do Sul,43,114.653,-28.24579799999995,-54.65970459158777
4312203,Maximiliano de Almeida,Rio Grande do Sul,43,208.955,-27.59611394999996,-51.81730092664255
4312252,Minas do Leão,Rio Grande do Sul,43,424.339,-30.07387454999997,-52.07284503234382
4312302,Miraguaí,Rio Grande do Sul,43,131.236,-27.495739749999956,-53.74674141890351
4312351,Montauri,Rio Grande do Sul,43,82.23,-28.663007449999952,-52.05161511958347
4312377,Monte Alegre dos Campos,Rio Grande do Sul,43,549.455,-28.69716264999994,-50.79216711335073
4312385,Monte Belo do Sul,Rio Grande do Sul,43,69.726,-29.13485259999993,-51.65518169750138
4312401,Montenegro,Rio Grande do Sul,43,425.023,-29.708975099999947,-51.523368615450565
4312427,Mormaço,Rio Grande do Sul,43,146.191,-28.68309094999998,-52.65481420757163
4312443,Morrinhos do Sul,Rio Grande do Sul,43,166.224,-29.341974299999976,-49.963817812938956
4312450,Morro Redondo,Rio Grande do Sul,43,244.645,-31.621442349999967,-52.6428431425384
4312476,Morro Reuter,Rio Grande do Sul,43,89.412,-29.513714349999958,-51.072789905647596
4312500,Mostardas,Rio Grande do Sul,43,1977.442,-30.85409194999994,-50.7094722173416
4312609,Muçum,Rio Grande do Sul,43,111.247,-29.14002414999993,-51.79334824555381
4312617,Muitos Capões,Rio Grande do Sul,43,1193.23,-28.40255794999996,-51.20314906398434
4312625,Muliterno,Rio Grande do Sul,43,111.132,-28.31206654999997,-51.76961563407508
4312658,Não-Me-Toque,Rio Grande do Sul,43,361.689,-28.46139674999995,-52.82156813625604
4312674,Nicolau Vergueiro,Rio Grande do Sul,43,154.995,-28.521766599999978,-52.454741198158146
4312708,Nonoai,Rio Grande do Sul,43,468.962,-27.352449099999944,-52.844770124755186
4312757,Nova Alvorada,Rio Grande do Sul,43,148.861,-28.707600999999954,-52.17185646016682
4312807,Nova Araçá,Rio Grande do Sul,43,75.514,-28.64573404999996,-51.73182730528137
4312906,Nova Bassano,Rio Grande do Sul,43,211.611,-28.727359899999982,-51.75528282072601
4312955,Nova Boa Vista,Rio Grande do Sul,43,93.733,-27.997084349999966,-52.97607191994149
4313003,Nova Bréscia,Rio Grande do Sul,43,102.994,-29.21675099999996,-52.02618516977371
4313011,Nova Candelária,Rio Grande do Sul,43,97.579,-27.60216054999995,-54.14173176566857
4313037,Nova Esperança do Sul,Rio Grande do Sul,43,191.0,-29.407471999999956,-54.813119234608976
4313060,Nova Hartz,Rio Grande do Sul,43,62.304,-29.590095649999967,-50.90301010774062
4313086,Nova Pádua,Rio Grande do Sul,43,102.643,-28.995032899999956,-51.326772883241375
4313102,Nova Palma,Rio Grande do Sul,43,314.613,-29.432126099999948,-53.413414585692884
4313201,Nova Petrópolis,Rio Grande do Sul,43,290.164,-29.372256599999957,-51.082386042030734
4313300,Nova Prata,Rio Grande do Sul,43,259.941,-28.731974699999967,-51.603983677406994
4313334,Nova Ramada,Rio Grande do Sul,43,255.264,-28.075174149999953,-53.70310955298549
4313359,Nova Roma do Sul,Rio Grande do Sul,43,149.767,-28.994373899999943,-51.418487657420656
4313375,Nova Santa Rita,Rio Grande do Sul,43,218.094,-29.848167099999955,-51.292866092095664
4313391,Novo Cabrais,Rio Grande do Sul,43,192.998,-29.751015649999943,-52.99192727994064
4313409,Novo Hamburgo,Rio Grande do Sul,43,222.536,-29.733919199999974,-51.02277398664626
4313425,Novo Machado,Rio Grande do Sul,43,218.836,-27.54176199999995,-54.52717492573676
4313441,Novo Tiradentes,Rio Grande do Sul,43,75.428,-27.557582699999955,-53.17311445858537
4313466,Novo Xingu,Rio Grande do Sul,43,79.851,-27.74063179999996,-53.065308121231
4313490,Novo Barreiro,Rio Grande do Sul,43,123.344,-27.90353189999996,-53.13050389072137
4313508,Osório,Rio Grande do Sul,43,663.878,-29.91491069999995,-50.27096299745521
4313607,Paim Filho,Rio Grande do Sul,43,181.998,-27.736000299999944,-51.774249857983456
4313656,Palmares do Sul,Rio Grande do Sul,43,949.201,-30.34899079999994,-50.40682123335981
4313706,Palmeira das Missões,Rio Grande do Sul,43,1421.101,-27.94264579999995,-53.40513787711234
4313805,Palmitinho,Rio Grande do Sul,43,144.181,-27.320777349999958,-53.59990472851245
4313904,Panambi,Rio Grande do Sul,43,491.57,-28.35497399999994,-53.5000880700498
4313953,Pantano Grande,Rio Grande do Sul,43,841.225,-30.264124699999968,-52.40238083228782
4314001,Paraí,Rio Grande do Sul,43,121.745,-28.59520384999996,-51.78208748220703
4314027,Paraíso do Sul,Rio Grande do Sul,43,337.534,-29.705397199999936,-53.1338943214963
4314035,Pareci Novo,Rio Grande do Sul,43,57.485,-29.61241334999994,-51.42377727271126
4314050,Parobé,Rio Grande do Sul,43,108.755,-29.657070949999962,-50.85882551171018
4314068,Passa Sete,Rio Grande do Sul,43,304.299,-29.419559499999963,-52.86233554183121
4314076,Passo do Sobrado,Rio Grande do Sul,43,265.133,-29.769435199999947,-52.26757728092103
4314100,Passo Fundo,Rio Grande do Sul,43,784.406,-28.266199399999977,-52.47781262946209
4314134,Paulo Bento,Rio Grande do Sul,43,149.669,-27.718075999999968,-52.40009067791499
4314159,Paverama,Rio Grande do Sul,43,171.863,-29.574550749999958,-51.72962034967436
4314175,Pedras Altas,Rio Grande do Sul,43,1373.985,-31.84644309999996,-53.669262130042725
4314209,Pedro Osório,Rio Grande do Sul,43,603.757,-31.98175054999996,-52.91182119688576
4314308,Pejuçara,Rio Grande do Sul,43,414.106,-28.44428014999997,-53.621614933404146
4314407,Pelotas,Rio Grande do Sul,43,1608.78,-31.56147089999996,-52.341957250384326
4314423,Picada Café,Rio Grande do Sul,43,84.28,-29.459248299999956,-51.09060607981286
4314456,Pinhal,Rio Grande do Sul,43,68.222,-27.53335514999995,-53.2214755834123
4314464,Pinhal da Serra,Rio Grande do Sul,43,438.11,-27.85195824999994,-51.17504358408655
4314472,Pinhal Grande,Rio Grande do Sul,43,478.11,-29.303450199999958,-53.352095483519236
4314498,Pinheirinho do Vale,Rio Grande do Sul,43,105.385,-27.22316964999993,-53.62817429272852
4314506,Pinheiro Machado,Rio Grande do Sul,43,2249.176,-31.40807589999997,-53.448626789813986
4314548,Pinto Bandeira,Rio Grande do Sul,43,104.801,-29.09280574999994,-51.45553212179324
4314555,Pirapó,Rio Grande do Sul,43,293.723,-28.07654704999996,-55.233740967551796
4314605,Piratini,Rio Grande do Sul,43,3538.3,-31.404911199999958,-53.13328836521034
4314704,Planalto,Rio Grande do Sul,43,228.552,-27.351600599999955,-53.057890706384946
4314753,Poço das Antas,Rio Grande do Sul,43,67.618,-29.441598649999946,-51.640978641367624
4314779,Pontão,Rio Grande do Sul,43,502.709,-28.041284149999967,-52.627629165532596
4314787,Ponte Preta,Rio Grande do Sul,43,99.504,-27.66823914999995,-52.50334752215517
4314803,Portão,Rio Grande do Sul,43,159.298,-29.691808949999967,-51.250155139099256
4314902,Porto Alegre,Rio Grande do Sul,43,495.977,-30.100871049999967,-51.18864340597408
4315008,Porto Lucena,Rio Grande do Sul,43,250.876,-27.85232549999995,-54.92567004395321
4315057,Porto Mauá,Rio Grande do Sul,43,105.811,-27.583613199999945,-54.679069955324124
4315073,Porto Vera Cruz,Rio Grande do Sul,43,114.284,-27.754029849999966,-54.88048673126928
4315107,Porto Xavier,Rio Grande do Sul,43,281.497,-27.938624449999963,-55.163364051693534
4315131,Pouso Novo,Rio Grande do Sul,43,105.338,-29.161897049999965,-52.239596870537596
4315149,Presidente Lucena,Rio Grande do Sul,43,49.628,-29.525186649999938,-51.17443044499332
4315156,Progresso,Rio Grande do Sul,43,256.039,-29.22738234999997,-52.33157913731347
4315172,Protásio Alves,Rio Grande do Sul,43,171.994,-28.75253534999993,-51.4850659639056
4315206,Putinga,Rio Grande do Sul,43,216.159,-29.032382499999983,-52.13344775819458
4315305,Quaraí,Rio Grande do Sul,43,3139.995,-30.29118964999995,-56.128412083056794
4315313,Quatro Irmãos,Rio Grande do Sul,43,268.971,-27.846640449999967,-52.47131186762036
4315321,Quevedos,Rio Grande do Sul,43,543.359,-29.29303644999993,-54.057612710733636
4315354,Quinze de Novembro,Rio Grande do Sul,43,223.072,-28.78117789999996,-53.09181019405963
4315404,Redentora,Rio Grande do Sul,43,303.705,-27.56420559999998,-53.63658335939671
4315453,Relvado,Rio Grande do Sul,43,108.188,-29.113936799999976,-52.07511197994964
4315503,Restinga Sêca,Rio Grande do Sul,43,968.62,-29.799868499999945,-53.41719718792183
4315552,Rio dos Índios,Rio Grande do Sul,43,235.854,-27.251555649999943,-52.87034944837619
4315602,Rio Grande,Rio Grande do Sul,43,2682.867,-32.207529299999976,-52.41535786070212
4315701,Rio Pardo,Rio Grande do Sul,43,2051.112,-30.08003249999996,-52.547308703039775
4315750,Riozinho,Rio Grande do Sul,43,239.09,-29.606790549999943,-50.40114539874841
4315800,Roca Sales,Rio Grande do Sul,43,208.108,-29.243070649999936,-51.806977221562946
4315909,Rodeio Bonito,Rio Grande do Sul,43,83.278,-27.461959349999972,-53.16186505689055
4315958,Rolador,Rio Grande do Sul,43,295.326,-28.264378549999975,-54.84141388703915
4316006,Rolante,Rio Grande do Sul,43,296.09,-29.635554749999955,-50.56848947866878
4316105,Ronda Alta,Rio Grande do Sul,43,418.675,-27.80967009999995,-52.74857038785797
4316204,Rondinha,Rio Grande do Sul,43,252.454,-27.827385549999974,-52.91307727541612
4316303,Roque Gonzales,Rio Grande do Sul,43,349.074,-28.05682854999995,-55.03932475125981
4316402,Rosário do Sul,Rio Grande do Sul,43,4343.656,-30.377968649999957,-55.194267649746024
4316428,Sagrada Família,Rio Grande do Sul,43,77.889,-27.70187169999997,-53.12705472047253
4316436,Saldanha Marinho,Rio Grande do Sul,43,221.554,-28.38823679999996,-53.10413867760552
4316451,Salto do Jacuí,Rio Grande do Sul,43,507.698,-29.06865074999996,-53.27273112595493
4316477,Salvador das Missões,Rio Grande do Sul,43,94.312,-28.108072849999957,-54.83087396187406
4316501,Salvador do Sul,Rio Grande do Sul,43,99.157,-29.464119649999958,-51.51726057860539
4316600,Sananduva,Rio Grande do Sul,43,504.499,-27.96343614999995,-51.80978676487619
4316709,Santa Bárbara do Sul,Rio Grande do Sul,43,975.799,-28.36801824999995,-53.26991598337622
4316733,Santa Cecília do Sul,Rio Grande do Sul,43,200.056,-28.19244624999996,-51.882569166661895
4316758,Santa Clara do Sul,Rio Grande do Sul,43,86.442,-29.45317129999995,-52.13046694906624
4316808,Santa Cruz do Sul,Rio Grande do Sul,43,734.516,-29.649060599999956,-52.40151545931347
4316907,Santa Maria,Rio Grande do Sul,43,1780.194,-29.777572799999973,-53.770295969211844
4316956,Santa Maria do Herval,Rio Grande do Sul,43,140.437,-29.468939199999937,-50.9607179149336
4316972,Santa Margarida do Sul,Rio Grande do Sul,43,955.299,-30.371168499999953,-54.10983439397823
4317004,Santana da Boa Vista,Rio Grande do Sul,43,1418.805,-30.74064484999994,-53.08122494886143
4317103,Sant'Ana do Livramento,Rio Grande do Sul,43,6946.407,-30.803640499999943,-55.52546471945953
4317202,Santa Rosa,Rio Grande do Sul,43,489.38,-27.839422799999937,-54.46544179924918
4317251,Santa Tereza,Rio Grande do Sul,43,73.669,-29.149548899999957,-51.72420951019296
4317301,Santa Vitória do Palmar,Rio Grande do Sul,43,5206.977,-33.18936574999995,-53.06486866301155
4317400,Santiago,Rio Grande do Sul,43,2414.195,-29.103037049999955,-54.842931703438424
4317509,Santo Ângelo,Rio Grande do Sul,43,678.693,-28.248468849999938,-54.303980879519116
4317558,Santo Antônio do Palma,Rio Grande do Sul,43,126.094,-28.49182694999996,-51.994422847693485
4317608,Santo Antônio da Patrulha,Rio Grande do Sul,43,1049.583,-29.865847999999943,-50.52635708771123
4317707,Santo Antônio das Missões,Rio Grande do Sul,43,1710.869,-28.45751359999997,-55.35691461900716
4317756,Santo Antônio do Planalto,Rio Grande do Sul,43,203.44,-28.369385799999975,-52.70706072755608
4317806,Santo Augusto,Rio Grande do Sul,43,467.775,-27.89745039999997,-53.790156022955664
4317905,Santo Cristo,Rio Grande do Sul,43,367.202,-27.787435899999963,-54.71970439372916
4317954,Santo Expedito do Sul,Rio Grande do Sul,43,125.334,-27.922368449999965,-51.66790162998119
4318002,São Borja,Rio Grande do Sul,43,3616.69,-28.714186249999955,-55.84087279105721
4318051,São Domingos do Sul,Rio Grande do Sul,43,78.67,-28.536863849999946,-51.86419760689766
4318101,São Francisco de Assis,Rio Grande do Sul,43,2506.975,-29.44962154999996,-55.10704121732505
4318200,São Francisco de Paula,Rio Grande do Sul,43,3317.794,-29.166451699999953,-50.59962950758584
4318309,São Gabriel,Rio Grande do Sul,43,5053.46,-30.33540334999998,-54.52834259589808
4318408,São Jerônimo,Rio Grande do Sul,43,935.596,-30.291565599999956,-51.927081508427634
4318424,São João da Urtiga,Rio Grande do Sul,43,171.504,-27.788229599999966,-51.84640761214757
4318432,São João do Polêsine,Rio Grande do Sul,43,78.32,-29.640385549999934,-53.469414141163206
4318440,São Jorge,Rio Grande do Sul,43,125.62,-28.504861799999958,-51.69734680626471
4318457,São José das Missões,Rio Grande do Sul,43,98.125,-27.79535709999996,-53.12912446845166
4318465,São José do Herval,Rio Grande do Sul,43,102.912,-29.067100799999963,-52.2753187380339
4318481,São José do Hortêncio,Rio Grande do Sul,43,63.709,-29.536496049999954,-51.26683881297432
4318499,São José do Inhacorá,Rio Grande do Sul,43,77.732,-27.73623699999996,-54.131621379723796
4318507,São José do Norte,Rio Grande do Sul,43,1071.824,-31.808984049999935,-51.70583663664034
4318606,São José do Ouro,Rio Grande do Sul,43,335.215,-27.766443849999973,-51.55895505620288
4318614,São José do Sul,Rio Grande do Sul,43,54.764,-29.553308249999958,-51.49021502711504
4318622,São José dos Ausentes,Rio Grande do Sul,43,1173.907,-28.67044329999996,-49.96890918940517
4318705,São Leopoldo,Rio Grande do Sul,43,103.009,-29.742247849999956,-51.16887007376363
4318804,São Lourenço do Sul,Rio Grande do Sul,43,2036.125,-31.252656799999954,-52.12910162265173
4318903,São Luiz Gonzaga,Rio Grande do Sul,43,1295.52,-28.39032549999996,-54.93716259087485
4319000,São Marcos,Rio Grande do Sul,43,256.159,-28.957145499999967,-51.0625164347177
4319109,São Martinho,Rio Grande do Sul,43,171.245,-27.72195839999995,-53.97059770979506
4319125,São Martinho da Serra,Rio Grande do Sul,43,669.547,-29.477342499999963,-53.88755548517591
4319158,São Miguel das Missões,Rio Grande do Sul,43,1228.91,-28.704057599999942,-54.53288622526194
4319208,São Nicolau,Rio Grande do Sul,43,485.588,-28.190064099999944,-55.23532054459562
4319307,São Paulo das Missões,Rio Grande do Sul,43,223.942,-27.981073849999973,-54.99095936972169
4319356,São Pedro da Serra,Rio Grande do Sul,43,35.207,-29.418567399999972,-51.49145043029754
4319364,São Pedro das Missões,Rio Grande do Sul,43,79.894,-27.782570899999968,-53.23299348612191
4319372,São Pedro do Butiá,Rio Grande do Sul,43,107.559,-28.123631849999953,-54.89198857742417
4319406,São Pedro do Sul,Rio Grande do Sul,43,873.394,-29.60217099999994,-54.196856950799074
4319505,São Sebastião do Caí,Rio Grande do Sul,43,114.293,-29.584665799999954,-51.33296936607708
4319604,São Sepé,Rio Grande do Sul,43,2204.779,-30.206803699999938,-53.66891358948304
4319703,São Valentim,Rio Grande do Sul,43,154.45,-27.536681449999975,-52.55471390018504
4319711,São Valentim do Sul,Rio Grande do Sul,43,91.898,-29.06658724999994,-51.760278605765144
4319737,São Valério do Sul,Rio Grande do Sul,43,107.402,-27.828754549999957,-53.88902122909036
4319752,São Vendelino,Rio Grande do Sul,43,31.935,-29.38583074999997,-51.37086248852444
4319802,São Vicente do Sul,Rio Grande do Sul,43,1174.822,-29.692486299999956,-54.71631445968745
4319901,Sapiranga,Rio Grande do Sul,43,136.473,-29.623121949999955,-50.99249617793167
4320008,Sapucaia do Sul,Rio Grande do Sul,43,58.247,-29.822615799999937,-51.127765730401734
4320107,Sarandi,Rio Grande do Sul,43,351.718,-27.931482349999953,-52.86255490386403
4320206,Seberi,Rio Grande do Sul,43,300.827,-27.50388394999996,-53.353574623493174
4320230,Sede Nova,Rio Grande do Sul,43,119.312,-27.641403949999955,-53.95649138265627
4320263,Segredo,Rio Grande do Sul,43,245.17,-29.292747299999974,-52.95460875771535
4320305,Selbach,Rio Grande do Sul,43,176.47,-28.674796499999957,-52.98009414543267
4320321,Senador Salgado Filho,Rio Grande do Sul,43,147.068,-28.03016409999995,-54.53202782675463
4320354,Sentinela do Sul,Rio Grande do Sul,43,282.13,-30.630249099999958,-51.602035268522705
4320404,Serafina Corrêa,Rio Grande do Sul,43,163.31,-28.68688334999996,-51.923696462951455
4320453,Sério,Rio Grande do Sul,43,98.131,-29.405984649999965,-52.24087604816282
4320503,Sertão,Rio Grande do Sul,43,440.631,-28.01310959999995,-52.326286305907836
4320552,Sertão Santana,Rio Grande do Sul,43,252.013,-30.463537049999957,-51.62372901116756
4320578,Sete de Setembro,Rio Grande do Sul,43,129.238,-28.161549199999968,-54.45161155256465
4320602,Severiano de Almeida,Rio Grande do Sul,43,167.598,-27.411136949999957,-52.13407697103524
4320651,Silveira Martins,Rio Grande do Sul,43,119.285,-29.63869399999996,-53.548807127838174
4320677,Sinimbu,Rio Grande do Sul,43,509.778,-29.444202349999955,-52.52418445953239
4320701,Sobradinho,Rio Grande do Sul,43,128.823,-29.402900149999965,-53.01194817375827
4320800,Soledade,Rio Grande do Sul,43,1215.056,-28.888653699999963,-52.56434625749198
4320859,Tabaí,Rio Grande do Sul,43,94.754,-29.666714999999954,-51.734186822939094
4320909,Tapejara,Rio Grande do Sul,43,238.082,-28.05442979999995,-52.00428312103311
4321006,Tapera,Rio Grande do Sul,43,179.935,-28.66532269999996,-52.85920593293809
4321105,Tapes,Rio Grande do Sul,43,805.452,-30.67721469999995,-51.482142351105836
4321204,Taquara,Rio Grande do Sul,43,452.606,-29.63190229999998,-50.72865775667327
4321303,Taquari,Rio Grande do Sul,43,349.967,-29.740491849999955,-51.83126112864123
4321329,Taquaruçu do Sul,Rio Grande do Sul,43,76.917,-27.405502849999948,-53.49827652722418
4321352,Tavares,Rio Grande do Sul,43,610.107,-31.313927699999965,-51.07322569254774
4321402,Tenente Portela,Rio Grande do Sul,43,337.495,-27.358703899999938,-53.776044886645195
4321436,Terra de Areia,Rio Grande do Sul,43,142.304,-29.592632899999955,-50.069011582529825
4321451,Teutônia,Rio Grande do Sul,43,177.795,-29.46578399999993,-51.76942678183379
4321469,Tio Hugo,Rio Grande do Sul,43,113.944,-28.582360249999937,-52.61004324170858
4321477,Tiradentes do Sul,Rio Grande do Sul,43,236.653,-27.35625989999994,-54.13404280380168
4321493,Toropi,Rio Grande do Sul,43,198.316,-29.47621364999995,-54.289345414840696
4321501,Torres,Rio Grande do Sul,43,161.63,-29.32886364999993,-49.784799170112564
4321600,Tramandaí,Rio Grande do Sul,43,142.878,-30.031454399999944,-50.22942728143019
4321626,Travesseiro,Rio Grande do Sul,43,80.681,-29.28119739999994,-52.07754443182775
4321634,Três Arroios,Rio Grande do Sul,43,148.601,-27.48697539999995,-52.15212631971907
4321667,Três Cachoeiras,Rio Grande do Sul,43,251.483,-29.489432999999963,-49.962153843985874
4321709,Três Coroas,Rio Grande do Sul,43,168.123,-29.47651364999996,-50.77045580492887
4321808,Três de Maio,Rio Grande do Sul,43,421.461,-27.717451099999977,-54.29608878372109
4321832,Três Forquilhas,Rio Grande do Sul,43,217.386,-29.444837749999948,-50.093013664080715
4321857,Três Palmeiras,Rio Grande do Sul,43,180.599,-27.61897934999996,-52.82101655721358
4321907,Três Passos,Rio Grande do Sul,43,268.902,-27.42631234999996,-53.93381781466845
4321956,Trindade do Sul,Rio Grande do Sul,43,268.417,-27.52597014999995,-52.901044442646224
4322004,Triunfo,Rio Grande do Sul,43,817.807,-29.811876249999955,-51.62656710038863
4322103,Tucunduva,Rio Grande do Sul,43,181.198,-27.631445249999956,-54.45892076990449
4322152,Tunas,Rio Grande do Sul,43,217.302,-29.118852449999963,-52.902388616897134
4322186,Tupanci do Sul,Rio Grande do Sul,43,135.664,-27.924776199999968,-51.529105925621025
4322202,Tupanciretã,Rio Grande do Sul,43,2253.234,-29.00833934999997,-53.9994181699867
4322251,Tupandi,Rio Grande do Sul,43,59.447,-29.477974449999948,-51.42675792039044
4322301,Tuparendi,Rio Grande do Sul,43,307.71,-27.691792299999946,-54.5595022480296
4322327,Turuçu,Rio Grande do Sul,43,253.635,-31.488177199999967,-52.127386783363946
4322343,Ubiretama,Rio Grande do Sul,43,125.876,-28.017498449999948,-54.66160260942584
4322350,União da Serra,Rio Grande do Sul,43,131.154,-28.777975049999952,-52.0147710874718
4322376,Unistalda,Rio Grande do Sul,43,602.387,-29.07288539999996,-55.15083716906622
4322400,Uruguaiana,Rio Grande do Sul,43,5702.098,-29.80500004999996,-56.81692405613459
4322509,Vacaria,Rio Grande do Sul,43,2124.492,-28.366183899999953,-50.87214760497314
4322525,Vale Verde,Rio Grande do Sul,43,329.727,-29.83107899999996,-52.11503898721754
4322533,Vale do Sol,Rio Grande do Sul,43,329.389,-29.58382359999996,-52.69581485076332
4322541,Vale Real,Rio Grande do Sul,43,45.085,-29.356597599999958,-51.23896875830489
4322558,Vanini,Rio Grande do Sul,43,64.905,-28.497902349999947,-51.8323334656924
4322608,Venâncio Aires,Rio Grande do Sul,43,772.478,-29.55322794999995,-52.24407240115437
4322707,Vera Cruz,Rio Grande do Sul,43,309.994,-29.73007469999996,-52.532418370392726
4322806,Veranópolis,Rio Grande do Sul,43,289.397,-28.98035864999997,-51.538482425453324
4322855,Vespasiano Corrêa,Rio Grande do Sul,43,113.622,-29.06551664999995,-51.86356368895006
4322905,Viadutos,Rio Grande do Sul,43,266.67,-27.573155699999973,-52.01922137225914
4323002,Viamão,Rio Grande do Sul,43,1496.019,-30.20500844999995,-50.83984254790711
4323101,Vicente Dutra,Rio Grande do Sul,43,193.025,-27.16640904999997,-53.40275216808753
4323200,Victor Graeff,Rio Grande do Sul,43,238.133,-28.54834219999995,-52.68298654509718
4323309,Vila Flores,Rio Grande do Sul,43,107.703,-28.86018564999995,-51.55413833202907
4323358,Vila Lângaro,Rio Grande do Sul,43,151.695,-28.133657649999947,-52.13849975181856
4323408,Vila Maria,Rio Grande do Sul,43,181.061,-28.57470239999995,-52.13299985227631
4323457,Vila Nova do Sul,Rio Grande do Sul,43,508.278,-30.352411049999972,-53.852851148468346
4323507,Vista Alegre,Rio Grande do Sul,43,77.63,-27.315613249999956,-53.51241556875638
4323606,Vista Alegre do Prata,Rio Grande do Sul,43,119.327,-28.83130579999994,-51.78799472636118
4323705,Vista Gaúcha,Rio Grande do Sul,43,90.022,-27.258787099999978,-53.691332082807946
4323754,Vitória das Missões,Rio Grande do Sul,43,258.454,-28.37925919999995,-54.46003332573436
4323770,Westfália,Rio Grande do Sul,43,63.665,-29.401938899999948,-51.73613307384146
4323804,Xangri-lá,Rio Grande do Sul,43,60.756,-29.810949299999947,-50.07590054659865
5000203,Água Clara,Mato Grosso do Sul,50,7781.558,-20.14733044999997,-52.93007252486901
5000252,Alcinópolis,Mato Grosso do Sul,50,4397.518,-18.226014549999945,-53.74213175337435
5000609,Amambai,Mato Grosso do Sul,50,4193.742,-23.219244199999963,-55.010108837814315
5000708,Anastácio,Mato Grosso do Sul,50,2913.108,-20.738076999999976,-55.677571024496054
5000807,Anaurilândia,Mato Grosso do Sul,50,3415.657,-22.15269399999997,-52.760820858334085
5000856,Angélica,Mato Grosso do Sul,50,1283.627,-22.058805499999977,-53.8902634561842
5000906,Antônio João,Mato Grosso do Sul,50,1142.531,-22.22318389999998,-56.00075781126973
5001003,Aparecida do Taboado,Mato Grosso do Sul,50,2751.485,-20.072510149999943,-51.33455675854971
5001102,Aquidauana,Mato Grosso do Sul,50,17088.396,-19.545270399999964,-55.975423072061346
5001243,Aral Moreira,Mato Grosso do Sul,50,1653.86,-22.96675124999996,-55.46304866957465
5001508,Bandeirantes,Mato Grosso do Sul,50,3357.926,-19.82451754999994,-54.307475725914486
5001904,Bataguassu,Mato Grosso do Sul,50,2392.476,-21.865460749999954,-52.41792493738299
5002001,Batayporã,Mato Grosso do Sul,50,1826.578,-22.369476849999955,-53.16974815967787
5002100,Bela Vista,Mato Grosso do Sul,50,4909.842,-21.914408549999962,-56.474694978367026
5002159,Bodoquena,Mato Grosso do Sul,50,2589.14,-20.536350049999953,-56.65348791835163
5002209,Bonito,Mato Grosso do Sul,50,5378.939,-20.96689079999996,-56.532855874276926
5002308,Brasilândia,Mato Grosso do Sul,50,5803.542,-21.061174799999947,-52.39615981978444
5002407,Caarapó,Mato Grosso do Sul,50,2115.73,-22.626900399999954,-54.91355397957062
5002605,Camapuã,Mato Grosso do Sul,50,6238.127,-19.32385684999997,-53.960036394706464
5002704,Campo Grande,Mato Grosso do Sul,50,8082.327,-20.875521799999945,-54.34731734083395
5002803,Caracol,Mato Grosso do Sul,50,2928.706,-21.905801349999933,-57.03897070816765
5002902,Cassilândia,Mato Grosso do Sul,50,3658.252,-19.059553799999975,-52.16985207711731
5002951,Chapadão do Sul,Mato Grosso do Sul,50,3252.327,-19.082596149999944,-52.70813122870479
5003108,Corguinho,Mato Grosso do Sul,50,2639.656,-19.810730749999948,-55.09107590737677
5003157,Coronel Sapucaia,Mato Grosso do Sul,50,1023.727,-23.33064989999994,-55.37555738026008
5003207,Corumbá,Mato Grosso do Sul,50,64432.435,-19.057895499999972,-56.56386375158162
5003256,Costa Rica,Mato Grosso do Sul,50,4159.384,-18.498292549999945,-53.22193529345923
5003306,Coxim,Mato Grosso do Sul,50,6388.967,-18.18848314999994,-54.944494865741405
5003454,Deodápolis,Mato Grosso do Sul,50,828.45,-22.139530399999956,-54.115659584274525
5003488,Dois Irmãos do Buriti,Mato Grosso do Sul,50,2430.3,-20.589987099999945,-55.396079409156805
5003504,Douradina,Mato Grosso do Sul,50,280.179,-22.015594299999947,-54.58772045721983
5003702,Dourados,Mato Grosso do Sul,50,4062.889,-22.16027539999996,-54.53467969045632
5003751,Eldorado,Mato Grosso do Sul,50,1012.796,-23.73991874999996,-54.22432616719939
5003801,Fátima do Sul,Mato Grosso do Sul,50,315.737,-22.344064049999957,-54.37061483391136
5003900,Figueirão,Mato Grosso do Sul,50,4880.736,-18.76936619999995,-53.81617956809128
5004007,Glória de Dourados,Mato Grosso do Sul,50,493.105,-22.42964694999995,-54.222688782189195
5004106,Guia Lopes da Laguna,Mato Grosso do Sul,50,1225.426,-21.549879199999936,-55.95801836370413
5004304,Iguatemi,Mato Grosso do Sul,50,2957.41,-23.417771499999958,-54.5551664797101
5004403,Inocência,Mato Grosso do Sul,50,5761.19,-19.660842799999955,-52.02782473343412
5004502,Itaporã,Mato Grosso do Sul,50,1342.389,-22.002931099999955,-54.87677739943459
5004601,Itaquiraí,Mato Grosso do Sul,50,2063.717,-23.38921499999995,-54.09476260061065
5004700,Ivinhema,Mato Grosso do Sul,50,2003.43,-22.359684249999958,-53.83443034610575
5004809,Japorã,Mato Grosso do Sul,50,416.605,-23.824061949999958,-54.52418007479059
5004908,Jaraguari,Mato Grosso do Sul,50,2913.558,-20.248738949999932,-54.329991226802704
5005004,Jardim,Mato Grosso do Sul,50,2129.943,-21.609444749999966,-56.32106105875083
5005103,Jateí,Mato Grosso do Sul,50,1933.316,-22.71217089999996,-53.97782207716884
5005152,Juti,Mato Grosso do Sul,50,1569.176,-22.817551649999956,-54.574806212503226
5005202,Ladário,Mato Grosso do Sul,50,354.255,-19.10875914999994,-57.58084663901866
5005251,Laguna Carapã,Mato Grosso do Sul,50,1725.78,-22.651946699999968,-55.239343540968996
5005400,Maracaju,Mato Grosso do Sul,50,5396.905,-21.46212349999996,-55.410643764799836
5005608,Miranda,Mato Grosso do Sul,50,5470.975,-20.13887959999994,-56.61229643277962
5005681,Mundo Novo,Mato Grosso do Sul,50,478.38,-23.941944649999982,-54.259024544893
5005707,Naviraí,Mato Grosso do Sul,50,3189.667,-23.101899999999972,-53.96028791397747
5005806,Nioaque,Mato Grosso do Sul,50,3909.738,-21.112660249999976,-55.93780641065494
5006002,Nova Alvorada do Sul,Mato Grosso do Sul,50,4025.012,-21.458048099999957,-54.370344436443176
5006200,Nova Andradina,Mato Grosso do Sul,50,4770.685,-22.067903399999977,-53.44116421984375
5006259,Novo Horizonte do Sul,Mato Grosso do Sul,50,849.19,-22.582244249999945,-53.74196008932157
5006275,Paraíso das Águas,Mato Grosso do Sul,50,5061.433,-19.186017549999946,-53.210822075117164
5006309,Paranaíba,Mato Grosso do Sul,50,5405.479,-19.555014849999964,-51.3589853085206
5006358,Paranhos,Mato Grosso do Sul,50,1307.092,-23.72574469999995,-55.30745691096368
5006408,Pedro Gomes,Mato Grosso do Sul,50,3553.782,-17.956770649999953,-54.356436806940636
5006606,Ponta Porã,Mato Grosso do Sul,50,5359.274,-22.199694849999958,-55.52993199228699
5006903,Porto Murtinho,Mato Grosso do Sul,50,17502.903,-21.182127399999956,-57.334971890807466
5007109,Ribas do Rio Pardo,Mato Grosso do Sul,50,17315.283,-20.581402199999957,-53.522616328163984
5007208,Rio Brilhante,Mato Grosso do Sul,50,3983.562,-21.650702749999965,-54.64460285142947
5007307,Rio Negro,Mato Grosso do Sul,50,1828.8,-19.445227449999976,-54.997795956166144
5007406,Rio Verde de Mato Grosso,Mato Grosso do Sul,50,8174.784,-18.78582494999995,-54.97433577918605
5007505,Rochedo,Mato Grosso do Sul,50,1309.574,-19.980924449999947,-54.67388743854181
5007554,Santa Rita do Pardo,Mato Grosso do Sul,50,6142.001,-21.228759249999968,-52.84572919832864
5007695,São Gabriel do Oeste,Mato Grosso do Sul,50,3850.683,-19.151571299999972,-54.4872342389025
5007703,Sete Quedas,Mato Grosso do Sul,50,839.117,-23.873645849999946,-55.128583644472954
5007802,Selvíria,Mato Grosso do Sul,50,3254.917,-20.267329599999954,-51.76124599182631
5007901,Sidrolândia,Mato Grosso do Sul,50,5265.695,-21.08464639999997,-54.89943743003698
5007935,Sonora,Mato Grosso do Sul,50,4185.528,-17.615423049999976,-54.61564756342477
5007950,Tacuru,Mato Grosso do Sul,50,1784.207,-23.634560449999952,-54.96833272221001
5007976,Taquarussu,Mato Grosso do Sul,50,1052.232,-22.669181299999963,-53.41640815194932
5008008,Terenos,Mato Grosso do Sul,50,2845.653,-20.464192149999946,-55.01807577611843
5008305,Três Lagoas,Mato Grosso do Sul,50,10217.071,-20.404905549999967,-52.32574646930714
5008404,Vicentina,Mato Grosso do Sul,50,312.436,-22.489407599999936,-54.42511176757083
5100102,Acorizal,Mato Grosso,51,850.763,-15.19441889999996,-56.31777399476074
5100201,Água Boa,Mato Grosso,51,7549.308,-14.088368449999962,-52.43835383249035
5100250,Alta Floresta,Mato Grosso,51,8955.41,-10.041635799999966,-56.401812253513754
5100300,Alto Araguaia,Mato Grosso,51,5402.308,-17.423637449999944,-53.4558789816808
5100359,Alto Boa Vista,Mato Grosso,51,2248.414,-11.788879299999962,-51.6938361379691
5100409,Alto Garças,Mato Grosso,51,3857.559,-16.842347649999937,-53.65356037634133
5100508,Alto Paraguai,Mato Grosso,51,1847.354,-14.768814649999968,-56.62269463519634
5100607,Alto Taquari,Mato Grosso,51,1436.582,-17.772897799999953,-53.3479663704828
5100805,Apiacás,Mato Grosso,51,20489.024,-8.584873499999958,-58.01504892572031
5101001,Araguaiana,Mato Grosso,51,6380.7,-15.102484049999958,-51.798525168948245
5101209,Araguainha,Mato Grosso,51,675.231,-16.726167149999952,-53.14550016149386
5101258,Araputanga,Mato Grosso,51,1639.733,-15.262616199999968,-58.41189717967193
5101308,Arenápolis,Mato Grosso,51,417.337,-14.504790299999968,-56.873836315434026
5101407,Aripuanã,Mato Grosso,51,24678.135,-10.103419199999934,-59.717893250958184
5101605,Barão de Melgaço,Mato Grosso,51,11374.872,-16.741618849999952,-56.019345217705194
5101704,Barra do Bugres,Mato Grosso,51,5976.865,-15.181086049999976,-57.22897903169002
5101803,Barra do Garças,Mato Grosso,51,8362.915,-15.35730069999994,-52.463972030364104
5101852,Bom Jesus do Araguaia,Mato Grosso,51,4266.636,-12.202527249999946,-51.777556113608846
5101902,Brasnorte,Mato Grosso,51,15968.355,-12.110438649999935,-58.18013867201556
5102504,Cáceres,Mato Grosso,51,24499.922,-16.540866499999964,-57.7921109224947
5102603,Campinápolis,Mato Grosso,51,5978.985,-14.257232899999963,-53.187166993074015
5102637,Campo Novo do Parecis,Mato Grosso,51,9428.585,-13.658178299999946,-57.88660413889716
5102678,Campo Verde,Mato Grosso,51,4771.091,-15.424947099999969,-55.01537953576779
5102686,Campos de Júlio,Mato Grosso,51,6792.808,-13.575483799999944,-59.22725903040353
5102694,Canabrava do Norte,Mato Grosso,51,3449.037,-11.231802999999957,-51.79879508859226
5102702,Canarana,Mato Grosso,51,10855.181,-13.192940449999952,-52.62625532454337
5102793,Carlinda,Mato Grosso,51,2421.788,-10.065036849999956,-55.74857466032134
5102850,Castanheira,Mato Grosso,51,3713.466,-10.934259599999933,-58.63992342287618
5103007,Chapada dos Guimarães,Mato Grosso,51,6603.252,-15.100771849999944,-55.50260410872404
5103056,Cláudia,Mato Grosso,51,3843.561,-11.479047399999956,-55.06718277340268
5103106,Cocalinho,Mato Grosso,51,16563.136,-13.845787099999967,-51.22706715469755
5103205,Colíder,Mato Grosso,51,3112.091,-10.571781899999962,-55.43629414749644
5103254,Colniza,Mato Grosso,51,27960.237,-9.423025649999943,-59.430076946203314
5103304,Comodoro,Mato Grosso,51,21485.018,-13.19480564999995,-59.84310764798414
5103353,Confresa,Mato Grosso,51,5802.303,-10.408326399999964,-51.73713000115559
5103361,Conquista D'Oeste,Mato Grosso,51,2684.676,-14.619747399999966,-59.31283750817193
5103379,Cotriguaçu,Mato Grosso,51,9469.957,-9.465337449999964,-58.62749611608572
5103403,Cuiabá,Mato Grosso,51,4327.22,-15.52987909999996,-55.88641033327666
5103437,Curvelândia,Mato Grosso,51,357.212,-15.622624749999943,-57.876116498182235
5103452,Denise,Mato Grosso,51,1273.178,-14.722221099999956,-56.95445949302058
5103502,Diamantino,Mato Grosso,51,8263.397,-14.136012299999948,-57.20632804129428
5103601,Dom Aquino,Mato Grosso,51,2183.603,-15.672554049999974,-54.81867299594643
5103700,Feliz Natal,Mato Grosso,51,11661.514,-11.849332749999945,-53.9299741477477
5103809,Figueirópolis D'Oeste,Mato Grosso,51,891.448,-15.493809049999953,-58.72444215162514
5103858,Gaúcha do Norte,Mato Grosso,51,16908.375,-12.872581599999961,-53.35528735807674
5103908,General Carneiro,Mato Grosso,51,4514.917,-15.548654299999953,-53.49383586265538
5103957,Glória D'Oeste,Mato Grosso,51,833.13,-15.870118499999933,-58.279239726571106
5104104,Guarantã do Norte,Mato Grosso,51,4725.281,-9.780221099999977,-54.57532324911056
5104203,Guiratinga,Mato Grosso,51,5044.493,-16.37746734999996,-53.65752707237442
5104500,Indiavaí,Mato Grosso,51,592.495,-15.332620349999956,-58.60535724045012
5104526,Ipiranga do Norte,Mato Grosso,51,3422.016,-11.944374349999947,-56.05434667941877
5104542,Itanhangá,Mato Grosso,51,2909.745,-12.143452099999962,-56.73963357635296
5104559,Itaúba,Mato Grosso,51,4521.79,-11.125087249999979,-55.57922554095049
5104609,Itiquira,Mato Grosso,51,8698.814,-17.29801724999996,-54.56116203913186
5104807,Jaciara,Mato Grosso,51,2429.678,-15.966897449999948,-55.17777164899623
5104906,Jangada,Mato Grosso,51,1114.302,-15.328601149999969,-56.58605431953906
5105002,Jauru,Mato Grosso,51,1345.411,-15.300119399999943,-58.85383319475963
5105101,Juara,Mato Grosso,51,22632.713,-11.229415799999941,-57.652577082761596
5105150,Juína,Mato Grosso,51,26397.173,-11.492326299999945,-59.174630807807794
5105176,Juruena,Mato Grosso,51,3207.837,-10.45986554999996,-58.61783066668859
5105200,Juscimeira,Mato Grosso,51,2291.301,-16.20013279999995,-55.01426203235898
5105234,Lambari D'Oeste,Mato Grosso,51,1810.463,-15.452913549999948,-57.71810289311275
5105259,Lucas do Rio Verde,Mato Grosso,51,3674.596,-13.047848799999969,-56.18307183788487
5105309,Luciara,Mato Grosso,51,4282.733,-10.979748549999954,-50.93342835865988
5105507,Vila Bela da Santíssima Trindade,Mato Grosso,51,13484.71,-15.135833949999949,-60.01890314025475
5105580,Marcelândia,Mato Grosso,51,12285.486,-10.922866149999948,-54.07450393329974
5105606,Matupá,Mato Grosso,51,5228.272,-9.981210549999957,-54.16694743774546
5105622,Mirassol d'Oeste,Mato Grosso,51,1085.486,-15.583645349999955,-58.05065427673182
5105903,Nobres,Mato Grosso,51,3908.739,-14.386946899999941,-55.773505129183704
5106000,Nortelândia,Mato Grosso,51,1336.754,-14.389835499999947,-56.70362995100126
5106109,Nossa Senhora do Livramento,Mato Grosso,51,5537.436,-15.921813949999972,-56.32620186146491
5106158,Nova Bandeirantes,Mato Grosso,51,9556.661,-9.697169999999943,-57.970153301177504
5106174,Nova Nazaré,Mato Grosso,51,4034.539,-14.146384599999976,-51.7976133756097
5106182,Nova Lacerda,Mato Grosso,51,4780.426,-14.400854449999969,-59.73968470960189
5106190,Nova Santa Helena,Mato Grosso,51,2385.611,-10.911638849999946,-55.06909531008789
5106208,Nova Brasilândia,Mato Grosso,51,3289.572,-14.74322104999996,-55.22540263071983
5106216,Nova Canaã do Norte,Mato Grosso,51,5953.099,-10.667893099999958,-56.03418087131291
5106224,Nova Mutum,Mato Grosso,51,9536.814,-13.521903399999957,-56.08083167311235
5106232,Nova Olímpia,Mato Grosso,51,1327.266,-14.78231084999996,-57.40096104990534
5106240,Nova Ubiratã,Mato Grosso,51,12460.735,-12.966716549999973,-54.8705121015374
5106257,Nova Xavantina,Mato Grosso,51,5492.206,-14.677328749999958,-52.44486675163846
5106265,Novo Mundo,Mato Grosso,51,5800.759,-9.814051749999948,-55.35557251007791
5106273,Novo Horizonte do Norte,Mato Grosso,51,920.048,-11.386616399999951,-57.277480799009126
5106281,Novo São Joaquim,Mato Grosso,51,5225.595,-15.062753249999957,-53.21359833625171
5106299,Paranaíta,Mato Grosso,51,4814.149,-9.565281899999974,-56.64574654414119
5106307,Paranatinga,Mato Grosso,51,24166.632,-13.340757399999973,-54.28464337519119
5106315,Novo Santo Antônio,Mato Grosso,51,4394.78,-12.30769534999996,-50.97544176438292
5106372,Pedra Preta,Mato Grosso,51,3841.672,-16.790122499999967,-54.23525116133721
5106422,Peixoto de Azevedo,Mato Grosso,51,14433.775,-10.194253399999951,-53.531826908899355
5106455,Planalto da Serra,Mato Grosso,51,2437.59,-14.540684249999941,-54.662713763348734
5106505,Poconé,Mato Grosso,51,17152.347,-16.799957499999948,-56.9605550440055
5106653,Pontal do Araguaia,Mato Grosso,51,2742.482,-15.916390949999936,-52.664728276060785
5106703,Ponte Branca,Mato Grosso,51,701.138,-16.669565199999937,-52.9279099561482
5106752,Pontes e Lacerda,Mato Grosso,51,8545.292,-15.428494049999955,-59.30271687088426
5106778,Porto Alegre do Norte,Mato Grosso,51,3971.732,-10.764945749999953,-51.591939648650595
5106802,Porto dos Gaúchos,Mato Grosso,51,6846.668,-11.771798549999943,-56.694247048302444
5106828,Porto Esperidião,Mato Grosso,51,5835.278,-15.893558299999967,-58.850692063674856
5106851,Porto Estrela,Mato Grosso,51,2045.467,-15.53047264999995,-57.21999846374532
5107008,Poxoréu,Mato Grosso,51,6915.298,-15.808838699999967,-54.254994636948666
5107040,Primavera do Leste,Mato Grosso,51,5470.383,-15.140114199999942,-54.214181668684375
5107065,Querência,Mato Grosso,51,17799.989,-12.22587649999997,-52.71661654035216
5107107,São José dos Quatro Marcos,Mato Grosso,51,1282.763,-15.532127599999939,-58.339014996530736
5107156,Reserva do Cabaçal,Mato Grosso,51,1331.677,-14.934698749999967,-58.50086587429425
5107180,Ribeirão Cascalheira,Mato Grosso,51,11354.555,-12.879601549999933,-51.579287073179756
5107198,Ribeirãozinho,Mato Grosso,51,624.997,-16.45983794999995,-52.73072508999894
5107206,Rio Branco,Mato Grosso,51,539.287,-15.282071249999973,-58.15325865638358
5107248,Santa Carmem,Mato Grosso,51,3812.09,-11.947413949999941,-54.841375631585834
5107263,Santo Afonso,Mato Grosso,51,1166.382,-14.442869549999955,-57.211139325496966
5107297,São José do Povo,Mato Grosso,51,489.737,-16.47131934999993,-54.283766630995636
5107305,São José do Rio Claro,Mato Grosso,51,4525.304,-13.436402999999956,-56.79352975951883
5107354,São José do Xingu,Mato Grosso,51,7465.563,-10.683285349999949,-52.63975306348806
5107404,São Pedro da Cipa,Mato Grosso,51,344.33,-15.968427799999944,-54.749156576550675
5107578,Rondolândia,Mato Grosso,51,12658.342,-10.314462399999968,-61.08770361217843
5107602,Rondonópolis,Mato Grosso,51,4824.505,-16.58443399999996,-54.75068413792964
5107701,Rosário Oeste,Mato Grosso,51,7339.443,-14.873285649999957,-56.289048406412476
5107743,Santa Cruz do Xingu,Mato Grosso,51,5623.39,-10.041913299999948,-52.55285225344623
5107750,Salto do Céu,Mato Grosso,51,1753.378,-15.00240839999995,-58.02888985255987
5107768,Santa Rita do Trivelato,Mato Grosso,51,4747.042,-13.78296494999995,-55.2889678089345
5107776,Santa Terezinha,Mato Grosso,51,6466.223,-10.28857144999995,-50.98750753450304
5107792,Santo Antônio do Leste,Mato Grosso,51,3403.593,-14.768126649999942,-53.66157206037923
5107800,Santo Antônio de Leverger,Mato Grosso,51,9468.659,-16.535084049999938,-55.09148278782928
5107859,São Félix do Araguaia,Mato Grosso,51,16682.473,-11.477705949999944,-52.50274468828347
5107875,Sapezal,Mato Grosso,51,13614.552,-12.958911899999947,-58.6020848955652
5107883,Serra Nova Dourada,Mato Grosso,51,1490.793,-12.07050259999994,-51.33099719900797
5107909,Sinop,Mato Grosso,51,3990.87,-11.742590499999949,-55.404353025293034
5107925,Sorriso,Mato Grosso,51,9293.63,-12.694018549999953,-55.7778222215753
5107941,Tabaporã,Mato Grosso,51,8439.05,-11.068611799999957,-56.77579673973833
5107958,Tangará da Serra,Mato Grosso,51,11636.262,-14.493348399999945,-58.39389760724016
5108006,Tapurah,Mato Grosso,51,4492.539,-12.574382049999969,-56.486967862884285
5108055,Terra Nova do Norte,Mato Grosso,51,2399.737,-10.480902999999955,-54.95621392889488
5108105,Tesouro,Mato Grosso,51,4244.073,-15.925181949999939,-53.42930310836416
5108204,Torixoréu,Mato Grosso,51,2398.383,-16.298721299999954,-52.934506207785105
5108303,União do Sul,Mato Grosso,51,4590.628,-11.535487749999959,-54.35029632706082
5108352,Vale de São Domingos,Mato Grosso,51,1902.108,-15.026616599999954,-58.959279741335095
5108402,Várzea Grande,Mato Grosso,51,724.484,-15.558695699999959,-56.24373982107984
5108501,Vera,Mato Grosso,51,3058.364,-12.472850699999952,-55.31979983901989
5108600,Vila Rica,Mato Grosso,51,7436.383,-10.018108449999971,-51.438338445165456
5108808,Nova Guarita,Mato Grosso,51,1121.928,-10.285245749999945,-55.316903303378254
5108857,Nova Marilândia,Mato Grosso,51,1905.744,-14.294267899999937,-57.28560645485804
5108907,Nova Maringá,Mato Grosso,51,11553.479,-12.75792009999995,-57.104383431048404
5108956,Nova Monte Verde,Mato Grosso,51,5139.307,-9.927327049999946,-57.28593213264095
5200050,Abadia de Goiás,Goiás,52,143.357,-16.791128099999952,-49.45440324494399
5200100,Abadiânia,Goiás,52,1044.555,-16.168527049999966,-48.74507758957022
5200134,Acreúna,Goiás,52,1566.742,-17.42443124999997,-50.327169167039116
5200159,Adelândia,Goiás,52,115.385,-16.38334464999994,-50.18507824097486
5200175,Água Fria de Goiás,Goiás,52,2023.636,-14.895268099999953,-47.78649625252869
5200209,Água Limpa,Goiás,52,458.836,-18.074568349999936,-48.79911977895821
5200258,Águas Lindas de Goiás,Goiás,52,191.817,-15.74688914999993,-48.28028101307477
5200308,Alexânia,Goiás,52,846.876,-16.120086999999955,-48.486441170520536
5200506,Aloândia,Goiás,52,102.094,-17.69355594999996,-49.46378508400809
5200555,Alto Horizonte,Goiás,52,500.342,-14.179501049999942,-49.41358080694107
5200605,Alto Paraíso de Goiás,Goiás,52,2594.998,-14.161914199999956,-47.64853064302544
5200803,Alvorada do Norte,Goiás,52,1268.347,-14.570592749999946,-46.57045268229079
5200829,Amaralina,Goiás,52,1343.742,-13.84157559999997,-49.4921216713211
5200852,Americano do Brasil,Goiás,52,133.834,-16.275761149999965,-49.99687627615562
5200902,Amorinópolis,Goiás,52,406.93,-16.662781799999948,-51.08518415624218
5201108,Anápolis,Goiás,52,935.672,-16.305350199999936,-48.906730700449835
5201207,Anhanguera,Goiás,52,55.569,-18.308699549999943,-48.223433691452215
5201306,Anicuns,Goiás,52,976.038,-16.402808999999962,-49.98848768792417
5201405,Aparecida de Goiânia,Goiás,52,279.954,-16.80924779999995,-49.262450772355635
5201454,Aparecida do Rio Doce,Goiás,52,603.254,-18.219479699999965,-51.29039806581506
5201504,Aporé,Goiás,52,2899.237,-18.806102649999957,-52.02448022575816
5201603,Araçu,Goiás,52,149.776,-16.36634129999996,-49.69262970619317
5201702,Aragarças,Goiás,52,661.677,-15.987781999999953,-52.20280676594137
5201801,Aragoiânia,Goiás,52,218.125,-16.939489449999968,-49.42227445012304
5202155,Araguapaz,Goiás,52,2188.1,-15.136154949999934,-50.39732621850908
5202353,Arenópolis,Goiás,52,1075.535,-16.345777099999964,-51.550179485987314
5202502,Aruanã,Goiás,52,3054.773,-14.716071899999946,-50.936096075426136
5202601,Aurilândia,Goiás,52,565.514,-16.676478999999944,-50.48454240215405
5202809,Avelinópolis,Goiás,52,170.228,-16.488786399999952,-49.76870281371267
5203104,Baliza,Goiás,52,1780.173,-16.34031129999994,-52.47531740446321
5203203,Barro Alto,Goiás,52,1080.268,-14.905393999999944,-48.87163893177417
5203302,Bela Vista de Goiás,Goiás,52,1274.034,-16.97327009999995,-48.91914464238234
5203401,Bom Jardim de Goiás,Goiás,52,1901.137,-16.194858649999958,-52.08662140750084
5203500,Bom Jesus de Goiás,Goiás,52,1405.605,-18.19811809999996,-49.84136834997193
5203559,Bonfinópolis,Goiás,52,121.915,-16.59048494999996,-49.00990316136707
5203575,Bonópolis,Goiás,52,1635.319,-13.540967799999947,-49.858109839728186
5203609,Brazabrantes,Goiás,52,125.326,-16.371683899999937,-49.40202621181365
5203807,Britânia,Goiás,52,1458.459,-15.206163399999951,-51.28095819650878
5203906,Buriti Alegre,Goiás,52,901.932,-18.136131949999935,-48.984852520015245
5203939,Buriti de Goiás,Goiás,52,202.576,-16.168047099999967,-50.45520792183392
5203962,Buritinópolis,Goiás,52,246.075,-14.397133149999974,-46.28396605739606
5204003,Cabeceiras,Goiás,52,1126.434,-15.748640849999958,-46.96520405288375
5204102,Cachoeira Alta,Goiás,52,1657.226,-18.60136559999995,-50.977769410180514
5204201,Cachoeira de Goiás,Goiás,52,424.49,-16.71306199999995,-50.70501726819857
5204250,Cachoeira Dourada,Goiás,52,528.281,-18.481473799999947,-49.59713560637353
5204300,Caçu,Goiás,52,2254.34,-18.732945249999943,-51.123995807180975
5204409,Caiapônia,Goiás,52,8627.961,-16.976127399999967,-51.761933771069145
5204508,Caldas Novas,Goiás,52,1608.523,-17.77126784999993,-48.63130608061411
5204557,Caldazinha,Goiás,52,251.72,-16.72921484999995,-48.98340415442321
5204607,Campestre de Goiás,Goiás,52,272.734,-16.782776299999966,-49.702218905726795
5204656,Campinaçu,Goiás,52,1978.386,-13.889381099999952,-48.55665401474033
5204706,Campinorte,Goiás,52,1064.541,-14.011900749999967,-48.86385181009241
5204805,Campo Alegre de Goiás,Goiás,52,2450.111,-17.53398294999994,-47.750535719642826
5204854,Campo Limpo de Goiás,Goiás,52,156.113,-16.28591474999996,-49.109112181744116
5204904,Campos Belos,Goiás,52,735.126,-12.965388349999955,-46.19980207400505
5204953,Campos Verdes,Goiás,52,443.125,-14.199942549999975,-49.63885166006348
5205000,Carmo do Rio Verde,Goiás,52,419.821,-15.41912444999997,-49.737409533152274
5205059,Castelândia,Goiás,52,299.228,-18.154837699999945,-50.298981133354616
5205109,Catalão,Goiás,52,3826.37,-17.978605449999947,-47.720486475255704
5205208,Caturaí,Goiás,52,205.065,-16.454725999999965,-49.570575517233024
5205307,Cavalcante,Goiás,52,6948.78,-13.641161749999952,-47.71506156890783
5205406,Ceres,Goiás,52,213.07,-15.273206599999952,-49.65927216188632
5205455,Cezarina,Goiás,52,417.08,-17.10453254999996,-49.764154490934544
5205471,Chapadão do Céu,Goiás,52,2184.077,-18.383263599999964,-52.62147692165905
5205497,Cidade Ocidental,Goiás,52,389.985,-16.15387414999995,-47.79824179851441
5205513,Cocalzinho de Goiás,Goiás,52,1785.339,-15.636141949999939,-48.63022074047478
5205521,Colinas do Sul,Goiás,52,1707.519,-13.990483799999964,-48.08785339831524
5205703,Córrego do Ouro,Goiás,52,458.077,-16.360687199999944,-50.594791961132245
5205802,Corumbá de Goiás,Goiás,52,1064.833,-15.95375704999995,-48.76817714800256
5205901,Corumbaíba,Goiás,52,1864.277,-18.109599199999934,-48.541984658024404
5206206,Cristalina,Goiás,52,6153.921,-16.702802349999956,-47.563103748792614
5206305,Cristianópolis,Goiás,52,221.624,-17.23463469999996,-48.743362882868084
5206404,Crixás,Goiás,52,4673.039,-14.631796799999933,-50.01023153884991
5206503,Cromínia,Goiás,52,364.918,-17.250984649999964,-49.37201309097166
5206602,Cumari,Goiás,52,568.365,-18.316482749999977,-48.06669463192647
5206701,Damianópolis,Goiás,52,417.625,-14.555508849999967,-46.20045632920623
5206800,Damolândia,Goiás,52,86.057,-16.250691449999948,-49.327410510175156
5206909,Davinópolis,Goiás,52,482.857,-18.114527899999956,-47.558434472946296
5207105,Diorama,Goiás,52,685.382,-16.19871399999994,-51.52705135082495
5207253,Doverlândia,Goiás,52,3227.558,-16.89893209999994,-52.54639566618975
5207352,Edealina,Goiás,52,598.218,-17.405054999999976,-49.704287484647786
5207402,Edéia,Goiás,52,1469.099,-17.50627959999997,-49.96914253928581
5207501,Estrela do Norte,Goiás,52,301.139,-13.81129704999995,-49.0772529780502
5207535,Faina,Goiás,52,1949.685,-15.44696854999998,-50.34569389894576
5207600,Fazenda Nova,Goiás,52,1279.107,-16.17857669999995,-50.77250077620181
5207808,Firminópolis,Goiás,52,422.34,-16.627022849999946,-50.349475619921236
5207907,Flores de Goiás,Goiás,52,3695.106,-14.585390749999931,-46.92159311781941
5208004,Formosa,Goiás,52,5804.292,-15.286209249999956,-47.248411455820005
5208103,Formoso,Goiás,52,843.42,-13.705385599999943,-48.87742443322314
5208152,Gameleira de Goiás,Goiás,52,588.328,-16.408996649999978,-48.70477613295817
5208301,Divinópolis de Goiás,Goiás,52,828.874,-13.219770399999959,-46.49317426040601
5208400,Goianápolis,Goiás,52,166.642,-16.499545249999954,-49.04074399470416
5208509,Goiandira,Goiás,52,569.917,-18.11698274999995,-48.12710008107855
5208608,Goianésia,Goiás,52,1547.319,-15.296646149999958,-49.19050857414193
5208707,Goiânia,Goiás,52,729.296,-16.642765949999955,-49.26530724431175
5208806,Goianira,Goiás,52,213.772,-16.50110394999996,-49.41434146821872
5208905,Goiás,Goiás,52,3108.423,-15.83899034999996,-50.16261358238451
5209101,Goiatuba,Goiás,52,2479.591,-17.98996589999996,-49.64899708534104
5209150,Gouvelândia,Goiás,52,827.373,-18.505689649999937,-50.15544902253859
5209200,Guapó,Goiás,52,514.178,-16.918984999999935,-49.603658915977825
5209291,Guaraíta,Goiás,52,205.533,-15.68219314999996,-50.04457359519064
5209408,Guarani de Goiás,Goiás,52,1221.054,-13.87915769999995,-46.48252330942988
5209457,Guarinos,Goiás,52,593.188,-14.702492799999959,-49.706551953351436
5209606,Heitoraí,Goiás,52,228.615,-15.733380049999965,-49.792556015128554
5209705,Hidrolândia,Goiás,52,952.122,-17.00608699999995,-49.22483416016014
5209804,Hidrolina,Goiás,52,583.756,-14.736771849999968,-49.37550660205268
5209903,Iaciara,Goiás,52,1547.183,-14.085875949999973,-46.70737363846588
5209937,Inaciolândia,Goiás,52,689.201,-18.498387149999957,-49.927040382085906
5209952,Indiara,Goiás,52,955.419,-17.208573249999944,-50.01240017459176
5210000,Inhumas,Goiás,52,614.887,-16.309506599999963,-49.50472734633847
5210109,Ipameri,Goiás,52,4382.863,-17.450626849999963,-48.017801166113856
5210158,Ipiranga de Goiás,Goiás,52,244.209,-15.146449699999948,-49.66091847830721
5210208,Iporá,Goiás,52,1027.249,-16.45114149999995,-51.12176476910003
5210307,Israelândia,Goiás,52,579.19,-16.35578819999995,-50.89526452588316
5210406,Itaberaí,Goiás,52,1461.916,-16.11573924999996,-49.840504927170215
5210562,Itaguari,Goiás,52,142.652,-15.936497349999968,-49.611177088322236
5210604,Itaguaru,Goiás,52,241.029,-15.763450499999976,-49.60360803785733
5210802,Itajá,Goiás,52,2082.737,-19.140197299999954,-51.16187980393521
5210901,Itapaci,Goiás,52,952.998,-14.920677999999953,-49.5948754672236
5211008,Itapirapuã,Goiás,52,2047.874,-15.739844299999959,-50.757259274407076
5211206,Itapuranga,Goiás,52,1281.404,-15.569418199999944,-49.91888881038271
5211305,Itarumã,Goiás,52,3437.367,-18.891290699999956,-51.241969915009875
5211404,Itauçu,Goiás,52,383.066,-16.216318849999936,-49.66819444547347
5211503,Itumbiara,Goiás,52,2447.014,-18.376748499999962,-49.3844520860456
5211602,Ivolândia,Goiás,52,1260.841,-16.68718474999997,-50.92697155758252
5211701,Jandaia,Goiás,52,863.087,-17.12819799999994,-50.19083253662079
5211800,Jaraguá,Goiás,52,1848.947,-15.720434799999936,-49.35157401436548
5211909,Jataí,Goiás,52,7178.792,-17.90298784999996,-51.7174271157451
5212006,Jaupaci,Goiás,52,528.783,-16.17159069999994,-51.067547870903795
5212055,Jesúpolis,Goiás,52,115.211,-15.952279499999946,-49.41691860944242
5212105,Joviânia,Goiás,52,446.258,-17.786367949999942,-49.578801360320774
5212204,Jussara,Goiás,52,4092.339,-15.513673599999947,-51.4418253072221
5212253,Lagoa Santa,Goiás,52,463.289,-19.18554064999995,-51.29109669633415
5212303,Leopoldo de Bulhões,Goiás,52,476.137,-16.555763049999968,-48.90901413263455
5212501,Luziânia,Goiás,52,3962.107,-16.554320049999944,-48.02458300707503
5212600,Mairipotaba,Goiás,52,468.029,-17.327505049999957,-49.5082037404772
5212709,Mambaí,Goiás,52,858.27,-14.450922549999973,-46.1012360895392
5212808,Mara Rosa,Goiás,52,1695.463,-14.029569349999946,-49.47284778338024
5212907,Marzagão,Goiás,52,225.518,-17.973484299999967,-48.68754481230403
5212956,Matrinchã,Goiás,52,1150.503,-15.310172549999976,-50.81394078542875
5213004,Maurilândia,Goiás,52,389.959,-18.04331579999996,-50.32900122414298
5213053,Mimoso de Goiás,Goiás,52,1380.701,-15.010685099999932,-48.28357448035834
5213087,Minaçu,Goiás,52,2854.137,-13.499664749999965,-48.366125358328524
5213103,Mineiros,Goiás,52,9042.844,-17.556240049999957,-52.744613041828885
5213400,Moiporá,Goiás,52,452.314,-16.508433849999932,-50.70672148454479
5213509,Monte Alegre de Goiás,Goiás,52,3119.86,-13.309990149999948,-47.02934118854786
5213707,Montes Claros de Goiás,Goiás,52,2900.397,-15.848428999999953,-51.66930238005497
5213756,Montividiu,Goiás,52,1869.581,-17.245133399999958,-51.214822402372874
5213772,Montividiu do Norte,Goiás,52,1337.232,-13.105436149999946,-48.73884882335598
5213806,Morrinhos,Goiás,52,2846.299,-17.799883249999965,-49.137001649579446
5213855,Morro Agudo de Goiás,Goiás,52,282.333,-15.309922099999937,-50.00635573989194
5213905,Mossâmedes,Goiás,52,684.882,-16.178259749999967,-50.14594761024206
5214002,Mozarlândia,Goiás,52,1738.516,-14.831990599999955,-50.588044069508456
5214051,Mundo Novo,Goiás,52,2141.534,-13.778068349999955,-50.182498970899275
5214101,Mutunópolis,Goiás,52,955.069,-13.712696199999954,-49.257362646206815
5214408,Nazário,Goiás,52,281.147,-16.583843099999967,-49.8613460917033
5214507,Nerópolis,Goiás,52,204.713,-16.42953714999996,-49.176857660903096
5214606,Niquelândia,Goiás,52,9846.293,-14.477177099999949,-48.42802484723417
5214705,Nova América,Goiás,52,209.432,-15.044201199999975,-49.93485026009196
5214804,Nova Aurora,Goiás,52,307.335,-18.083661999999947,-48.290947845864885
5214838,Nova Crixás,Goiás,52,7308.681,-14.029746399999937,-50.50385595396709
5214861,Nova Glória,Goiás,52,411.753,-15.080307799999957,-49.50795050322597
5214879,Nova Iguaçu de Goiás,Goiás,52,625.625,-14.307469349999963,-49.29454732282137
5214903,Nova Roma,Goiás,52,2136.725,-13.767623449999945,-47.01901951222756
5215009,Nova Veneza,Goiás,52,122.354,-16.35350999999997,-49.306984274040026
5215207,Novo Brasil,Goiás,52,649.349,-16.05443704999996,-50.649096109401135
5215231,Novo Gama,Goiás,52,192.285,-16.12660479999994,-48.07746813721211
5215256,Novo Planalto,Goiás,52,1254.491,-13.241150749999946,-49.62138176759404
5215306,Orizona,Goiás,52,1971.265,-17.020875399999966,-48.202300758064965
5215405,Ouro Verde de Goiás,Goiás,52,208.804,-16.24433389999996,-49.217424625491304
5215504,Ouvidor,Goiás,52,411.318,-18.216355749999934,-47.75691016475558
5215603,Padre Bernardo,Goiás,52,3142.615,-15.373186799999957,-48.250732206680226
5215652,Palestina de Goiás,Goiás,52,1318.047,-16.69654129999998,-51.41478674089502
5215702,Palmeiras de Goiás,Goiás,52,1537.196,-16.83717699999994,-49.9288013566881
5215801,Palmelo,Goiás,52,59.809,-17.306868149999957,-48.398984354422254
5215900,Palminópolis,Goiás,52,393.326,-16.809914549999945,-50.19321004226436
5216007,Panamá,Goiás,52,432.204,-18.210053699999946,-49.39216762141017
5216304,Paranaiguara,Goiás,52,1153.415,-18.80794574999996,-50.60084873292062
5216403,Paraúna,Goiás,52,3786.578,-17.05123219999996,-50.62996759107728
5216452,Perolândia,Goiás,52,1033.657,-17.487884649999955,-52.20409059802812
5216809,Petrolina de Goiás,Goiás,52,530.49,-16.11143279999996,-49.31489982330633
5216908,Pilar de Goiás,Goiás,52,906.048,-14.536033699999962,-49.4771403286386
5217104,Piracanjuba,Goiás,52,2374.232,-17.32373579999995,-49.00278613154142
5217203,Piranhas,Goiás,52,2045.088,-16.370801549999953,-51.848179750532935
5217302,Pirenópolis,Goiás,52,2200.369,-15.826760849999943,-49.0281012897079
5217401,Pires do Rio,Goiás,52,1077.641,-17.308452599999953,-48.285836211936896
5217609,Planaltina,Goiás,52,2558.924,-15.259630099999953,-47.75039984649901
5217708,Pontalina,Goiás,52,1434.289,-17.53763079999996,-49.49274808825004
5218003,Porangatu,Goiás,52,4825.287,-13.279936149999969,-49.21431011115018
5218052,Porteirão,Goiás,52,606.262,-17.92244489999996,-50.13861093618604
5218102,Portelândia,Goiás,52,553.411,-17.338864499999943,-52.67306691423285
5218300,Posse,Goiás,52,2076.99,-14.22344769999998,-46.391583801467696
5218391,Professor Jamil,Goiás,52,356.292,-17.27773519999994,-49.228214944977026
5218508,Quirinópolis,Goiás,52,3786.026,-18.454112849999945,-50.582213377067156
5218607,Rialma,Goiás,52,268.291,-15.316454549999975,-49.53935546303027
5218706,Rianápolis,Goiás,52,157.379,-15.481098649999979,-49.43239183203906
5218789,Rio Quente,Goiás,52,244.655,-17.825610799999964,-48.78147255467606
5218805,Rio Verde,Goiás,52,8374.254,-17.71798924999996,-51.15765811459154
5218904,Rubiataba,Goiás,52,750.659,-15.198075849999952,-49.89499694607254
5219001,Sanclerlândia,Goiás,52,509.402,-16.325941899999947,-50.46262644186859
5219100,Santa Bárbara de Goiás,Goiás,52,140.957,-16.59841574999996,-49.68201950497768
5219209,Santa Cruz de Goiás,Goiás,52,1109.007,-17.386103549999945,-48.61620611720098
5219258,Santa Fé de Goiás,Goiás,52,1164.186,-15.661572699999937,-51.11679933423742
5219308,Santa Helena de Goiás,Goiás,52,1142.337,-17.78896114999995,-50.6075640051218
5219357,Santa Isabel,Goiás,52,812.756,-15.24126389999995,-49.406264542683466
5219407,Santa Rita do Araguaia,Goiás,52,1357.197,-17.24933219999994,-53.03958011991668
5219456,Santa Rita do Novo Destino,Goiás,52,970.448,-14.869245349999943,-49.02340586670604
5219506,Santa Rosa de Goiás,Goiás,52,166.44,-16.070490749999948,-49.488195461717034
5219605,Santa Tereza de Goiás,Goiás,52,789.544,-13.558481549999954,-48.96186777561893
5219704,Santa Terezinha de Goiás,Goiás,52,1206.6,-14.31071819999994,-49.57893827502733
5219712,Santo Antônio da Barra,Goiás,52,450.336,-17.51871209999996,-50.62869632741307
5219738,Santo Antônio de Goiás,Goiás,52,135.022,-16.477779949999956,-49.295242130300664
5219753,Santo Antônio do Descoberto,Goiás,52,943.948,-16.072198249999957,-48.239290826228896
5219803,São Domingos,Goiás,52,3335.999,-13.449894649999948,-46.49672861609828
5219902,São Francisco de Goiás,Goiás,52,416.535,-15.950606199999953,-49.27156110458854
5220009,São João d'Aliança,Goiás,52,3334.455,-14.43240284999996,-47.36667736308218
5220058,São João da Paraúna,Goiás,52,286.979,-16.808338049999946,-50.36668429684468
5220108,São Luís de Montes Belos,Goiás,52,829.62,-16.461675999999954,-50.37173090991024
5220157,São Luiz do Norte,Goiás,52,583.832,-14.909584999999964,-49.25601365615185
5220207,São Miguel do Araguaia,Goiás,52,6150.179,-12.985338699999943,-50.22351424848391
5220264,São Miguel do Passa Quatro,Goiás,52,537.347,-17.001264749999933,-48.65057807771312
5220280,São Patrício,Goiás,52,172.763,-15.364904399999944,-49.838837500487465
5220405,São Simão,Goiás,52,415.015,-19.016583649999944,-50.5878898581103
5220454,Senador Canedo,Goiás,52,247.005,-16.712459349999932,-49.11318386938315
5220504,Serranópolis,Goiás,52,5521.774,-18.223730549999942,-52.2144508808213
5220603,Silvânia,Goiás,52,2349.924,-16.603774249999958,-48.476651326899095
5220686,Simolândia,Goiás,52,346.811,-14.44025204999997,-46.57368042427143
5220702,Sítio d'Abadia,Goiás,52,1611.851,-14.693399899999946,-46.25420913455562
5221007,Taquaral de Goiás,Goiás,52,205.665,-16.048537599999946,-49.605895710404596
5221080,Teresina de Goiás,Goiás,52,784.793,-13.694360299999971,-47.247287671940924
5221197,Terezópolis de Goiás,Goiás,52,107.407,-16.455464999999975,-49.084953975185925
5221304,Três Ranchos,Goiás,52,284.034,-18.36755624999995,-47.7960982021784
5221403,Trindade,Goiás,52,712.69,-16.65113969999996,-49.53642485907416
5221452,Trombas,Goiás,52,802.905,-13.426958349999978,-48.71843534993705
5221502,Turvânia,Goiás,52,482.317,-16.576980299999946,-50.116068123104
5221551,Turvelândia,Goiás,52,935.659,-17.79846434999996,-50.355630172900476
5221577,Uirapuru,Goiás,52,1154.305,-14.13646529999994,-49.97832031944602
5221601,Uruaçu,Goiás,52,2142.484,-14.326394049999948,-49.045564421959824
5221700,Uruana,Goiás,52,522.904,-15.614538149999959,-49.62995325892153
5221809,Urutaí,Goiás,52,623.821,-17.43392609999995,-48.19037055549363
5221858,Valparaíso de Goiás,Goiás,52,61.488,-16.09323329999995,-47.995383439168464
5221908,Varjão,Goiás,52,517.402,-17.085067299999935,-49.59166336188073
5222005,Vianópolis,Goiás,52,954.115,-16.878096949999957,-48.4653024734069
5222054,Vicentinópolis,Goiás,52,733.794,-17.738230999999956,-49.90115118007793
5222203,Vila Boa,Goiás,52,1052.593,-14.993107349999946,-47.06487668916773
5222302,Vila Propício,Goiás,52,2181.593,-15.217442399999953,-48.75247698184948
5300108,Brasília,Distrito Federal,53,5760.783,-15.775902749999943,-47.77963105334209
