{"type": "FeatureCollection", "features": [{"id": "103001", "type": "Feature", "properties": {"DIST_CODE": "103001", "DISTRICT": "Chadiza", "PROVINCE": "Eastern", "Area_km": 1612.44078272}, "geometry": {"type": "Polygon", "coordinates": [[[32.567406532002074, -13.922369863268187], [32.58625449640656, -13.934804089613325], [32.74354624356805, -13.97731155124216], [32.74133582921703, -13.99696140317481], [32.73494225613356, -13.998621877101675], [32.7261718917253, -14.038654113051457], [32.71034245442329, -14.067036790846126], [32.706306924824666, -14.089493369376022], [32.688980107335155, -14.098806554917989], [32.68173088894359, -14.110839361184304], [32.67239009612653, -14.151243740938039], [32.64698218166479, -14.199106603645191], [32.4508248587702, -14.284623383150679], [32.30909633676947, -14.310748101197053], [32.312200281977454, -14.27924303584256], [32.31869081022955, -14.270937676225895], [32.31118858403312, -14.235800017824571], [32.32009176525444, -14.222565636492325], [32.28555437676479, -14.169096758197503], [32.29102209311582, -14.135939713167717], [32.263096198217774, -14.104307089073444], [32.27053343220167, -14.079218684272263], [32.26294029021031, -14.05928924578125], [32.251099953081514, -14.049727833317833], [32.238026570427394, -14.048582158021327], [32.21774247566636, -14.031803199088657], [32.19069918002654, -14.037460742413677], [32.17028253435375, -14.03402504999101], [32.159943486880586, -14.02464004823542], [32.20389988629577, -14.014976054226697], [32.22044236225281, -14.006143746921117], [32.237674107442494, -14.009625977339795], [32.323024724232916, -13.946061216178386], [32.378140150617625, -13.91954426274862], [32.41021381691413, -13.927394541405237], [32.41809642663276, -13.9349886391271], [32.46658235089939, -13.953129599389895], [32.47891101940315, -13.950251950138549], [32.490537419153775, -13.953546099645667], [32.52317442525315, -13.938633421040576], [32.53358477470538, -13.920824188573157], [32.556806179884106, -13.905880401196365], [32.567406532002074, -13.922369863268187]]]}}, {"id": "106001", "type": "Feature", "properties": {"DIST_CODE": "106001", "DISTRICT": "Chama", "PROVINCE": "Eastern", "Area_km": 17446.7394598}, "geometry": {"type": "Polygon", "coordinates": [[[32.97525907495262, -10.334604608826233], [32.992747449954415, -10.337107206275485], [33.00423257705021, -10.32765519478865], [33.01392016268605, -10.331378331993067], [33.012938593338035, -10.33663401721326], [33.029209388210454, -10.343050917585888], [33.03263822081902, -10.349347260563848], [33.03143987092494, -10.414362882223092], [33.039916991986814, -10.423095703063861], [33.0941162122402, -10.426574705775423], [33.12408447364913, -10.419494627795073], [33.144714356014134, -10.42620849521303], [33.168273926591695, -10.418579100975576], [33.187683106283444, -10.431701659658748], [33.207974440567334, -10.415489168604585], [33.214506509613095, -10.416414660784751], [33.197626622842044, -10.460059186667591], [33.19725731644561, -10.480810835254651], [33.20627886328205, -10.49419491081677], [33.20596231494221, -10.504414144347077], [33.21424525617227, -10.511987573114622], [33.21250425377802, -10.522984273302985], [33.22585192532601, -10.541293948698685], [33.2226337072274, -10.548866469926194], [33.22838428329848, -10.56743392131635], [33.221684064902895, -10.581073536431537], [33.223899879925405, -10.597927739102934], [33.21879358366096, -10.599332770128711], [33.21930996672731, -10.616336652808963], [33.226304430989124, -10.622797831872866], [33.23054732768793, -10.642573923609818], [33.22463847475203, -10.653306701435556], [33.22817323400393, -10.654343664984872], [33.22891183781369, -10.666454990986166], [33.22379435123571, -10.671764118274734], [33.23482067996983, -10.715466406152299], [33.23012524886181, -10.737392933635588], [33.23339621693221, -10.755430588231164], [33.228173214241, -10.760717280795658], [33.241106206385865, -10.786992669366333], [33.24775366223324, -10.785593378964881], [33.24242514612367, -10.779633378828343], [33.247806421188194, -10.769993471951999], [33.26242027262074, -10.76631364270891], [33.26848739613332, -10.752475006019008], [33.27634827740185, -10.751282883154316], [33.27355212465463, -10.745996025260796], [33.28515879470668, -10.743767223415215], [33.2855808546682, -10.751075557917254], [33.28901009780684, -10.74755099385629], [33.30689492090307, -10.75045357693858], [33.31238171297915, -10.746410682570952], [33.32092844179745, -10.750142587733619], [33.32509628964418, -10.76662461700183], [33.33965738481672, -10.76341120873667], [33.34741275176861, -10.773414120024059], [33.3549570891889, -10.76807582112405], [33.3605493928867, -10.791916036826171], [33.366667517351225, -10.789969777790935], [33.379750414960796, -10.796230308093579], [33.41383443181144, -10.788201116329173], [33.41782650001829, -10.780196314077948], [33.45116021609584, -10.753455198128059], [33.527647693170366, -10.716800675012328], [33.544841587845625, -10.681465595017928], [33.57748698870131, -10.644752416906886], [33.58353684569582, -10.61516381307036], [33.6119135583226, -10.583023661342846], [33.61810745657966, -10.581890909312147], [33.623055902679035, -10.595033008912301], [33.637828038162944, -10.599147816805221], [33.65388159524685, -10.59035523565183], [33.66239049061861, -10.597849484825582], [33.668666974593, -10.595058916136146], [33.70255322733384, -10.566424194046384], [33.70969805520118, -10.568341097964867], [33.70698273465985, -10.578492621937807], [33.667802709949726, -10.617853804369496], [33.64936505194955, -10.62068534834806], [33.64014622070369, -10.639089747399872], [33.61666701700473, -10.662589137369338], [33.60831245040211, -10.654661833640228], [33.60067810897687, -10.655369637354552], [33.55069476589518, -10.731095054227188], [33.54306042357161, -10.734491637175246], [33.53657843380631, -10.731378103896104], [33.53585821312055, -10.740294047786056], [33.531104752641795, -10.743124450791065], [33.5352820345956, -10.74991731240256], [33.53139284325174, -10.76392710214185], [33.50488870836057, -10.77496466190308], [33.49667818661379, -10.78982227464913], [33.47665604328455, -10.794208667982922], [33.467293167182845, -10.803830209069469], [33.46642890343791, -10.813875901909919], [33.450007862639275, -10.820384198857258], [33.435603441737115, -10.819818265715298], [33.42969762870008, -10.814300361380672], [33.407226730906956, -10.811895088693348], [33.395271063570384, -10.804962134607099], [33.35889480842276, -10.827210392634756], [33.33600066219699, -10.82106023837416], [33.31413413385901, -10.864940188645466], [33.28853660121048, -10.87648891637841], [33.28428609039131, -10.86470828405517], [33.26681175875237, -10.86410532616054], [33.24659820958891, -10.886970505578175], [33.2503732241619, -10.906719827030205], [33.26201812741074, -10.900215696851218], [33.27216735457617, -10.90420211765637], [33.277188555230396, -10.898117560575708], [33.28423959718547, -10.912174797189454], [33.31084125857375, -10.940077489436822], [33.30697812555963, -10.985662682819667], [33.32069191987474, -11.043560768569128], [33.32926834609798, -11.050192748011488], [33.329788128389374, -11.067537212113734], [33.373969715683316, -11.111403921341951], [33.37994722505978, -11.143279657673983], [33.39268191769894, -11.143279657673983], [33.40281769528793, -11.150419346174642], [33.40363108743834, -11.164182329760003], [33.390072321680044, -11.18927400339083], [33.382060323119454, -11.231290122589975], [33.356175407733424, -11.25335369597957], [33.338302490009646, -11.30714545322386], [33.309952345057425, -11.333433257431317], [33.31457465240298, -11.36243768469798], [33.30317296262742, -11.368782010389067], [33.28894796223697, -11.366783061726728], [33.27723793921483, -11.377076287389242], [33.28278025526031, -11.43706017097174], [33.2665913391311, -11.424281963878824], [33.24992699502768, -11.418459820153451], [33.23053794029323, -11.428776286415918], [33.24223794081172, -11.531676286064702], [33.22253793963157, -11.565476286136382], [33.219637939840894, -11.585276285722204], [33.220737940381014, -11.59187628669594], [33.224806546846736, -11.592360745313544], [33.20770655666139, -11.596760754363581], [32.99742214165748, -11.915695929586478], [32.74460178378982, -12.022884291006998], [32.50016218380518, -12.116386380959945], [32.49137597221698, -12.123408889035266], [32.47826868085586, -12.117192194437266], [32.47213335365365, -12.12406326965171], [32.466890435312585, -12.119700702764701], [32.469993386085505, -12.147041036997315], [32.480349632703096, -12.150377390805438], [32.48320879508099, -12.15704068189262], [32.48481110568022, -12.181573186286956], [32.48075935340588, -12.188973009202362], [32.45826146213677, -12.20002024511109], [32.428193192185574, -12.202000361097971], [32.41561143233364, -12.207315336836688], [32.39983092267196, -12.201479277945557], [32.3707222753281, -12.21106701963267], [32.35963326933996, -12.20616897712912], [32.34481238228557, -12.215548128119556], [32.33468299980309, -12.21273441841345], [32.31069235826344, -12.217111285302114], [32.29651122530324, -12.230866688661049], [32.29363234580319, -12.22451011481703], [32.28700464570555, -12.228167492852405], [32.286233650443286, -12.214129686342119], [32.29598395465563, -12.210986421806954], [32.307504371169074, -12.193731160179938], [32.30570558284751, -12.188570276868928], [32.29368322907584, -12.18827758499155], [32.29592420501116, -12.177471711426051], [32.28638094270883, -12.171093904719244], [32.281738228334945, -12.15538625943058], [32.27240614198962, -12.154390932054211], [32.28007113033911, -12.149108955763687], [32.283257450160285, -12.138739826272094], [32.27575274371538, -12.12123742797693], [32.27809253523028, -12.106152242364868], [32.28716824059689, -12.098011041716543], [32.302968504211684, -12.0931725904301], [32.30876919908909, -12.081064913681681], [32.33364483659217, -12.081229583086758], [32.34184420305975, -12.06186608662167], [32.35253966341011, -12.053084083642343], [32.35035375060845, -12.036353241601665], [32.36633975617959, -12.038954398380996], [32.37138836892475, -12.025404490179234], [32.37945336179887, -12.034888306562062], [32.38328502503195, -12.032788648851984], [32.38621954618072, -12.02316701095054], [32.3762398850083, -12.016481208911836], [32.380493524659606, -12.005080205216375], [32.373527537890574, -11.997716696679921], [32.38144623023925, -11.995172227024673], [32.38037272101683, -11.984813364178798], [32.39212242891325, -11.983309309378432], [32.385791831324475, -11.971630399617359], [32.39927915496654, -11.963852952977597], [32.396416119053164, -11.95461018208839], [32.40577428798278, -11.945680910795529], [32.41454201224241, -11.946035910012625], [32.407254321702176, -11.936542466107836], [32.417885421355656, -11.9299486369713], [32.40979612366323, -11.925224448333882], [32.416171960409685, -11.921670114287554], [32.41709428586472, -11.912264246194763], [32.429017047912446, -11.91053713339661], [32.43051812915893, -11.90622204229298], [32.43040120264494, -11.900939775023517], [32.42166319375656, -11.900755638913457], [32.4215205978833, -11.894545934625027], [32.43496783600245, -11.895400665934108], [32.41895369160333, -11.878288390250814], [32.42555991567749, -11.874898835606457], [32.420665000185885, -11.869566138707178], [32.43400883772427, -11.855921092400113], [32.445850428901196, -11.852871632647688], [32.44198487043581, -11.842490518817115], [32.448473513124114, -11.840745872856498], [32.446405720697456, -11.83160368059065], [32.451325684812424, -11.830487064908628], [32.45561867696137, -11.83707113485953], [32.45624564263921, -11.830626651130315], [32.47428363567788, -11.824015258849515], [32.47820722800559, -11.813667411203744], [32.489283034148905, -11.82031273371653], [32.488974109810904, -11.805920250429365], [32.495835121252455, -11.81348088960094], [32.510338442175836, -11.805545060697119], [32.49553145834709, -11.800545963430553], [32.50679745670068, -11.797963488952583], [32.499310579119204, -11.789308456985193], [32.51180816143912, -11.79636594159454], [32.504658373074776, -11.782747221943701], [32.513392341340975, -11.784898869028153], [32.5282477776012, -11.769600154607474], [32.54217731041664, -11.776905037077059], [32.54344767285714, -11.750567006394888], [32.54943720528536, -11.741631259318293], [32.539811209942016, -11.734719795371033], [32.5385990574336, -11.728506321365453], [32.55243200698292, -11.717056439678514], [32.559990205408056, -11.716986634007986], [32.56412585404172, -11.700299642104625], [32.57061448864519, -11.703720920576037], [32.57781618166666, -11.696180128435545], [32.590436939181686, -11.698973066232643], [32.584162233871595, -11.686893493076996], [32.59870821309284, -11.678176822882323], [32.59143524234684, -11.672311217135517], [32.590341938747144, -11.66020721621219], [32.58487532013737, -11.659927876277818], [32.58744226234996, -11.656156909223904], [32.58107245689228, -11.656855230185563], [32.57446499763464, -11.64610070692544], [32.54299629098644, -11.637580548402598], [32.54071458543612, -11.628594581034013], [32.54454524165779, -11.622870645868941], [32.537916145578194, -11.6244047293275], [32.538626500965535, -11.609361684436388], [32.4907294897413, -11.574537344020728], [32.48096797365587, -11.54677467405191], [32.485265957742854, -11.54481191368766], [32.47626933196902, -11.53799567574893], [32.47761700432119, -11.529608976939876], [32.459880105006164, -11.51130019303476], [32.45441518421231, -11.513727092088624], [32.45601920430553, -11.507802459237093], [32.45159437989708, -11.50358843700915], [32.447749668634465, -11.505803658862103], [32.4481152820568, -11.498022847756845], [32.44115837815362, -11.48949217972905], [32.41364101997874, -11.485670473208597], [32.41157591980303, -11.48933108042927], [32.4071212003602, -11.483243247878645], [32.39970696414588, -11.486279651171357], [32.39947224693858, -11.481315727811252], [32.384860067270765, -11.485920216331534], [32.34920636932695, -11.459112582716891], [32.30593627021247, -11.45419327707775], [32.30174779165693, -11.447903342784553], [32.28244367173432, -11.449868066595661], [32.27661454966973, -11.459970532865261], [32.263087992107636, -11.465568797622335], [32.240847904748634, -11.461826821965383], [32.234326375636115, -11.466251839408278], [32.22534726521369, -11.457437318048969], [32.22815319791941, -11.452689563943142], [32.22028439081511, -11.430338719348928], [32.222353440883175, -11.39711757209971], [32.228843938592526, -11.365464981806817], [32.240608759745264, -11.351073761691401], [32.24267400634641, -11.318447485312614], [32.25069809982396, -11.289036810204411], [32.2484762633941, -11.276677813891288], [32.236529327682085, -11.26455783706762], [32.24203200556568, -11.256829350114277], [32.24411892312471, -11.225288691965229], [32.26943421678908, -11.196875121778245], [32.26292943227346, -11.149535008172741], [32.28341234396981, -11.108989766094524], [32.302763473629554, -11.098161908744155], [32.31607869174131, -11.080374522660692], [32.37093590907569, -11.031043992608213], [32.34953794019328, -11.008176285864067], [32.32405700707197, -10.962065093682867], [32.33123280615538, -10.942458852361016], [32.354219353091295, -10.93192718423994], [32.366632313213145, -10.919531198799081], [32.37683532341292, -10.893166320564866], [32.38847551320149, -10.837025496104323], [32.40508079038007, -10.83259249095351], [32.402095011361226, -10.820366651687419], [32.39230013723602, -10.813734937351123], [32.38708427704962, -10.801142639812866], [32.36550907056165, -10.791533604905384], [32.355855381056394, -10.777259408705754], [32.35683024897239, -10.764727403011944], [32.34256636320825, -10.74995993517354], [32.34322187285423, -10.73141877784466], [32.338007278394045, -10.71742372704987], [32.3099379396131, -10.710176287154042], [32.30103793932617, -10.701376287266646], [32.28863794099558, -10.655376286797969], [32.32237102020067, -10.618358777041975], [32.34806277803768, -10.5991333357967], [32.353827277995634, -10.583607701749635], [32.3855882901491, -10.568193597574842], [32.386281078981035, -10.552827407953316], [32.413816846330995, -10.53986907597701], [32.45217208465966, -10.512502332998212], [32.48653115127722, -10.498126932030434], [32.48953288976541, -10.486392734895613], [32.51353240576178, -10.464862591800328], [32.522837845380835, -10.459397440898568], [32.53109804665776, -10.46178403261711], [32.54391720428983, -10.447810968852535], [32.55819539931815, -10.45485202470721], [32.55994304744889, -10.447578990189013], [32.56345971013943, -10.450424027256155], [32.5784855487242, -10.439923235828063], [32.59326903532007, -10.442420965148246], [32.59351705208517, -10.437461489728653], [32.60072984289364, -10.434380748074757], [32.6099893148213, -10.440745058594512], [32.61349539715439, -10.432697841797758], [32.608506525968934, -10.425591426772954], [32.6206321752185, -10.412037767075303], [32.80067873361698, -10.319364791733127], [32.815406491427545, -10.317648864400285], [32.843793828429206, -10.33380381578134], [32.87212686137362, -10.336621097875122], [32.887657913372486, -10.349290149659252], [32.91803571402449, -10.358037958820606], [32.92663014877424, -10.375620502114076], [32.93501577822106, -10.379768667560711], [32.958216065804095, -10.35488427718377], [32.97581936587343, -10.348164483805235], [32.97525907495262, -10.334604608826233]]]}}, {"id": "103010", "type": "Feature", "properties": {"DIST_CODE": "103010", "DISTRICT": "Chasefu", "PROVINCE": "Eastern", "Area_km": 2959.34872578}, "geometry": {"type": "Polygon", "coordinates": [[[33.311095623732975, -12.244367004338994], [33.290500852020855, -12.255057902950202], [33.227465961634664, -12.27028157308477], [33.212981436161996, -12.259348877060184], [33.18275451474849, -12.25307932638027], [33.17598310307, -12.247163054324163], [33.156317164208794, -12.24876721662462], [33.1558648597683, -12.240942875579744], [33.13148695540797, -12.225695666325175], [33.12219402842252, -12.20919076124533], [33.10329514301612, -12.231138934893515], [33.07477668791559, -12.231934687824962], [33.06004225023258, -12.243674240812888], [33.04417473514234, -12.232742157701626], [33.03639090776561, -12.23392422559701], [33.01402037514588, -12.223948632413672], [32.99278215636541, -12.20144176266552], [32.98050240112884, -12.199848382572958], [32.96786665701993, -12.189600888429371], [32.96009742726656, -12.190505464682799], [32.94937335826937, -12.21097732757372], [32.93979648639901, -12.212974523612022], [32.935967895404175, -12.201970029860489], [32.929746434139275, -12.202880932172219], [32.92798326581535, -12.195765952274753], [32.918436977088874, -12.204850443228546], [32.90886549870348, -12.19684920937789], [32.882846192655975, -12.189487861620481], [32.874591736105295, -12.167580532123715], [32.86137712032221, -12.16472557901151], [32.86076016187666, -12.148845741000143], [32.86829353715554, -12.149004462725085], [32.86151687482422, -12.145441993640294], [32.85217608200716, -12.147045267299823], [32.84019704769342, -12.158546726413665], [32.82857453585137, -12.153876494606964], [32.7893366991628, -12.159519157740212], [32.77823670228718, -12.155819156415369], [32.7607367021873, -12.180119155318144], [32.728325166936045, -12.183144019000713], [32.72100989811658, -12.173684741311671], [32.704372887052266, -12.187066558236907], [32.69663960338499, -12.181856923797021], [32.69726662475835, -12.174154647311507], [32.685754320930265, -12.172579197829803], [32.67852887285942, -12.159428684253843], [32.67349007061553, -12.1600792556068], [32.66992488272997, -12.14571985762957], [32.6413558363093, -12.149391106785815], [32.640452655749606, -12.153619947318768], [32.63641210906012, -12.151203471981628], [32.635318783900864, -12.158499294974805], [32.626477115716916, -12.15380582831733], [32.61509429864714, -12.165827004201288], [32.601657250118265, -12.167286475314182], [32.58573889307789, -12.1829527732351], [32.571620744595506, -12.185368958099437], [32.56727121517754, -12.182464889953952], [32.56964800560403, -12.164598354306648], [32.55755013316137, -12.16218198135462], [32.551869596936356, -12.150564499145817], [32.53684826969094, -12.147381220901844], [32.52040086513533, -12.123935315866381], [32.49511717240602, -12.119165424907457], [32.74460178378982, -12.022884291006998], [32.99742214165748, -11.915695929586478], [33.20770655666139, -11.596760754363581], [33.2295274362099, -11.592670026072955], [33.24742741388497, -11.580970014105095], [33.26730914065384, -11.57518952277979], [33.276447341814766, -11.58343814907702], [33.288188955890455, -11.576472079748905], [33.297363075289724, -11.590596148235456], [33.31121095034748, -11.592529694829473], [33.318458388278174, -11.618496104960114], [33.320276688007695, -11.633779126219865], [33.31190208807594, -11.672152536852542], [33.316064902662106, -11.688549702723552], [33.31417998027787, -11.726613806802614], [33.324267837238025, -11.754894488279708], [33.31965545807296, -11.768583198757947], [33.33546153827921, -11.795339982721226], [33.33166558487529, -11.820507496420335], [33.304736693280155, -11.864452800415961], [33.306151190408, -11.872987049377763], [33.31956994025454, -11.884107143038985], [33.32490950204884, -11.906828802763101], [33.3200459521337, -11.937089560421974], [33.311466890253406, -11.949731974636737], [33.31279773266872, -11.962627860716916], [33.307068016376846, -11.977990110851751], [33.310250308152305, -11.993193995669323], [33.3028472397936, -12.014633544880287], [33.29084238610196, -12.028468093030789], [33.283052251653636, -12.054446915983362], [33.27385801089035, -12.063663876234754], [33.274230660816286, -12.082715715910384], [33.25647476392964, -12.136159397198318], [33.27691616717164, -12.156968207413447], [33.28886555079278, -12.162464112363075], [33.30728352311182, -12.16169950096577], [33.31422160820814, -12.200300802867991], [33.311095623732975, -12.244367004338994]]]}}, {"id": "108001", "type": "Feature", "properties": {"DIST_CODE": "108001", "DISTRICT": "Chavuma", "PROVINCE": "North-Western", "Area_km": 4859.52918897}, "geometry": {"type": "Polygon", "coordinates": [[[23.11506194524815, -12.992963313725857], [23.090518713146306, -13.030626021809933], [23.076541838217096, -13.036789051220932], [23.03138421429896, -13.043200726629726], [23.008530072747725, -13.057953876965563], [22.971288835202916, -13.064726618944663], [22.944428662032074, -13.079143591414503], [22.921389880757328, -13.119600404596376], [22.877132369652205, -13.15361387331142], [22.847662845702505, -13.194592411145395], [22.845324642409043, -13.200845028767896], [22.86334073002955, -13.217643997708764], [22.917151313039867, -13.236755466988797], [22.953492469212733, -13.271457686161233], [22.955179993101506, -13.281589802219122], [22.943450521553476, -13.305524663279272], [22.950699739046726, -13.318477068938186], [22.959077933137937, -13.322929299262528], [22.98379657567208, -13.317783206723803], [22.999758801041022, -13.330003912239667], [22.990865948648825, -13.338545513424648], [22.95900202998802, -13.346878909890986], [22.88872204986728, -13.395732627776905], [22.876378392973013, -13.376098636002876], [22.810920838792025, -13.418085702101319], [22.762781639072262, -13.43307454702377], [22.750328326627834, -13.442428349124699], [22.734499917896887, -13.407263389895132], [22.72621278063613, -13.401341451802722], [22.691042474231562, -13.34986222786577], [22.65816270830813, -13.318689898431348], [22.645178146577724, -13.291373746782044], [22.36311412188406, -13.396135392905208], [22.37347169621166, -13.406632132951202], [22.201354786913328, -13.59479392666981], [22.192996024280063, -13.591984842820699], [22.186883575371503, -13.578879664133066], [22.175979855893885, -13.574067546359053], [22.188682289132878, -13.565092914397589], [22.177444296656592, -13.562415933189035], [22.185116694310505, -13.553456336626175], [22.172382425676176, -13.5500209607102], [22.172000396440353, -13.545270157156857], [22.177826325892422, -13.547962807596388], [22.18112131671014, -13.54073591484272], [22.16614263698283, -13.539497880701104], [22.171570616357283, -13.532657628433073], [22.160475885405873, -13.527643384261955], [22.14613391358563, -13.533818319263156], [22.140674095222586, -13.519022967362329], [22.13284251879523, -13.524733833401841], [22.130773202825864, -13.514426317384665], [22.123960367134693, -13.519053920672008], [22.109124945338998, -13.508916409069927], [22.100306461774206, -13.511454695686302], [22.103203507904258, -13.499165417645775], [22.090103129079235, -13.506857899789498], [22.077464368427577, -13.494877952250143], [22.07520403379788, -13.504040963611125], [22.070412765923784, -13.505217270944346], [22.070333176087914, -13.496627000277911], [22.06156244876028, -13.49329915522729], [22.058999677425554, -13.486890985091875], [22.04553318840987, -13.488872272218655], [22.04160148160021, -13.479832515029255], [22.034088262719678, -13.482510422584136], [22.017390452778614, -13.453763898013934], [22.00846054577928, -13.460281317846594], [22.001154260112624, -13.455714498930371], [22.014827681443922, -13.44342235429537], [22.002539111937793, -13.446503190033216], [22.002841550439452, -13.437307008567247], [21.996207005179333, -13.434399329334036], [22.002890502334218, -12.997291326628526], [23.11506194524815, -12.992963313725857]]]}}, {"id": "104001", "type": "Feature", "properties": {"DIST_CODE": "104001", "DISTRICT": "Chembe", "PROVINCE": "Luapula", "Area_km": 2160.20637551}, "geometry": {"type": "Polygon", "coordinates": [[[28.846170137117014, -11.517808568637804], [28.842922861213893, -11.529732482346347], [28.8590470537269, -11.574750567153641], [28.85655159225809, -11.607657067940353], [28.860221367398907, -11.619856506162115], [28.84349584532966, -11.638641819063652], [28.833085883051325, -11.641071619410809], [28.829603223390947, -11.657873408433609], [28.818023175810684, -11.670934460405576], [28.822178873943173, -11.724442562943487], [28.84802892122143, -11.75651893612432], [28.90261828968418, -11.77428363722226], [28.9239618871357, -11.768792375128934], [28.948918206826022, -11.77088651332883], [28.975837278038494, -11.78873344700039], [28.977512916317735, -11.79532944902963], [28.98663979870609, -11.797493183378526], [28.99708788638337, -11.81139721990687], [28.99409140124298, -11.85137865208507], [28.985549808991493, -11.862061437245316], [28.961612174341766, -11.877260191191578], [28.962895642303955, -11.885179788647243], [28.952592247167793, -11.900111269664222], [28.96079217957402, -11.908518585919554], [28.95227137972808, -11.922367420887188], [28.951135821174088, -11.937009425024852], [28.95522390221682, -11.94133462665376], [28.938586354858277, -11.943985521676998], [28.9357817399811, -11.956402530681395], [28.92779571710528, -11.954216805774053], [28.91415292832517, -11.940311465739526], [28.90369504182479, -11.940264959851481], [28.899987244591255, -11.948822176875092], [28.891145578203933, -11.943520453803936], [28.879594364747636, -11.948543143164258], [28.867710402733678, -11.946310847306153], [28.846699557433073, -11.968260938134271], [28.831963442595413, -11.973283169048939], [28.825165815381997, -11.987512306985497], [28.817607615160235, -11.98723331233378], [28.81147549135031, -11.97532923411714], [28.793035280338124, -11.981673080400638], [28.779185036422955, -11.973706061014845], [28.765628890151998, -11.993521720713632], [28.758973871388267, -11.990220328061756], [28.75441042974494, -11.979199896777143], [28.743049361786493, -11.977060858396971], [28.716952178990418, -11.98994133357403], [28.696131478289367, -11.982175923096774], [28.684865479935777, -11.969574087160245], [28.66566099575456, -11.96311018712491], [28.659433799644862, -11.95432089659898], [28.634287336253315, -11.941392213221036], [28.616461391435738, -11.90813755309662], [28.592978681612237, -11.905672361285763], [28.57738692326308, -11.911021335075382], [28.562222986669653, -11.900416307666719], [28.533083510941868, -11.89278787541136], [28.513641346909523, -11.877204738628688], [28.494864687179003, -11.883763720091036], [28.491014284190776, -11.879344566429065], [28.49429425607529, -11.84710583277188], [28.480413789240675, -11.830310410102978], [28.468434754028646, -11.828356305042698], [28.4579768666299, -11.840406396560383], [28.45265285107993, -11.840127249856906], [28.435587481067323, -11.813700072343066], [28.44171960487725, -11.790760331809127], [28.455314859304078, -11.775217917046815], [28.44566508196188, -11.750646077784642], [28.42940782020923, -11.728492314370891], [28.418712252959352, -11.724256833120785], [28.432830401441723, -11.710432889207942], [28.437916738038894, -11.69800471229588], [28.436015303721383, -11.691301642683301], [28.423038014751548, -11.68515702133139], [28.42061368817516, -11.679477779000848], [28.433923724804355, -11.651359163776467], [28.420661224325062, -11.626217594174758], [28.406067717937052, -11.619000611802806], [28.387386127811386, -11.591760647669165], [28.385294550690947, -11.54519045415377], [28.389947932558837, -11.5316934487367], [28.395200655112927, -11.533929107746864], [28.400287000693265, -11.53008655898456], [28.40206959957674, -11.53621132392765], [28.411220270252134, -11.539797626402484], [28.42766770714708, -11.538307219612001], [28.43491693721675, -11.531064667918416], [28.444661806621664, -11.545153705673924], [28.46014426515355, -11.5495828736528], [28.46094286923778, -11.553867597154957], [28.48883696018153, -11.551278140870261], [28.495815236801946, -11.546024642383339], [28.52370933223728, -11.550402563744644], [28.551223134880246, -11.546471750840139], [28.54819454035831, -11.57335008335749], [28.583466210862923, -11.583176070318554], [28.589527045270188, -11.599660598223366], [28.635518071311687, -11.58552773635445], [28.658303259978346, -11.585702478724366], [28.670329831340286, -11.571825070795768], [28.69153082124045, -11.56919387362841], [28.69940856298854, -11.561238568843988], [28.726480284018916, -11.568387201906388], [28.74750008462459, -11.561302482690355], [28.759974278407785, -11.528524630815639], [28.779428380151955, -11.499135475285893], [28.7858081003154, -11.507227141196935], [28.79721672688161, -11.510988488070721], [28.846170137117014, -11.517808568637804]]]}}, {"id": "101001", "type": "Feature", "properties": {"DIST_CODE": "101001", "DISTRICT": "Chibombo", "PROVINCE": "Central", "Area_km": 8210.22858036}, "geometry": {"type": "Polygon", "coordinates": [[[27.954958119409923, -14.539683735098311], [27.994999671596638, -14.562901088885262], [28.03052841657935, -14.56029753934583], [28.053711046877172, -14.572316723985649], [28.069773657182495, -14.573662711658837], [28.098368270554484, -14.594935826609724], [28.120623324744432, -14.591572803133436], [28.16345462828364, -14.596778388170742], [28.210611293864773, -14.593568313859612], [28.16419416364636, -14.643044031168536], [28.11456673577518, -14.654909609114776], [28.118086796792408, -14.682352960831762], [28.086813545583734, -14.711016720029313], [28.05412073703722, -14.794461911375205], [28.054335127166308, -14.864135361352913], [28.06082652139429, -14.880293140980651], [28.084668063258068, -14.867648533138176], [28.072420466810353, -14.839939551702056], [28.09083279321784, -14.834112581685131], [28.115550991085886, -14.835548709265392], [28.125899656820806, -14.798114494239098], [28.1676651254451, -14.802705389948812], [28.18382041583663, -14.796595743126629], [28.194084830377676, -14.797751283306397], [28.21804586164894, -14.783307872034312], [28.240572392107616, -14.796798207700869], [28.256687046308944, -14.796039876310447], [28.266170446677357, -14.801968583382891], [28.266526968250666, -14.808517552626258], [28.251717064897257, -14.810078881305534], [28.246305452827283, -14.82319561028732], [28.18119386501505, -14.890904670819104], [28.178377362731684, -14.9088317961009], [28.187741926767803, -14.927251191582698], [28.188767691431185, -14.949523376139247], [28.1648462102869, -14.997813191051266], [28.164737804293374, -15.06393779496261], [28.159288937291944, -15.104274209984505], [28.283300613967995, -15.098008543944099], [28.290990297004655, -15.091882543431947], [28.31639802102354, -15.095825692850468], [28.331618203831827, -15.108095628879012], [28.34492380907171, -15.136087889213467], [28.34163182581354, -15.150603262599653], [28.3638468798205, -15.155668772210637], [28.356380344588658, -15.166332258068538], [28.333255911646532, -15.161391289099669], [28.330712060628336, -15.173083904355458], [28.346129254758228, -15.176808912822962], [28.343095858741105, -15.191221379953813], [28.32829787872643, -15.188023034794607], [28.32518069684276, -15.201681923990632], [28.34022774195648, -15.205013819030338], [28.337363851745263, -15.2195236753614], [28.31612921724277, -15.215514471596919], [28.31281351396951, -15.228773996295978], [28.335041895382037, -15.233774867360378], [28.33192333907597, -15.248306410660946], [28.31801301134301, -15.24559043482137], [28.31467697560161, -15.261327359850194], [28.2947754840999, -15.259666849212627], [28.28321243084812, -15.307287279217464], [28.30924532391429, -15.303968594666788], [28.27514781975799, -15.31913558258778], [28.276434397687694, -15.338792138998345], [28.24903199063157, -15.343936873297913], [28.202732071693102, -15.322046443784664], [28.189350731288226, -15.323628132644835], [28.172784486807064, -15.308613069021606], [28.161352113276347, -15.309369578977115], [28.15310464382192, -15.302308711918357], [28.14445312023753, -15.301896055679789], [28.14345486737805, -15.296806574302867], [28.127506588353878, -15.294857865887959], [28.122871842934877, -15.288025778703844], [28.100244778419466, -15.2866960189898], [28.086744596292412, -15.278121150380459], [28.075217154055174, -15.283027667970053], [28.053778484303876, -15.27390236976391], [28.04089626943044, -15.276493262191446], [28.02525697403308, -15.269912794075472], [28.009189855981656, -15.270187938854628], [28.00269248256709, -15.262489215417364], [27.975367736663895, -15.295355594711921], [27.9439972598937, -15.278085036192444], [27.904135626783653, -15.264111723033935], [27.897955965925558, -15.25759965639212], [27.886000700135924, -15.257324495115963], [27.854508198912466, -15.236135928122566], [27.846236960933936, -15.246524096344588], [27.84699753484061, -15.253197017989125], [27.837823115404053, -15.256865889588054], [27.835992983963923, -15.267046672728274], [27.82187483817651, -15.26936250083514], [27.823192334321647, -15.277629283704306], [27.816788500681046, -15.285847719144645], [27.812795491938058, -15.280826628284828], [27.804952074816963, -15.293298885585735], [27.796324317960046, -15.29022674367459], [27.79684721201559, -15.298411381068219], [27.78643685986842, -15.304280276649724], [27.777389391246135, -15.305790384402433], [27.768714100035975, -15.299170715350337], [27.76116778542374, -15.30475876073491], [27.753591757236855, -15.300804160010712], [27.73655869423513, -15.269944673725037], [27.71597804942913, -15.255647567760429], [27.715758169695352, -15.243152710382605], [27.708831989971536, -15.231399656250295], [27.699729012651204, -15.222043414406544], [27.677059518010026, -15.214850919283782], [27.67202429734913, -15.20791279357821], [27.670309241893545, -15.185908723853158], [27.6575342903566, -15.167870891282348], [27.658040011318832, -15.160336987827367], [27.65300478886134, -15.159360743223234], [27.64337410341389, -15.139070830365993], [27.631962398321228, -15.131514675778977], [27.629081988091922, -15.11587088028992], [27.632380167030604, -15.108695998813909], [27.627674764622938, -15.106297241661865], [27.62530007355927, -15.091054951004445], [27.615537459732558, -15.090205767291604], [27.614855835162953, -15.080163896774755], [27.606038699969407, -15.074941089145382], [27.61021639604658, -15.062138296780075], [27.601333294866812, -15.037061278885771], [27.59473693519278, -15.030733164216267], [27.594780910420894, -15.02192020973923], [27.588910148747946, -15.016377418300856], [27.56723010886634, -15.01272461808662], [27.55592834678464, -14.98757807477747], [27.252078917911373, -14.883199173173168], [27.223519348716952, -14.855725923052608], [27.20173720182856, -14.804299024217546], [27.190614461406554, -14.601517495257637], [27.153751735294936, -14.574114741933718], [27.189746201056924, -14.37350825140939], [27.196815839934978, -14.38411894561568], [27.211242972044158, -14.378754557841642], [27.226288067813673, -14.387664436029961], [27.22823703738276, -14.372192791870212], [27.232396424896123, -14.369660127773239], [27.236294364932554, -14.38349732868151], [27.245373712069334, -14.38409592218478], [27.25673478002775, -14.396458854135677], [27.265386305408764, -14.386329129115303], [27.259777074756087, -14.380182002776765], [27.268072080360387, -14.37362027957745], [27.271779875797293, -14.382599433244168], [27.282023852767306, -14.380596421857526], [27.28333015590401, -14.389669637689213], [27.802969236965044, -14.394824314994038], [27.954958119409923, -14.539683735098311]]]}}, {"id": "104002", "type": "Feature", "properties": {"DIST_CODE": "104002", "DISTRICT": "Chiengi", "PROVINCE": "Luapula", "Area_km": 3792.88925075}, "geometry": {"type": "Polygon", "coordinates": [[[29.59629912355902, -8.399649883132378], [29.529231277247522, -8.480334155665942], [29.498380510005152, -8.500668091095934], [29.488065230157797, -8.534657431841666], [29.491630418941643, -8.564225232013733], [29.48868319741142, -8.581475971242941], [29.46004284631674, -8.610758127577585], [29.43979257402448, -8.624481889627448], [29.4093220932863, -8.67638797824462], [29.390592967909026, -8.688441194169068], [29.371840075804307, -8.723259421613141], [29.315082270365426, -8.726853833157055], [29.31230142401232, -8.739774627773363], [29.316888632383122, -8.797630794080401], [29.30517104644462, -8.849465810196424], [29.308831305731626, -8.863603502926471], [29.302841790371385, -8.877153571031723], [29.264211934365438, -8.92619130100094], [29.19865035796949, -8.94882167621739], [29.18880328274315, -8.966050235580674], [29.18792434681465, -9.000976560430539], [29.17577845942007, -9.010232201037859], [29.177656125213442, -9.029645205283279], [29.172052586286373, -9.049094153404745], [29.1452118903875, -9.041012129823498], [29.132888367433676, -9.05017473607735], [29.132070749608143, -9.06306537406747], [29.119722882310114, -9.071091013120418], [29.12362082234658, -9.077474980076612], [29.110358319172324, -9.078930132252514], [29.115729872668833, -9.085079259803994], [29.10950267476254, -9.09681394568425], [29.0828376641804, -9.117993156398699], [29.079034796443718, -9.130125696904503], [29.071928187400122, -9.133927297872994], [29.06909980399885, -9.151151328393745], [29.060139296787646, -9.153779445442153], [29.050450190304026, -9.172639970950314], [28.992385150175487, -9.15051273661889], [28.960512359752915, -9.152249176297113], [28.949420547427845, -9.124996426159372], [28.95068432342069, -9.109211144388254], [28.945276081829665, -9.103784471018258], [28.941343481196288, -9.0747855477173], [28.763012478615053, -8.96109887793125], [28.799337939423232, -8.898676287553798], [28.950637938910994, -8.510376287087908], [28.981637938779937, -8.487276287838819], [28.98958929297398, -8.462365676731308], [29.568352065251183, -8.378272531111126], [29.575857552332064, -8.390242933900641], [29.59629912355902, -8.399649883132378]]]}}, {"id": "104012", "type": "Feature", "properties": {"DIST_CODE": "104012", "DISTRICT": "Chifunabuli", "PROVINCE": "Luapula", "Area_km": 3062.5508760100006}, "geometry": {"type": "Polygon", "coordinates": [[[29.866680969411117, -10.872416866274396], [29.90448148817037, -11.003654380812122], [29.90580547464343, -11.031300085639518], [29.81255466990091, -11.40894998318126], [29.813156482750788, -11.429242525732263], [29.826515897076174, -11.455273176096325], [29.744015677801425, -11.471787820326103], [29.722598320580232, -11.454260692914694], [29.66664940044399, -11.43272557326189], [29.65390035003166, -11.423654181680417], [29.644212702412023, -11.40729994958751], [29.661562646130204, -11.333569473732645], [29.68643983861706, -11.263642126305383], [29.67954602429457, -11.259042829936428], [29.665720661017843, -11.263011375175626], [29.637732733856122, -11.259042831698478], [29.58015449706827, -11.262173416313457], [29.567900533361822, -11.266786025691546], [29.543385814685383, -11.258358250202816], [29.524536544130477, -11.26259021817836], [29.516764552955927, -11.247915246325514], [29.507937125764165, -11.252698714680278], [29.50069264868067, -11.250041240795625], [29.480227166995768, -11.254345942048536], [29.473572135655612, -11.223876950981161], [29.476305452147024, -11.214574758859886], [29.465039433132166, -11.2050391181726], [29.466037687788273, -11.198394292780389], [29.461260324936447, -11.196529051099283], [29.45546094070104, -11.178901923951447], [29.46633122218883, -11.155475153173663], [29.454632349056038, -11.148510290994249], [29.433867498412827, -11.113108116640111], [29.427542841382998, -11.109579898127047], [29.419115335172616, -11.078603070617394], [29.42370760285507, -11.069284005689207], [29.4196601795621, -11.06622851141814], [29.422929253983895, -11.051026947263287], [29.42946739923422, -11.037734481175802], [29.38805914927591, -11.001673729306837], [29.395142138017434, -10.957890660440105], [29.359906455819733, -10.917780437936518], [29.361955082689818, -10.88620999321977], [29.358551510707034, -10.881112438847842], [29.371302550887737, -10.87911914098624], [29.384390782693476, -10.8598365221775], [29.401537948804254, -10.847343457269266], [29.418565324571926, -10.84822676570833], [29.431419043986228, -10.842016937870937], [29.437695309669984, -10.829445623226073], [29.464939111077882, -10.81246515214704], [29.477809181626988, -10.809266918229113], [29.48470759981527, -10.812402771440137], [29.497547057576124, -10.794690096013902], [29.51918519284636, -10.787358613363251], [29.52564650608878, -10.790117708840196], [29.53134392704787, -10.783666191143968], [29.541136331704323, -10.786024353785079], [29.547910202970062, -10.775797728856205], [29.579949434146783, -10.771403164400622], [29.587329388853238, -10.777196043795204], [29.586815999871714, -10.76156131711297], [29.602029404891205, -10.740388699028468], [29.60348400371165, -10.714747556639896], [29.610557354428472, -10.715644332661734], [29.615776798892856, -10.709534993987921], [29.645226179918943, -10.70840303682916], [29.65005195298145, -10.714750777441173], [29.655189066850053, -10.710926853701537], [29.6593921591986, -10.715974422592723], [29.672390616069812, -10.715897946294769], [29.692627729839792, -10.724845706202148], [29.69924370961793, -10.732340206713642], [29.706482370109956, -10.733181414211884], [29.71449938126982, -10.745569841989012], [29.73761639412769, -10.750005082032052], [29.744232373905824, -10.763233943119783], [29.759410211029937, -10.772486152945351], [29.75948804555775, -10.777073922197332], [29.772564334261773, -10.775544672959427], [29.778635469650425, -10.795194919699158], [29.81008083267766, -10.80949215266572], [29.813661245210614, -10.826693802303193], [29.83646691726236, -10.855666790940559], [29.866680969411117, -10.872416866274396]]]}}, {"id": "109001", "type": "Feature", "properties": {"DIST_CODE": "109001", "DISTRICT": "Chikankanta", "PROVINCE": "Southern", "Area_km": 2789.5096165300006}, "geometry": {"type": "Polygon", "coordinates": [[[28.58997283782319, -15.906936099806234], [28.575073346384816, -15.924809579105307], [28.560529182658737, -15.927500603200642], [28.55404843885674, -15.957695138942004], [28.54179308096497, -15.97069369558654], [28.53506147722999, -15.96737279897937], [28.536309191345566, -15.974720089945057], [28.533118488644085, -15.972852774924402], [28.525521961800727, -15.98395082435996], [28.532305132426284, -16.000536320847107], [28.524639553883677, -16.0100780322226], [28.531783885880984, -16.02700480535345], [28.52064239402577, -16.039626111802168], [28.521385766991358, -16.044357867904402], [28.50072116294397, -16.04862272023044], [28.48307078576385, -16.062375455114452], [28.48086179793748, -16.05799348471431], [28.477975033924206, -16.067186141748195], [28.467584336017165, -16.068529004754538], [28.463225766852474, -16.061142521058404], [28.451536385318942, -16.08144366858107], [28.439671847576392, -16.07504803539012], [28.43219286977952, -16.08053395977667], [28.43391535609916, -16.084895819385373], [28.423711131377107, -16.086441079187214], [28.427242041348013, -16.097315361800586], [28.414196782250524, -16.11991357794146], [28.420188927877902, -16.130416020980256], [28.466389575790952, -16.152991458035434], [28.404020358589875, -16.243675132004935], [28.106407487169864, -16.334503120710213], [28.04372460432271, -16.31856178383171], [28.05666223267276, -16.312808344260848], [28.052998640636027, -16.29579895476506], [28.039665578389496, -16.27990539595983], [28.037062511326102, -16.267500355739152], [28.042003752936886, -16.26444968301221], [28.041049734918612, -16.245153680833702], [28.03434005726309, -16.227975586268762], [28.027722377872447, -16.226128196049494], [28.028156883992214, -16.218732014170378], [27.980473830807426, -16.17704425894033], [27.98124623103479, -16.162254776914178], [27.958889457011978, -16.13380946776087], [27.94790624291995, -16.111206504843896], [27.892899094968016, -16.078030303419357], [27.904784578728055, -16.049808806267308], [27.90486842478174, -16.03584623925706], [27.914326177350457, -16.028708087992555], [27.903520315848315, -15.986348210278441], [27.944667449808048, -16.017346539806546], [27.9667597813708, -16.02738677714338], [28.00192107407979, -16.02959795036669], [28.0190730892965, -16.023137727715696], [28.051098683148883, -16.024158108421464], [28.102255406552988, -15.970061268104063], [28.161280207629414, -15.931044501704768], [28.091041580554492, -15.874523365304919], [28.082770340779334, -15.859228445646332], [28.072074774427787, -15.853215328874995], [28.07072000358822, -15.845258534003191], [28.03971386912423, -15.837301638960046], [28.016748843127573, -15.7631767306521], [28.020342560608245, -15.762023872893193], [28.02316573917077, -15.729183351746055], [28.041072660823005, -15.742046789872578], [28.080099859645426, -15.746845493888136], [28.095769380657124, -15.762868280044065], [28.120470770147918, -15.776095579197262], [28.175350893623744, -15.787076316927758], [28.187085598756596, -15.81460498483861], [28.224166295682032, -15.838491810856496], [28.233158667933004, -15.839310883818678], [28.250251786006384, -15.831428642654297], [28.252467148278026, -15.818203491321425], [28.27029407225924, -15.804007589901234], [28.27564536425451, -15.793381743249347], [28.30075973443425, -15.805131759583595], [28.340836619157734, -15.78109111817488], [28.380438148670535, -15.787124924700924], [28.428212485061245, -15.813240857027285], [28.430924162035776, -15.833549452599351], [28.44451134869304, -15.847568236378505], [28.450217704295934, -15.847530122943368], [28.458428380552945, -15.835016251666831], [28.474257381273716, -15.847917912810384], [28.496716646782236, -15.850276527334987], [28.514041741303007, -15.871175355362851], [28.52207059136002, -15.867795194222888], [28.536729829273977, -15.87221105798717], [28.537444563050002, -15.878494936570705], [28.54674752960708, -15.880222039032528], [28.556315806396782, -15.893950728101014], [28.56944736215207, -15.895410053380292], [28.579111879051407, -15.908515118119197], [28.58997283782319, -15.906936099806234]]]}}, {"id": "105001", "type": "Feature", "properties": {"DIST_CODE": "105001", "DISTRICT": "Chilanga", "PROVINCE": "Lusaka", "Area_km": 1357.66789159}, "geometry": {"type": "Polygon", "coordinates": [[[28.22474196396389, -15.332605423323676], [28.206073023914012, -15.377256256147053], [28.202149756776453, -15.409807150625827], [28.22952015685903, -15.480736744622305], [28.225554590749677, -15.481583837986484], [28.237309031869327, -15.51487204868341], [28.224236124424042, -15.519558211969123], [28.225764156925678, -15.527693061683525], [28.23659110637912, -15.543416425647221], [28.247360178277095, -15.533739310713445], [28.25275875579228, -15.5457812959736], [28.26536685335005, -15.54491052233185], [28.268361295721505, -15.539030762915278], [28.286427282061084, -15.549096007074224], [28.294224553624346, -15.537419359655786], [28.309300158875878, -15.54010059236457], [28.310053513920913, -15.52119593872865], [28.34948431771565, -15.535548204626632], [28.342426744110146, -15.54788897118562], [28.33936574106772, -15.599882562575385], [28.311021402825467, -15.599517545812475], [28.272042048275054, -15.587709640810703], [28.250075974925515, -15.62613832973355], [28.241178315648217, -15.65519540875078], [28.216384665584496, -15.663385173149635], [28.19101105508852, -15.649978735666279], [28.172650904629382, -15.656696135870085], [28.16341987785519, -15.667694085321019], [28.14352201644552, -15.662900890700385], [28.113528771990243, -15.621320149668652], [28.10370157468451, -15.623397531061663], [28.11629400921695, -15.607303526854254], [28.08472178610532, -15.590100505843521], [28.067051030642975, -15.609277858028195], [28.05031920419706, -15.580185849016132], [27.96050967013654, -15.583803944962574], [27.963455635821994, -15.513020048859554], [27.959345042998233, -15.454771910846967], [27.93303308200086, -15.38472226980278], [27.911518425556284, -15.406105357692319], [27.902345607815917, -15.372932282992272], [27.861943787182803, -15.377504344806999], [27.83683891489057, -15.392858183628164], [27.80846595542506, -15.391340037715837], [27.799285595429527, -15.385295985158486], [27.79563127490487, -15.368881635241491], [27.784341510722136, -15.358023962754922], [27.786272654122683, -15.352179493713724], [27.79126391842007, -15.35238004330383], [27.790134942720442, -15.344959630377044], [27.78288572612549, -15.343527086941823], [27.783925572779275, -15.33705187273547], [27.775428537864183, -15.323269886418473], [27.782915435208597, -15.312495808253756], [27.77777562280085, -15.311091697790134], [27.77757469662126, -15.305835065631067], [27.796728372988337, -15.298548932638518], [27.797845464875067, -15.289447237313079], [27.805023378592637, -15.293253032767948], [27.812557811188626, -15.280895411151766], [27.81685980535502, -15.285801862963629], [27.823192334321647, -15.277629283704306], [27.82187483817651, -15.26936250083514], [27.835992983963923, -15.267046672728274], [27.837823115404053, -15.256865889588054], [27.84699753484061, -15.253197017989125], [27.846236960933936, -15.246524096344588], [27.854508198912466, -15.236135928122566], [27.886000700135924, -15.257324495115963], [27.897955965925558, -15.25759965639212], [27.904135626783653, -15.264111723033935], [27.9439972598937, -15.278085036192444], [27.975367736663895, -15.295355594711921], [28.00269248256709, -15.262489215417364], [28.009189855981656, -15.270187938854628], [28.02525697403308, -15.269912794075472], [28.04089626943044, -15.276493262191446], [28.053778484303876, -15.27390236976391], [28.075217154055174, -15.283027667970053], [28.086744596292412, -15.278121150380459], [28.100244778419466, -15.2866960189898], [28.122871842934877, -15.288025778703844], [28.127506588353878, -15.294857865887959], [28.14345486737805, -15.296806574302867], [28.14445312023753, -15.301896055679789], [28.15310464382192, -15.302308711918357], [28.161352113276347, -15.309369578977115], [28.172784486807064, -15.308613069021606], [28.189350731288226, -15.323628132644835], [28.201020781975153, -15.32161090359416], [28.22474196396389, -15.332605423323676]]]}}, {"id": "102001", "type": "Feature", "properties": {"DIST_CODE": "102001", "DISTRICT": "Chililabombwe", "PROVINCE": "Copperbelt", "Area_km": 1017.98403893}, "geometry": {"type": "Polygon", "coordinates": [[[28.06299972393302, -12.34710933358456], [28.06438579567032, -12.35478196963207], [28.07628292788465, -12.36307492999499], [28.080008003314358, -12.403153859376037], [28.064790068090904, -12.458058468958638], [28.067504459774202, -12.466968445781477], [28.083328805425143, -12.477597984915818], [28.080574632747787, -12.494009296082377], [28.064437275424314, -12.48914900229254], [28.061686607973197, -12.484791230607987], [28.065060069325938, -12.478913196410865], [28.060804317735432, -12.475467388601457], [28.042354082422968, -12.472629629424693], [28.039862910409663, -12.477088952064864], [28.033531183638544, -12.4742005339295], [28.014613854022738, -12.480382717035734], [27.997707625952632, -12.470146566286738], [27.987846739128784, -12.477899727357276], [27.984525177043253, -12.471666813012906], [27.975740790831722, -12.470041479935523], [27.975075985419174, -12.46371224938963], [27.967430901939775, -12.468244098341533], [27.964329491777544, -12.463373414353017], [27.95094245964706, -12.462780457016837], [27.942879876952844, -12.47505231508953], [27.92728065360367, -12.480854509335227], [27.920497675217593, -12.47742402834047], [27.921473643569804, -12.481256846162697], [27.91249473616666, -12.476301701618064], [27.89990822243022, -12.478822452340463], [27.879791878167055, -12.461578617093725], [27.84813091587838, -12.465165643200963], [27.844553777704604, -12.455728449388216], [27.847695151218876, -12.447315645290574], [27.842718719005166, -12.442547257013329], [27.833854449208644, -12.457945494633087], [27.829251250825813, -12.458644011919581], [27.824057099326534, -12.450626130624684], [27.828535888229087, -12.443169885866984], [27.816037295304465, -12.431536630264203], [27.81320771894048, -12.421001588647043], [27.820172830750398, -12.422197263954116], [27.818377137125, -12.414518272945056], [27.79578462810364, -12.436932548929926], [27.796392694126215, -12.448111674155534], [27.788885422991164, -12.446193327698792], [27.78141511214019, -12.452934447196197], [27.777666982347043, -12.44971951577065], [27.78626523044517, -12.443515388669487], [27.785530572036162, -12.436859403301643], [27.774238568353393, -12.437762820809406], [27.772271953177192, -12.431325241953136], [27.76584212588551, -12.433530974711454], [27.765650350843725, -12.414802468827034], [27.75694051941087, -12.407508393037775], [27.761010434721925, -12.400619933249438], [27.757457245633635, -12.39676980896487], [27.748342554282022, -12.40020370572268], [27.73989374991456, -12.391322305082163], [27.723038757256674, -12.397664707800473], [27.735525514877402, -12.416160332886221], [27.733485230661397, -12.427428751201822], [27.72545726903822, -12.43038363786914], [27.720838660056675, -12.426055341049283], [27.71992239643318, -12.432755850745695], [27.707089375101333, -12.438935978645512], [27.69761776601932, -12.426627597111496], [27.6902929831427, -12.42766805817641], [27.690697843959754, -12.410156551014442], [27.678978190099503, -12.409927635654117], [27.669840318620285, -12.402040201041656], [27.656637900162128, -12.40594366866758], [27.65916044763339, -12.421356987775445], [27.669381672073886, -12.426795825840678], [27.654967125361836, -12.426795825840678], [27.649856509099152, -12.437337247874462], [27.632051264160694, -12.431450741008565], [27.63020706240826, -12.443935468032288], [27.619416421960306, -12.432608959709981], [27.6318589321634, -12.42458958764758], [27.62041467841304, -12.408271542957634], [27.609624038863416, -12.408317968719205], [27.604406980324423, -12.419924078294024], [27.596848778306004, -12.42340580786057], [27.59139403901758, -12.4205275802662], [27.594388799392643, -12.40037909410446], [27.590015500552244, -12.390501589004856], [27.58170861023671, -12.3881917532589], [27.574293017566305, -12.399380912814264], [27.568077706167834, -12.399241631604081], [27.564179765233074, -12.380913897712176], [27.55753663028221, -12.372103590633975], [27.56885016209075, -12.35957828295891], [27.567899446279476, -12.351092306569242], [27.555492589311683, -12.357453911236174], [27.540245464231376, -12.34218812028412], [27.536834766811783, -12.35402934527834], [27.530655106851988, -12.357511955396532], [27.519305921808147, -12.342942721589026], [27.501444325551898, -12.340992360077834], [27.504201406075822, -12.336627205364927], [27.51927027126777, -12.33551268509471], [27.513280753212573, -12.31954899504316], [27.53514724471964, -12.306382574810888], [27.516928215100055, -12.298247675344395], [27.52090934182677, -12.291164715947069], [27.532782834874382, -12.282301404961744], [27.558185937061136, -12.27979185205223], [27.5728736560612, -12.26676071999901], [27.584406473817108, -12.2725237771279], [27.622770103308824, -12.264075255963409], [27.62238286923425, -12.268156730437024], [27.63504823079809, -12.270277175336203], [27.65092291534262, -12.284833745672287], [27.668828844356458, -12.280110671845254], [27.684648758618092, -12.28597160081743], [27.70036344332906, -12.278911046718218], [27.721725592787806, -12.286519986991218], [27.728986621330424, -12.279665096984864], [27.76269723187365, -12.29321894305557], [27.770881067368283, -12.272078300907772], [27.8023295098203, -12.26323645168433], [27.81507779396971, -12.251191408906298], [27.81286594590748, -12.2354907673596], [27.81819448627156, -12.231305081143883], [27.812282823405408, -12.221675787683246], [27.841599852047437, -12.236080294597715], [27.903913616246022, -12.236551915967857], [27.931963858640664, -12.241169831571014], [27.927841780855978, -12.2514665082898], [27.932185042728232, -12.257322070946449], [27.929651473826777, -12.27152815013562], [27.942279108843653, -12.279819587587518], [27.94319400972285, -12.291293564112587], [27.951578922314052, -12.296883018170197], [27.961019489213097, -12.314495398762103], [27.945808010181583, -12.34225239495111], [27.948592926801236, -12.353478115772763], [27.955881970204302, -12.359095705614926], [27.965795065315827, -12.361275925883852], [27.990889476726558, -12.338520203932012], [27.997555180052302, -12.33865770534289], [28.009227700207948, -12.348960385855687], [28.019372033351683, -12.344805967853064], [28.042918151657837, -12.355324468678024], [28.056621550668474, -12.344835433181599], [28.06299972393302, -12.34710933358456]]]}}, {"id": "107001", "type": "Feature", "properties": {"DIST_CODE": "107001", "DISTRICT": "Chilubi", "PROVINCE": "Northern", "Area_km": 5174.6320673}, "geometry": {"type": "Polygon", "coordinates": [[[30.7273508693294, -11.030361614616165], [30.730263794978708, -11.044986515057317], [30.723204722084983, -11.063694712357064], [30.716858686049733, -11.065537474037466], [30.706876155658325, -11.083171429216842], [30.691403238133045, -11.08597037186136], [30.6986762232521, -11.090098760714625], [30.692900615625636, -11.11624388740004], [30.680921581311903, -11.123776793926853], [30.681325636340194, -11.132102411982222], [30.674361633949623, -11.141617109777343], [30.657985533169718, -11.139938066872098], [30.664284033055065, -11.145768032891954], [30.659982037990346, -11.162021360657517], [30.649001255637792, -11.173540382560178], [30.64001698169912, -11.17312066820669], [30.634788036652264, -11.190375055613428], [30.61069141187539, -11.208840034112884], [30.62666918438696, -11.231550699770423], [30.625691349335575, -11.249660954609213], [30.61948792175001, -11.25476607588781], [30.622102392925957, -11.267726613819123], [30.642614111796796, -11.275838307338562], [30.64396888443299, -11.282224940689753], [30.65200244435701, -11.286117455834924], [30.653380982822352, -11.295277472109474], [30.629351608622578, -11.316043754748375], [30.62542990275697, -11.327020610320053], [30.61189153863709, -11.328971359277627], [30.611397130159208, -11.340336175988659], [30.5988429476882, -11.34456185734628], [30.596062101335093, -11.353859821058697], [30.60414213380373, -11.354598220636063], [30.607435265108826, -11.364433275771194], [30.594361497077482, -11.391461053918752], [30.581290548857798, -11.40012958491766], [30.54922554232063, -11.405477557560099], [30.546434672565614, -11.416351039395755], [30.540944281838488, -11.418403062601714], [30.548332149804274, -11.426497591092678], [30.542655571556406, -11.441930729237813], [30.52019488491311, -11.469185230324092], [30.521834870855354, -11.474286420049802], [30.470995277899366, -11.506149310717955], [30.367163249764534, -11.440680468107546], [30.110406435694326, -11.230171253204453], [29.99695227227695, -11.235112904746172], [29.815864639227698, -11.437589181638113], [29.811648715343605, -11.4235487914373], [29.814661011731342, -11.399098138383836], [29.90580547464343, -11.031300085639518], [29.90448148817037, -11.003654380812122], [29.872888511280692, -10.892277426300673], [29.94683702956208, -10.839460608955662], [29.984120021699614, -10.828375689278058], [29.995873117142974, -10.804675514205597], [29.99696280861691, -10.77103334540901], [30.012296312999975, -10.749699203218317], [30.02100265088469, -10.724184097825372], [30.070133650865248, -10.674276536086056], [30.09197995363461, -10.690773974313567], [30.09746732512406, -10.723851519897579], [30.11034902705945, -10.726987009879748], [30.116653668726418, -10.737731544147733], [30.122919389087077, -10.758722430350895], [30.117393099884545, -10.782273305132808], [30.1225302164481, -10.795653665401815], [30.129963462810466, -10.800585134377926], [30.132065009433926, -10.823062424751061], [30.14058794727022, -10.813238372889911], [30.14303975420945, -10.789651691373574], [30.149227639144005, -10.778909006968048], [30.167791300235812, -10.77003931297908], [30.18861217880329, -10.74231983861084], [30.199392335013588, -10.743696314328952], [30.204762954262176, -10.736775638379765], [30.216785803005575, -10.73841717505975], [30.231037939704155, -10.727776285079647], [30.249407814426238, -10.741619800581962], [30.311301270378117, -10.745266541945806], [30.32511806642202, -10.771399638862842], [30.32878445401589, -10.79716309401381], [30.35537298023808, -10.797831153265602], [30.38062898509372, -10.809023196058428], [30.443300145824722, -10.81979286034387], [30.443803496132944, -10.823480798107767], [30.46417117463956, -10.813961274916233], [30.482234799308273, -10.811509951279936], [30.495663676761314, -10.79645138290265], [30.509449073092778, -10.789914095374437], [30.531315562803183, -10.793299491835283], [30.549022668593505, -10.807891296423252], [30.568660915089417, -10.852362727679246], [30.565392827017806, -10.87459596425444], [30.57591013527766, -10.923608266956611], [30.552676986423204, -10.952836754610935], [30.54867715767062, -10.965914220622981], [30.559594014110925, -10.980251740245059], [30.552098792977105, -10.992663467685558], [30.56362566388586, -11.003489478036784], [30.566602739127894, -11.01869751478202], [30.592930058621707, -11.024548857623733], [30.601263922650254, -11.018000970053368], [30.61067401869485, -11.028350464947314], [30.627237940132684, -11.031776287343487], [30.7273508693294, -11.030361614616165]]]}}, {"id": "102002", "type": "Feature", "properties": {"DIST_CODE": "102002", "DISTRICT": "Chingola", "PROVINCE": "Copperbelt", "Area_km": 1730.28255976}, "geometry": {"type": "Polygon", "coordinates": [[[27.51904702824156, -12.294299281318454], [27.517083620949258, -12.298394160060509], [27.535432458924014, -12.305639478199252], [27.513280753212573, -12.31954899504316], [27.51927027126777, -12.33551268509471], [27.504201406075822, -12.336627205364927], [27.501634471049783, -12.341596046334011], [27.519305921808147, -12.342942721589026], [27.530655106851988, -12.357511955396532], [27.536834766811783, -12.35402934527834], [27.540245464231376, -12.34218812028412], [27.555492589311683, -12.357453911236174], [27.567899446279476, -12.351092306569242], [27.56885016209075, -12.35957828295891], [27.55753663028221, -12.372103590633975], [27.564179765233074, -12.380913897712176], [27.568077706167834, -12.399241631604081], [27.574293017566305, -12.399380912814264], [27.58170861023671, -12.3881917532589], [27.590015500552244, -12.390501589004856], [27.594388799392643, -12.40037909410446], [27.59139403901758, -12.4205275802662], [27.596848778306004, -12.42340580786057], [27.604406980324423, -12.419924078294024], [27.609624038863416, -12.408317968719205], [27.62041467841304, -12.408271542957634], [27.6318589321634, -12.42458958764758], [27.619416421960306, -12.432608959709981], [27.63020706240826, -12.443935468032288], [27.632051264160694, -12.431450741008565], [27.649856509099152, -12.437337247874462], [27.654967125361836, -12.426795825840678], [27.669381672073886, -12.426795825840678], [27.65916044763339, -12.421356987775445], [27.656637900162128, -12.40594366866758], [27.669840318620285, -12.402040201041656], [27.678978190099503, -12.409927635654117], [27.690697843959754, -12.410156551014442], [27.6902929831427, -12.42766805817641], [27.69761776601932, -12.426627597111496], [27.707089375101333, -12.438935978645512], [27.71992239643318, -12.432755850745695], [27.720838660056675, -12.426055341049283], [27.72545726903822, -12.43038363786914], [27.733485230661397, -12.427428751201822], [27.735525514877402, -12.416160332886221], [27.723038757256674, -12.397664707800473], [27.73989374991456, -12.391322305082163], [27.748342554282022, -12.40020370572268], [27.757457245633635, -12.39676980896487], [27.761010434721925, -12.400619933249438], [27.75694051941087, -12.407508393037775], [27.765650350843725, -12.414802468827034], [27.76584212588551, -12.433530974711454], [27.772271953177192, -12.431325241953136], [27.774238568353393, -12.437762820809406], [27.785530572036162, -12.436859403301643], [27.78626523044517, -12.443515388669487], [27.777666982347043, -12.44971951577065], [27.78141511214019, -12.452934447196197], [27.788885422991164, -12.446193327698792], [27.796392694126215, -12.448111674155534], [27.79578462810364, -12.436932548929926], [27.818377137125, -12.414518272945056], [27.820172830750398, -12.422197263954116], [27.81320771894048, -12.421001588647043], [27.816037295304465, -12.431536630264203], [27.828535888229087, -12.443169885866984], [27.824057099326534, -12.450626130624684], [27.829251250825813, -12.458644011919581], [27.833854449208644, -12.457945494633087], [27.842718719005166, -12.442547257013329], [27.847695151218876, -12.447315645290574], [27.844553777704604, -12.455728449388216], [27.84813091587838, -12.465165643200963], [27.879791878167055, -12.461578617093725], [27.89990822243022, -12.478822452340463], [27.91249473616666, -12.476301701618064], [27.921473643569804, -12.481256846162697], [27.920497675217593, -12.47742402834047], [27.92728065360367, -12.480854509335227], [27.942879876952844, -12.47505231508953], [27.95094245964706, -12.462780457016837], [27.964329491777544, -12.463373414353017], [27.967430901939775, -12.468244098341533], [27.975075985419174, -12.46371224938963], [27.975740790831722, -12.470041479935523], [27.984525177043253, -12.471666813012906], [27.987846739128784, -12.477899727357276], [27.997707625952632, -12.470146566286738], [28.014613854022738, -12.480382717035734], [28.033531183638544, -12.4742005339295], [28.039862910409663, -12.477088952064864], [28.042354082422968, -12.472629629424693], [28.060804317735432, -12.475467388601457], [28.065060069325938, -12.478913196410865], [28.061686607973197, -12.484791230607987], [28.064437275424314, -12.48914900229254], [28.079838421151628, -12.492898649870394], [28.080412273938283, -12.50263347670292], [28.088295567274837, -12.506185615018431], [28.086967248227168, -12.516531642026901], [28.094763910732667, -12.519068750349208], [28.081394075949984, -12.529301505393349], [28.068428510892897, -12.550244964655024], [28.04954566221095, -12.600631968196598], [28.0299878005599, -12.606324234662893], [28.005720748305627, -12.59894813624991], [27.98913073709699, -12.602775385377932], [27.977855269601996, -12.5983821954267], [27.97422454332827, -12.604424079086577], [27.972909682840182, -12.609771462922133], [27.99938961981254, -12.639829787307423], [27.956239394584497, -12.672202728748383], [27.95672997623924, -12.676217098195114], [27.950671016615953, -12.675207836048418], [27.952061603285895, -12.695750665706582], [27.975911371921022, -12.761757352803832], [27.95593140359608, -12.750691023331656], [27.93152319995951, -12.76113972302965], [27.91796615357666, -12.752091390018863], [27.902231058244137, -12.75869928496319], [27.896981725931926, -12.739514747254777], [27.88363978743207, -12.732063529796822], [27.880359849683515, -12.72437886110304], [27.846508651001745, -12.713389963817692], [27.83529854941838, -12.70035350028941], [27.803289074037117, -12.706083886871584], [27.778253699008534, -12.695418675219807], [27.786857686443053, -12.710420122998062], [27.782965886391583, -12.716731780784354], [27.76070446943446, -12.72198818236594], [27.750754208324693, -12.734624613407808], [27.74185051326703, -12.736190193864648], [27.707785205628834, -12.573496198058102], [27.699520619674978, -12.577953075614102], [27.60553984662752, -12.541576562108165], [27.59082378578026, -12.520053267605986], [27.582408262197433, -12.516209112334794], [27.572565887854967, -12.51665847926837], [27.557194632670406, -12.527860377270919], [27.54578093870767, -12.547694034375308], [27.52910805881239, -12.536094612012231], [27.510271609013188, -12.543168651761016], [27.492248160597264, -12.52898250199059], [27.48749188120515, -12.491198313119002], [27.456609239939908, -12.463390823063884], [27.431079150107934, -12.453080259205844], [27.38149925659003, -12.404523045774535], [27.354950486209013, -12.388598391577426], [27.330017930551243, -12.385534061050226], [27.29837277681492, -12.368184974341501], [27.305436606288076, -12.350775834376456], [27.306118706964774, -12.327933993380013], [27.33377994290877, -12.313657224801842], [27.3563848208333, -12.320646894245877], [27.36279228815926, -12.306610288018224], [27.36250707395485, -12.287567751886513], [27.3930726269928, -12.283387499587178], [27.40909220799602, -12.267827085159404], [27.428709479728376, -12.257865457804087], [27.440792854260675, -12.264984247410869], [27.449756280996574, -12.248454484670294], [27.462068068359514, -12.249848095382022], [27.460404310299918, -12.265641826792884], [27.474379853027532, -12.25588698832275], [27.47647142924964, -12.260578647167724], [27.47789750566151, -12.267917905202335], [27.464444857887703, -12.265827630045964], [27.464159642784995, -12.273073844186529], [27.447379489671757, -12.269636560401809], [27.47281116816601, -12.289562878828137], [27.465011958936675, -12.303467427922241], [27.47463450115607, -12.295059997582532], [27.480345207299905, -12.277071272203232], [27.503614401055096, -12.285661347873175], [27.48510412863725, -12.312382473789823], [27.49986932194066, -12.314727371169223], [27.50851802481506, -12.298962315060955], [27.51904702824156, -12.294299281318454]]]}}, {"id": "106002", "type": "Feature", "properties": {"DIST_CODE": "106002", "DISTRICT": "Chinsali", "PROVINCE": "Muchinga", "Area_km": 6287.405735820001}, "geometry": {"type": "Polygon", "coordinates": [[[32.339138426220025, -9.748900905427247], [32.366162043365264, -9.74701408809804], [32.37062038840857, -9.75387858793641], [32.38255738785519, -9.750734760897576], [32.39146760198689, -9.756965237819713], [32.402233362694766, -9.748263117008015], [32.41522478485897, -9.755419813360582], [32.43240923913886, -9.750270736273784], [32.43534968108364, -9.75791270673242], [32.44553589907584, -9.75946523401951], [32.463081863273864, -9.77481447217444], [32.477128206720614, -9.77444497183818], [32.48068688810852, -9.789279378695156], [32.49761610227013, -9.795830667204902], [32.50158106920319, -9.811569329967632], [32.52881224389145, -9.843219328588999], [32.537626841344334, -9.865470981273905], [32.54489156286109, -9.869266228373926], [32.54909259177944, -9.883136046833249], [32.56120544362946, -9.89487053563334], [32.559611383157794, -9.90221501573205], [32.53526228956524, -9.905378987417452], [32.53048908321825, -9.922659420656887], [32.508755618730056, -9.917213673967082], [32.506022109999165, -9.922589762198811], [32.48708451079729, -9.930182996403579], [32.480795927414334, -9.939017594828853], [32.47879097124353, -9.951620528335669], [32.4909584622224, -9.96633580888716], [32.4957295997493, -10.001543779270063], [32.473725489934004, -10.01597753776022], [32.46782630107388, -10.049677455244758], [32.46184736786771, -10.057258287351097], [32.449918348155705, -10.056493430754418], [32.4433336602922, -10.0883726671757], [32.45423045286066, -10.095745702632902], [32.461122557689116, -10.112263064829834], [32.472878702014555, -10.119191660250433], [32.49244993329197, -10.142991369708225], [32.52211546424679, -10.145230538325333], [32.49602650912036, -10.214059230151543], [32.49624249735235, -10.240526700102128], [32.48127097090963, -10.271276838242205], [32.4678624834169, -10.28515314325029], [32.46427567218415, -10.30566743782323], [32.45674775596727, -10.318399875961855], [32.50179524732985, -10.30760929189138], [32.51165578920065, -10.317617884927188], [32.53256614895358, -10.35885778710001], [32.54151099313948, -10.362586821140406], [32.543969806039605, -10.352005279301755], [32.55927085968137, -10.35520133160649], [32.52703059003562, -10.424994313302884], [32.53273924173239, -10.4320428077677], [32.538498214356444, -10.426987210304791], [32.55487060689085, -10.429687497600776], [32.56416619558451, -10.43660022092271], [32.56140066640534, -10.440102985725186], [32.56741473272229, -10.448163052821657], [32.55994304744889, -10.447578990189013], [32.55819539931815, -10.45485202470721], [32.54391720428983, -10.447810968852535], [32.53109804665776, -10.46178403261711], [32.52237987796078, -10.459634121842132], [32.48953288976541, -10.486392734895613], [32.48653115127722, -10.498126932030434], [32.45217208465966, -10.512502332998212], [32.413816846330995, -10.53986907597701], [32.386281078981035, -10.552827407953316], [32.3855882901491, -10.568193597574842], [32.353827277995634, -10.583607701749635], [32.34806277803768, -10.5991333357967], [32.296237939827485, -10.643176287954487], [32.287837940031096, -10.658476287948389], [32.30103793932617, -10.701376287266646], [32.3099379396131, -10.710176287154042], [32.338007278394045, -10.71742372704987], [32.34322187285423, -10.73141877784466], [32.34256636320825, -10.74995993517354], [32.35683024897239, -10.764727403011944], [32.355855381056394, -10.777259408705754], [32.36550907056165, -10.791533604905384], [32.38708427704962, -10.801142639812866], [32.39230013723602, -10.813734937351123], [32.402095011361226, -10.820366651687419], [32.405039450809014, -10.832974492911042], [32.37108401431658, -10.837573175620856], [32.365452510834736, -10.829198771113552], [32.36471607735469, -10.833858698723768], [32.356429445845464, -10.836910631018831], [32.340081335671485, -10.835383864985808], [32.31880663720562, -10.842148966628418], [32.310230926041335, -10.852870183014579], [32.30841929540446, -10.84937581666744], [32.26860961096896, -10.849821558795298], [32.264781609268994, -10.839885105409454], [32.258572952590114, -10.837222814188436], [32.246996378795025, -10.799015784619396], [32.22411551685569, -10.803166258353668], [32.21659843881267, -10.809729399587479], [32.19921728402826, -10.808485668194077], [32.1635331781121, -10.82856756120958], [32.14249651612854, -10.832572370806773], [32.108733454752524, -10.831457728094382], [32.04674536308209, -10.816253711271047], [32.033650125315454, -10.804860853972636], [32.0261913317647, -10.78762846804125], [32.02474636108748, -10.730948523152884], [32.04019774330044, -10.681503712160566], [32.03014052697632, -10.632937881718473], [32.02414851429958, -10.627686399095275], [32.00830764773225, -10.655399273813345], [32.00850543340162, -10.667633581708385], [31.99811626981709, -10.677981589420169], [31.995515305709766, -10.692854398617515], [31.982072429809616, -10.71400049487587], [31.944828493725687, -10.729274392578736], [31.938133449626154, -10.740168982845109], [31.88786979714151, -10.78014491067496], [31.867937287711325, -10.77261614198413], [31.841155949791485, -10.771729517828847], [31.812907143786425, -10.7424224782635], [31.812977471093387, -10.73469387416448], [31.79272126992025, -10.700762888909198], [31.814637304413537, -10.685901887188164], [31.807482526806073, -10.665694043145864], [31.80134060327475, -10.601360857406807], [31.837181509225438, -10.541849206985793], [31.840094461824194, -10.518227191836976], [31.81945442041161, -10.51440044800173], [31.80058352381455, -10.52251773112742], [31.745992340754924, -10.525613956682566], [31.71365874243937, -10.511583265062324], [31.69927040407574, -10.520894291585442], [31.704547733282094, -10.507309352928095], [31.701529206179554, -10.504645233418673], [31.710489716984043, -10.493544484015292], [31.7209713702119, -10.49405863158399], [31.727673925125536, -10.486112603042224], [31.73739500804004, -10.485668551781062], [31.73680080841219, -10.479638772909368], [31.743812346054337, -10.471598884578526], [31.77946423389283, -10.474356778428216], [31.779369164288017, -10.469144808055086], [31.78930415493626, -10.4694720189094], [31.79362991762675, -10.462997842916904], [31.80772429758502, -10.466527104373935], [31.809506891078613, -10.461572102158554], [31.824884738999074, -10.455728841110567], [31.831278310285903, -10.445397684731947], [31.828331089654, -10.44032547384018], [31.841664894807266, -10.431910565179514], [31.838575063929053, -10.429128922088596], [31.845966888075363, -10.420760464565483], [31.84161735865736, -10.417581324881931], [31.84455683401492, -10.415559023584864], [31.83738666826665, -10.39308217298713], [31.86132406396448, -10.337493986693591], [31.87482618555423, -10.332195614897543], [31.880380991775425, -10.32135107816382], [31.89488072392923, -10.32456516995477], [31.908865722323558, -10.309528798288168], [31.923860281570164, -10.303748661807315], [31.933129134604297, -10.30886285478143], [31.961596875315465, -10.303037048289756], [31.97331543143446, -10.28288243090426], [31.97303021723005, -10.269388320289753], [31.975026722949007, -10.272241542843583], [31.98436751666439, -10.26845283138836], [31.980921168704423, -10.265318925087827], [31.985033019169588, -10.261997888398687], [31.97833046425595, -10.253391089416601], [31.98367825012668, -10.252899935341121], [31.98239478126617, -10.248573051279159], [31.99325672189654, -10.239310987278488], [32.002977803912714, -10.236480857349887], [32.00309664204164, -10.240597401063443], [32.00635284809701, -10.23552188188301], [32.002050853930584, -10.22228305199471], [32.01006064443221, -10.187873545763345], [32.00038710036257, -10.177135896357433], [32.011534256993954, -10.16316939272641], [32.01186700914486, -10.136287420788394], [31.999460152177072, -10.135913069609023], [31.98959645991458, -10.116937557986688], [32.00670936697539, -10.112211053814935], [31.999840437782925, -10.094450942985628], [32.01324554581357, -10.087641469633919], [32.00649545475003, -10.083335750684792], [32.01063107463763, -10.075285770588595], [32.01959158184883, -10.080785051791201], [32.02137417893571, -10.07594100865105], [32.03273524599579, -10.076526043247517], [32.03687086408676, -10.04352851672112], [32.04556992741431, -10.046524176070985], [32.046116586400665, -10.04104771497795], [32.05410261107312, -10.039737095959012], [32.06952985196115, -10.049643406057605], [32.086284379732575, -10.044605084592838], [32.08987333704053, -10.040977504232337], [32.087567847694764, -10.034003071593222], [32.099546883805125, -10.027519993651625], [32.10163846002723, -10.019000515870603], [32.10848362339055, -10.022394291424888], [32.10850739011803, -10.017806835738426], [32.123195967907485, -10.017104668382308], [32.127022605964896, -10.005635719222559], [32.12160351811512, -10.002850340815314], [32.1202962807305, -9.985318302344156], [32.125953049329745, -9.98459265712064], [32.1327744432706, -9.973731187802848], [32.142424220612796, -9.975018666709097], [32.143826529398865, -9.970313496352572], [32.14418304558229, -9.962869358160063], [32.135840503828085, -9.958866308822028], [32.128876504132506, -9.943392066780248], [32.14285204416519, -9.928689688384043], [32.154545863376214, -9.928361923199938], [32.153452538216925, -9.916585484765262], [32.17066051578089, -9.904902279256838], [32.17674510523753, -9.894459622686435], [32.16909183271599, -9.877132509789858], [32.171825143817486, -9.869826749172942], [32.179953774244666, -9.867859787286267], [32.17543786875124, -9.856338768643507], [32.1835902659059, -9.853575539035264], [32.18187897528965, -9.837323528229016], [32.19920579367745, -9.834443044093192], [32.20419705797484, -9.827745238331227], [32.201487515397446, -9.825028605816755], [32.215391750756126, -9.815309440705613], [32.237044330936165, -9.813178213259214], [32.24391326192526, -9.802381337753204], [32.249593794556986, -9.8037631711065], [32.256795476798686, -9.790787774189624], [32.27230180177106, -9.789146273762896], [32.275869115968874, -9.78020121521879], [32.2834930423267, -9.783362106913756], [32.29433390758221, -9.778464293852313], [32.29106882527351, -9.772494883048685], [32.29420950708502, -9.766953988951025], [32.298689265269736, -9.768869899074042], [32.29758255431443, -9.755135045578992], [32.300397303086356, -9.757527222657869], [32.32143245320527, -9.744073397072654], [32.32642454485106, -9.74753445363403], [32.330474469053776, -9.742516203092872], [32.339138426220025, -9.748900905427247]]]}}, {"id": "103011", "type": "Feature", "properties": {"DIST_CODE": "103011", "DISTRICT": "Chipangali", "PROVINCE": "Eastern", "Area_km": 2703.92990659}, "geometry": {"type": "Polygon", "coordinates": [[[32.676403978123425, -13.037186235988273], [32.851270901797655, -13.213129076058857], [32.90194500262045, -13.225425527924871], [32.94903446882842, -13.27909704885825], [32.928079000173526, -13.354413751423284], [32.92786864078512, -13.383534568586118], [32.91960262201839, -13.410884021670476], [32.88641397577438, -13.459036277246897], [32.875740483724314, -13.463812915668447], [32.849031473659565, -13.462174710854617], [32.84929696355526, -13.517239242365774], [32.79669710293541, -13.551126936220864], [32.78322105135352, -13.557536960184628], [32.769573407179315, -13.556900972117713], [32.751513409009426, -13.583231318431855], [32.729927941964284, -13.584682598110438], [32.70426803299736, -13.570600765722398], [32.695974000268485, -13.570873641240883], [32.69304156141459, -13.57934673940283], [32.68694485009148, -13.581227129423633], [32.68976509924788, -13.596311434031644], [32.682974710659046, -13.60649973940194], [32.67062809471418, -13.599778958984718], [32.671261281225334, -13.59161818821137], [32.64813919108949, -13.544885163818808], [32.625651508275276, -13.542177925194716], [32.60764587794303, -13.521709348381414], [32.611117800939105, -13.520888088590002], [32.60959889442241, -13.51591962939098], [32.59239524134825, -13.501711815285217], [32.573533008103766, -13.497535217080788], [32.572484924797166, -13.490282267870338], [32.55223312896219, -13.48642177601003], [32.53919964498142, -13.494181293640557], [32.53163893756171, -13.51272102684043], [32.53428796962157, -13.522238454012465], [32.504929577153995, -13.510574704322947], [32.4554831023204, -13.508940591740808], [32.432036044833865, -13.49287835616031], [32.39305664806266, -13.487435442682905], [32.380031824739554, -13.489816012747024], [32.376430982720386, -13.483379176039518], [32.368183513265954, -13.48404944816438], [32.35941314885768, -13.477520002861366], [32.348312335413524, -13.452882576772355], [32.352443052296245, -13.437639724068918], [32.34179233523358, -13.423248584143773], [32.40038296077024, -13.405967015760467], [32.42070453414323, -13.386845775094312], [32.42964127462695, -13.38439481905673], [32.43068706183973, -13.352761348568595], [32.421203660572964, -13.335462930898668], [32.42764476890799, -13.301510031734963], [32.41149446326804, -13.271109133033688], [32.40990371218984, -13.258066900747467], [32.40305685011233, -13.252197009275259], [32.39806558581497, -13.255146703011885], [32.39093520824726, -13.247454289056522], [32.383804830679544, -13.252139171631391], [32.38136861939196, -13.24837970315491], [32.37548605565281, -13.250114850678406], [32.362116598162544, -13.237563683914281], [32.34648918837473, -13.246297513643498], [32.334545807296294, -13.235712764730488], [32.334724066286334, -13.22402852226404], [32.32230532460731, -13.220384312068587], [32.33834867413463, -13.204823496178916], [32.336625498807194, -13.190245181984524], [32.34726164429765, -13.1816250536511], [32.36229485984754, -13.179253017326694], [32.36936581565581, -13.16970679280065], [32.367107861561614, -13.14795157935467], [32.38742943942618, -13.133254147329954], [32.40416717139681, -13.111357198191211], [32.40571916735697, -13.100404775298086], [32.42800612072262, -13.087425271315928], [32.43798705570608, -13.055439722651341], [32.456478473384415, -13.044474719940421], [32.47086850956394, -13.05009850592411], [32.4759548452628, -13.063897946323694], [32.49416107658455, -13.072024438424894], [32.4992474131817, -13.088114563799463], [32.506995755308054, -13.091054660097262], [32.518214216613444, -13.083276058732135], [32.5391299914109, -13.088531270786238], [32.54756760366827, -13.084387302278152], [32.563183131439864, -13.065472326981526], [32.60156833127817, -13.04861663860541], [32.605513804769565, -13.037317128411537], [32.619536880952154, -13.037270815829867], [32.63660225186306, -13.047181074013958], [32.66201016362983, -13.027545413154392], [32.676403978123425, -13.037186235988273]]]}}, {"id": "103002", "type": "Feature", "properties": {"DIST_CODE": "103002", "DISTRICT": "Chipata", "PROVINCE": "Eastern", "Area_km": 1800.00361259}, "geometry": {"type": "Polygon", "coordinates": [[[32.57412185736577, -13.495640059246847], [32.60462507989944, -13.511243071949682], [32.61061859905088, -13.518912566405714], [32.60764587794303, -13.521709348381414], [32.625651508275276, -13.542177925194716], [32.64813919108949, -13.544885163818808], [32.671261281225334, -13.59161818821137], [32.67062809471418, -13.599778958984718], [32.68263013937392, -13.606004213383383], [32.683077780659765, -13.614786275091692], [32.707362751609026, -13.628176626851873], [32.74776153503817, -13.640448544384084], [32.760441107949816, -13.632990613261322], [32.77404556292178, -13.631661686273624], [32.788845253328766, -13.636912857154739], [32.80432949232155, -13.65268481425111], [32.805104570426806, -13.6668958597777], [32.829474428577136, -13.684837332836615], [32.84693214856983, -13.706272845355825], [32.84519070779769, -13.721971270663442], [32.83287533795338, -13.728752558943036], [32.8174417684342, -13.727689046837598], [32.81120605899053, -13.731646670917753], [32.79829537381083, -13.751432627598978], [32.78596700714096, -13.7536576806195], [32.780403487261516, -13.772197875141163], [32.79372825087147, -13.774147010126075], [32.80784109300544, -13.78920400025788], [32.80817369064612, -13.827371014572043], [32.82186401827103, -13.875255290780126], [32.82623731531481, -13.958538819402936], [32.84585670168135, -13.975300098850648], [32.808601515096804, -13.994980327902343], [32.58625449640656, -13.934804089613325], [32.567406532002074, -13.922369863268187], [32.556806179884106, -13.905880401196365], [32.53358477470538, -13.920824188573157], [32.52317442525315, -13.938633421040576], [32.496696956851224, -13.952842908319754], [32.46658235089939, -13.953129599389895], [32.41809642663276, -13.9349886391271], [32.41021381691413, -13.927394541405237], [32.378140150617625, -13.91954426274862], [32.323024724232916, -13.946061216178386], [32.29089043512951, -13.968415194874668], [32.297250266592556, -13.917720987251798], [32.44791050659619, -13.760842311569512], [32.46459459207632, -13.748715155700985], [32.49354150224489, -13.698731928847767], [32.50530943875508, -13.695079571613608], [32.47752302796607, -13.678098905158938], [32.48667487004458, -13.65735666079052], [32.48234910825239, -13.63823248959532], [32.491514258871845, -13.631651825619134], [32.49893817712831, -13.642787703760229], [32.511596910023684, -13.645071986587464], [32.520789541005946, -13.634305647696117], [32.53956716822205, -13.629328837757832], [32.54052959177641, -13.616489629784306], [32.56007981684922, -13.589473444105481], [32.54419980529508, -13.561989005383735], [32.54577024815962, -13.54390510190494], [32.56629898471524, -13.517929591240884], [32.56572810984375, -13.51078057607629], [32.57504060033945, -13.492612152288933], [32.57412185736577, -13.495640059246847]]]}}, {"id": "104003", "type": "Feature", "properties": {"DIST_CODE": "104003", "DISTRICT": "Chipili", "PROVINCE": "Luapula", "Area_km": 4220.92240723}, "geometry": {"type": "Polygon", "coordinates": [[[29.53153974540676, -10.3163958720658], [29.497421727322646, -10.332986271935301], [29.47187620802736, -10.367465514779184], [29.457176905251718, -10.370990409693768], [29.468454809876107, -10.386765442034388], [29.461318474681427, -10.406402758076059], [29.454271270329254, -10.413170332198138], [29.45225693484854, -10.430111999972075], [29.427764038945316, -10.444522502668658], [29.419440890919777, -10.465574504046899], [29.432627363383297, -10.483706416699441], [29.447686751348996, -10.485351744930032], [29.453177151059293, -10.498691672254356], [29.465369289114605, -10.503480154349976], [29.431476228042264, -10.513599053709125], [29.409470581209487, -10.557363463236412], [29.406146866760544, -10.574965686619915], [29.410837252929934, -10.587267738143506], [29.396905779753492, -10.620025984582156], [29.384221196937524, -10.617934026887651], [29.363799755159423, -10.599824033226218], [29.339202121083957, -10.599515650969442], [29.328693828316347, -10.618969111714014], [29.329514675585305, -10.632099815106178], [29.321530538273258, -10.652457779860866], [29.293947373113973, -10.68186242442854], [29.271486683775723, -10.688869162574683], [29.262977767742687, -10.701107209939552], [29.25962649028587, -10.698117809271686], [29.25565724557543, -10.705871508151695], [29.251022501054727, -10.704890628646282], [29.236800252203977, -10.717796151957675], [29.225044158184197, -10.720607659159441], [29.22357054921571, -10.725581824933947], [29.199455803622918, -10.73772607917474], [29.188631696439064, -10.755845400258481], [29.187942427206394, -10.766399576374127], [29.201300000883766, -10.789304601628068], [29.19146008073867, -10.819678502175405], [29.194684180107448, -10.833653342391681], [29.202670220949578, -10.841183203309244], [29.201711893712897, -10.856421628092292], [29.13946916199877, -10.89986588529819], [29.095379659207953, -10.909294743621597], [29.08387598279986, -10.927708165059679], [29.080365216650865, -10.882288819606636], [29.062532576689485, -10.865636406841782], [29.044294898044626, -10.860174986754728], [29.044444531319815, -10.84009177118928], [29.03243532169735, -10.824520668209], [29.04262263204092, -10.784173182987962], [29.04067418529138, -10.775214976433253], [29.078268063687478, -10.722071806716425], [29.065966417405768, -10.713852418819226], [29.068818573822732, -10.70796724123409], [29.05618351872163, -10.688629431079816], [29.058565070219135, -10.679380475864454], [29.052147716933476, -10.683080091927264], [29.04621523111904, -10.677937054168687], [29.047199225918355, -10.667959030958654], [29.039141882198845, -10.671112232676856], [29.037587458092474, -10.663011939665038], [29.028931161758976, -10.665786806431523], [29.00986449261707, -10.65820491614232], [29.003960531007866, -10.662451357108967], [28.99922595042144, -10.658429152593529], [28.99417763232373, -10.663838797094341], [28.98064414785248, -10.654280759900898], [28.976836519044774, -10.660265078628788], [28.968479698569137, -10.656523140583921], [28.964572245373844, -10.661330190664662], [28.936943402678953, -10.642585069752702], [28.934604635243517, -10.649181615791468], [28.926162250237045, -10.647275546798426], [28.917643809367046, -10.652601297766248], [28.90241329233972, -10.693765280750847], [28.894203869232523, -10.69557615036396], [28.88660644227724, -10.712698296571993], [28.879428527661336, -10.70821435600163], [28.872844813571586, -10.718723489240515], [28.87351031607678, -10.708681438392501], [28.866950368714495, -10.703309969939333], [28.86390807488449, -10.71358573662609], [28.833889184426177, -10.70942876395369], [28.84366426237745, -10.699373554699617], [28.84098910191923, -10.69435925063539], [28.84942607996597, -10.679578476218566], [28.86028105595795, -10.671162921904424], [28.87263364839438, -10.638051736952129], [28.86548623068407, -10.622249674897223], [28.865628839133727, -10.603677405576063], [28.871428211691036, -10.588421605375025], [28.85467182440694, -10.577160328602424], [28.84728006134607, -10.483379974348939], [28.85180170887081, -10.474639782069527], [28.85909397992071, -10.395138975864858], [28.884072302945597, -10.327427483876349], [28.88564098511217, -10.303739745745716], [28.879818771990458, -10.285487822678736], [28.902212564687787, -10.24150056914148], [28.901530314890774, -10.208338898274434], [28.876850339439727, -10.209918724010379], [28.86135365339035, -10.20435148287548], [28.862827265053788, -10.17656061295822], [28.855506741988208, -10.165752398562459], [28.853510238964205, -10.145866201982697], [28.844785400276205, -10.136180767803188], [28.863449016909684, -10.140137424937475], [28.891245661306357, -10.135902590709117], [28.910107924195255, -10.10458647888742], [28.930168094108794, -10.108012119994754], [28.94436550184697, -10.096047315874234], [29.00794615110762, -10.110599841048527], [29.074496343236653, -10.116777070957655], [29.100629783834236, -10.125940338390786], [29.13361966524521, -10.119342115876856], [29.144552909651264, -10.126314701213328], [29.172123704110785, -10.130339077719928], [29.167940548073318, -10.122571048910078], [29.17350224527108, -10.11531760323076], [29.16979755081855, -10.105928436787917], [29.175359256101157, -10.102418535569221], [29.172721011011188, -10.097902406866938], [29.179946475251725, -10.095422017852574], [29.175070925641016, -10.077175812845685], [29.18110797984608, -10.072570433904943], [29.17395694641676, -10.063514569604612], [29.17726544699806, -10.051551094383923], [29.187382712105663, -10.038701854565186], [29.197650456701474, -10.036033782571746], [29.210947041957603, -10.039657390065612], [29.21405139140744, -10.032905259811738], [29.21526092981836, -10.03757442489341], [29.230781414934544, -10.04172863918205], [29.25722566094236, -10.065173788369032], [29.2506799626571, -10.103078400361483], [29.25731598115429, -10.122471254667131], [29.267678816914493, -10.126533124204009], [29.266594995930927, -10.137913569334644], [29.270207729847822, -10.139935053016453], [29.264294255978083, -10.14839519896178], [29.271481692735982, -10.154758880903064], [29.267754874574642, -10.16072939503468], [29.271272534395127, -10.160018179695058], [29.280394681763617, -10.175107768840263], [29.2903344469576, -10.178925674251662], [29.294537547391, -10.191217675176798], [29.296525025041355, -10.185517058177394], [29.30536669412363, -10.18893247027909], [29.314113290906093, -10.182195183592931], [29.321956706230566, -10.1828969933062], [29.343252765735553, -10.202406610225282], [29.368375633079573, -10.189459285407448], [29.3815240735689, -10.193796339234497], [29.38754212481247, -10.187971479685064], [29.402729861370997, -10.187817085605108], [29.418045941132505, -10.17896028710364], [29.430210388619216, -10.179984937051575], [29.432506377382513, -10.184588803951822], [29.437369302968545, -10.182328987262196], [29.436314006190212, -10.188855743848368], [29.442660053903563, -10.190919012641816], [29.45994412506025, -10.17932523066815], [29.472826364188208, -10.17880588689346], [29.480622260430778, -10.164245198439353], [29.495358403116224, -10.157507380199077], [29.49509220085648, -10.15194857183897], [29.510817093124036, -10.162186433868552], [29.51488616940861, -10.171694065561683], [29.507103589791804, -10.26108944412801], [29.50925030730101, -10.271143421191013], [29.532509478552587, -10.305148657114247], [29.53153974540676, -10.3163958720658]]]}}, {"id": "105002", "type": "Feature", "properties": {"DIST_CODE": "105002", "DISTRICT": "Chirundu", "PROVINCE": "Southern", "Area_km": 1395.21890288}, "geometry": {"type": "Polygon", "coordinates": [[[28.934098882840217, -15.941813912250781], [28.917120876683963, -15.948642266097812], [28.883029018439224, -15.977473086320627], [28.884217656646786, -16.00129265988852], [28.877265695274268, -16.020540534728248], [28.848268904352953, -16.043441568111547], [28.84921990223525, -16.070964673592044], [28.8605938143056, -16.0841508718582], [28.854453602064872, -16.095333665025745], [28.86155675259461, -16.117148166619035], [28.855578545227164, -16.1399269711952], [28.838073288186283, -16.164093170996026], [28.840225976797164, -16.19460744609886], [28.8363607498101, -16.213205081269418], [28.84396045489292, -16.233233454718572], [28.84103304480798, -16.237828015389166], [28.833451075163786, -16.236481645415715], [28.831716016023435, -16.240338180862015], [28.8273189513539, -16.23636754442394], [28.81819206716891, -16.24161606980367], [28.816765992553705, -16.238421332314307], [28.808138235696784, -16.247047002799253], [28.80317073812687, -16.24494766760078], [28.787174924749422, -16.253618688895205], [28.77540980086442, -16.247434921214506], [28.765688719746542, -16.252044241586194], [28.744677876242566, -16.24031536077133], [28.72951393785254, -16.239379758060537], [28.723785869070912, -16.23324118358971], [28.714326233633344, -16.240475096175714], [28.695929861305306, -16.237485718870236], [28.67800884508629, -16.24508457970548], [28.66346287484818, -16.268951769283795], [28.653147596797417, -16.269043033742964], [28.644543605769677, -16.279218788011033], [28.632505152391467, -16.283393886573524], [28.629439090037355, -16.293568895631353], [28.591053890199035, -16.310609712264334], [28.481496080393317, -16.165770802236832], [28.459338216730604, -16.147333800072385], [28.422622767613152, -16.1331010767438], [28.414359459961933, -16.120680217198228], [28.427242041348013, -16.097315361800586], [28.423711131377107, -16.086441079187214], [28.43391535609916, -16.084895819385373], [28.43219286977952, -16.08053395977667], [28.438533824045226, -16.07528402476543], [28.451536385318942, -16.08144366858107], [28.463225766852474, -16.061142521058404], [28.467584336017165, -16.068529004754538], [28.477975033924206, -16.067186141748195], [28.48086179793748, -16.05799348471431], [28.48307078576385, -16.062375455114452], [28.50072116294397, -16.04862272023044], [28.521385766991358, -16.044357867904402], [28.52064239402577, -16.039626111802168], [28.531783885880984, -16.02700480535345], [28.524639553883677, -16.0100780322226], [28.532305132426284, -16.000536320847107], [28.525521961800727, -15.98395082435996], [28.533118488644085, -15.972852774924402], [28.536309191345566, -15.974720089945057], [28.53506147722999, -15.96737279897937], [28.54179308096497, -15.97069369558654], [28.55404843885674, -15.957695138942004], [28.560529182658737, -15.927500603200642], [28.575073346384816, -15.924809579105307], [28.581663902043765, -15.913243952154142], [28.60394302928666, -15.900645695602124], [28.62154285916407, -15.90879657990877], [28.63992609183443, -15.896510816429037], [28.660676425702643, -15.90802096080118], [28.671764418391124, -15.905261864654774], [28.676256053202234, -15.91653691320013], [28.690131574811158, -15.921067397681256], [28.697586086092944, -15.937746340846633], [28.707212538678775, -15.939320151940676], [28.71198587707814, -15.945594661158694], [28.72190380512588, -15.943626723135436], [28.734360058654506, -15.966719741995682], [28.749344838840937, -15.95615576894854], [28.77850441616984, -15.970153104673743], [28.789847047105358, -15.952131518273793], [28.80455404035815, -15.96368399123357], [28.82300985061527, -15.94519969084921], [28.86174786198479, -15.950929978015552], [28.8865478694258, -15.93919188866698], [28.90509982097787, -15.94381324668224], [28.934098882840217, -15.941813912250781]]]}}, {"id": "101002", "type": "Feature", "properties": {"DIST_CODE": "101002", "DISTRICT": "Chisamba", "PROVINCE": "Central", "Area_km": 5214.07471969}, "geometry": {"type": "Polygon", "coordinates": [[[28.88690537914591, -14.794654812780385], [28.968619395578965, -14.837209567592378], [28.98181059497754, -14.880801066142181], [28.99149602286008, -14.885268839917105], [28.987823878861878, -14.896225406384264], [28.990497770898926, -14.929470693707], [28.983700144583814, -14.94667124383128], [28.997153474178916, -14.967171086171541], [28.992586927059655, -14.990294669353574], [28.966708979905274, -14.99004508396496], [28.955799999893358, -15.004044999346684], [28.872306767632164, -15.166481651157506], [28.84195799963186, -15.164593999009508], [28.774135808331852, -15.173064774875062], [28.735704000303326, -15.17037799856699], [28.708266139437853, -15.17771928515386], [28.6843920013057, -15.172130999401565], [28.666837752844142, -15.179269289041686], [28.62686260771646, -15.181878755240803], [28.55038467344517, -15.180662208591944], [28.511541442406426, -15.137353151031512], [28.48034143802938, -15.134130405880759], [28.470121231380098, -15.126604775353398], [28.412792994837503, -15.121832287665875], [28.385792632380028, -15.13105594323387], [28.37029338343713, -15.12736084406881], [28.367074268819845, -15.140756534147556], [28.34492380907171, -15.136087889213467], [28.331618203831827, -15.108095628879012], [28.31639802102354, -15.095825692850468], [28.30204196541627, -15.092364277273921], [28.290990297004655, -15.091882543431947], [28.283300613967995, -15.098008543944099], [28.159288937291944, -15.104274209984505], [28.164737804293374, -15.06393779496261], [28.1648462102869, -14.997813191051266], [28.188767691431185, -14.949523376139247], [28.187741926767803, -14.927251191582698], [28.178377362731684, -14.9088317961009], [28.18119386501505, -14.890904670819104], [28.246305452827283, -14.82319561028732], [28.251717064897257, -14.810078881305534], [28.266526968250666, -14.808517552626258], [28.266170446677357, -14.801968583382891], [28.256687046308944, -14.796039876310447], [28.240572392107616, -14.796798207700869], [28.21804586164894, -14.783307872034312], [28.194084830377676, -14.797751283306397], [28.18382041583663, -14.796595743126629], [28.1676651254451, -14.802705389948812], [28.125899656820806, -14.798114494239098], [28.115550991085886, -14.835548709265392], [28.09083279321784, -14.834112581685131], [28.072420466810353, -14.839939551702056], [28.084668063258068, -14.867648533138176], [28.06082652139429, -14.880293140980651], [28.054335127166308, -14.864135361352913], [28.05412073703722, -14.794461911375205], [28.086813545583734, -14.711016720029313], [28.117471814640478, -14.683017564750983], [28.119985823624926, -14.696250152698042], [28.204219352121882, -14.644515767312756], [28.338555663700696, -14.683697066986177], [28.377202311914253, -14.683651081628076], [28.401424751136577, -14.68912302976486], [28.419634217291662, -14.683127402791612], [28.420252349835277, -14.688135489232499], [28.459258458909776, -14.692474038238258], [28.468299202743825, -14.667454224070994], [28.46325453629775, -14.657376107185609], [28.4882873933486, -14.56848811626687], [28.47386983099213, -14.55219737114792], [28.49951584032669, -14.555291050382086], [28.51625803961916, -14.550871495344037], [28.54844872495615, -14.538864592711203], [28.58825866990307, -14.51041086271909], [28.550644440174203, -14.4516923702165], [28.542881318066463, -14.455821600766727], [28.54068643199343, -14.452366190359543], [28.54810034840752, -14.447719392217898], [28.532695836692817, -14.406156047077296], [28.566147936351747, -14.395626671939182], [28.582495553350647, -14.378897834857595], [28.612366491281676, -14.368290069101885], [28.630955294421682, -14.37012018883465], [28.63312166257769, -14.363410527989316], [28.640966145100712, -14.383694838653712], [28.64415261583887, -14.377942866790162], [28.66798977122912, -14.38962939401942], [28.67559277492565, -14.38482236036351], [28.679086072435652, -14.392679584332935], [28.674577640925385, -14.39081758422845], [28.671685941567922, -14.394879494958237], [28.68363050393094, -14.401016242021635], [28.681291902683796, -14.406521105129928], [28.68991825816887, -14.41822506773395], [28.699386637807418, -14.427687030687682], [28.708325886387403, -14.427439522427184], [28.72106298471489, -14.445824752596936], [28.73757020718696, -14.45163730523001], [28.76322828987891, -14.475199716654636], [28.776675989732105, -14.506365528329658], [28.784955523652297, -14.510415646723885], [28.788540179826647, -14.528872609913103], [28.795917197042126, -14.533503002963608], [28.7935635085898, -14.550841483618596], [28.801778859679573, -14.560049131420193], [28.801208428575826, -14.573391401934382], [28.81228924103024, -14.584351859909697], [28.833016754096956, -14.5908614809061], [28.84014457326272, -14.603550304986491], [28.83590960060304, -14.610929455432627], [28.845397973146554, -14.61967389685067], [28.84086143963925, -14.642664234231017], [28.828893972033114, -14.650697267589727], [28.823158572998764, -14.663989383319752], [28.82374042258808, -14.707965009919038], [28.83391309398579, -14.72847033289378], [28.838700648224485, -14.728102541707873], [28.837525819817845, -14.736561588021173], [28.844920645235483, -14.739641346104305], [28.84018461117495, -14.751466169875885], [28.855892528876858, -14.770839780303458], [28.857395804707622, -14.779219597892173], [28.86956498272258, -14.795122272710467], [28.88690537914591, -14.794654812780385]]]}}, {"id": "101003", "type": "Feature", "properties": {"DIST_CODE": "101003", "DISTRICT": "Chitambo", "PROVINCE": "Central", "Area_km": 11991.1176826}, "geometry": {"type": "Polygon", "coordinates": [[[30.002014131579234, -12.004023382118385], [30.020713008884265, -12.050671074860665], [30.02748686487864, -12.05566852207229], [30.042969643210796, -12.052818448860569], [30.05299138506433, -12.065768827684291], [30.047653555221906, -12.098254383613316], [30.05139740005116, -12.101355982594832], [30.051516239078417, -12.116229016989745], [30.05985878083263, -12.122689231951396], [30.067821036082638, -12.119482381035766], [30.08298497267608, -12.13307637101594], [30.090091580821333, -12.144857269814215], [30.088617969157916, -12.153431205074545], [30.10542189438851, -12.174713816902331], [30.120770990830007, -12.181484091885759], [30.125972317173403, -12.17024506723272], [30.13569058476779, -12.177737804361929], [30.13281616809809, -12.196201143609242], [30.149788913720048, -12.201151242302466], [30.15991781201058, -12.198609311634588], [30.17022667788683, -12.212362797652704], [30.175932419940402, -12.207439071191802], [30.18962011999311, -12.2142618628058], [30.20125466476846, -12.209579572350428], [30.220964952556916, -12.215867200241657], [30.207277251605863, -12.222020903964271], [30.221680990686696, -12.22950824159737], [30.230059184777918, -12.226372367667347], [30.230593962646328, -12.232992503212044], [30.244795297818953, -12.234444265107921], [30.249903509291595, -12.2422150272177], [30.262107767416758, -12.243828633116278], [30.26684005011267, -12.253606772328855], [30.277513571807138, -12.248193905589535], [30.29120217287011, -12.254942288129852], [30.300761491659777, -12.250265963576934], [30.30305642400435, -12.257177813274234], [30.31125171212055, -12.245323217124703], [30.314920670692736, -12.254357201025293], [30.324685238355197, -12.257555235835186], [30.331607646951472, -12.27442264574869], [30.35115676619815, -12.282986578876837], [30.362030592438085, -12.27970619120431], [30.36972545695725, -12.271084087231475], [30.3792326267481, -12.275583872810195], [30.38621445530715, -12.269284151300118], [30.406614318653798, -12.277760038397592], [30.449122466744285, -12.275470981957636], [30.46533193542889, -12.29628189813146], [30.483662949031824, -12.301594030622141], [30.49394257564386, -12.31160841465125], [30.505707697732237, -12.331287744751002], [30.509362017358608, -12.348585761407932], [30.50668812532155, -12.393886043729173], [30.49830126877604, -12.408393262185381], [30.465686285774197, -12.428375585709537], [30.447398008622635, -12.461194216431247], [30.44286371192037, -12.479373393607005], [30.458528365859898, -12.486609513623094], [30.479054585336065, -12.48827602597187], [30.5043888199782, -12.517446342596967], [30.513491693093922, -12.517007234004854], [30.51984961473874, -12.524200065978984], [30.542072625124145, -12.52930453340526], [30.55582098032319, -12.529214488400982], [30.569999710289977, -12.53843665206226], [30.554901209676817, -12.585562820719558], [30.601683556262188, -12.641391315018486], [30.63733313183715, -12.637447137142178], [30.65007579073622, -12.628315799419843], [30.662295054319916, -12.598722986903974], [30.67736028762313, -12.600157823929026], [30.700258141196095, -12.617901416346617], [30.704857027665565, -12.64673671475278], [30.732077116244938, -12.664363448685704], [30.77136764361648, -12.67705566813118], [30.777421605013515, -12.683536294724332], [30.77673100178265, -12.694411013188384], [30.739097391799834, -12.712477755962277], [30.740896559210405, -12.727450183692845], [30.733053321752372, -12.756597269385544], [30.7398993448034, -12.775527921877273], [30.76088074602396, -12.793145113761824], [30.759621045687545, -12.833494621100156], [30.771338633422666, -12.850689284321016], [30.74387479687247, -12.88009939567486], [30.746251589095614, -12.895622743355105], [30.75356022475501, -12.906222086354697], [30.799907678945036, -12.914272654365872], [30.846849332762943, -12.947977969233387], [30.859185583047704, -12.947456787255367], [30.87772456382542, -12.930604664977709], [30.888205520858964, -12.928693527979412], [30.928610995838664, -12.96071762395515], [30.948968922234563, -12.957474864435087], [30.963806862008006, -12.938654686864885], [30.97787002101856, -12.954984859790956], [30.99434039729258, -12.961347152651255], [31.01698451812028, -12.969353679879319], [31.045014409182183, -12.969577089605693], [31.0551157777025, -12.988568868240712], [31.070683769324187, -12.995053534946344], [31.076150393323847, -13.025042905896946], [31.10164149088257, -13.042467497410072], [31.10705660728049, -13.036221138085052], [31.17078308275614, -13.029500475660905], [31.171199020698975, -13.019774766031267], [31.18005257269585, -13.010974984421017], [31.17411059258717, -13.002348580020824], [31.187123532097395, -12.999395847843713], [31.193422031982735, -12.98266304366789], [31.208514663902157, -12.970850972655766], [31.213446509135068, -12.960717623079768], [31.23168839189551, -12.960428093744206], [31.24691760816229, -12.946910539242511], [31.258925737111454, -12.965755398693458], [31.269502461740807, -12.957532771366093], [31.296894997210302, -12.975367418673617], [31.30988486618736, -12.965292158169515], [31.323990431069227, -12.965060539335022], [31.353878598687423, -12.996558877110523], [31.352155423359964, -13.0217430942394], [31.347045319137, -13.028284783171637], [31.33735989215276, -13.070830482815504], [31.35959552925783, -13.091379589347941], [31.363930557172196, -13.102521659118736], [31.368554504841487, -13.123084351929844], [31.359761159731594, -13.155031948031418], [31.36576255980305, -13.155957713241106], [31.365227782832953, -13.177770071965059], [31.3777653617426, -13.180315682395637], [31.384182701553506, -13.199667260014339], [31.363623447431063, -13.25589093643294], [31.393095674411423, -13.277520866732523], [31.397373900952054, -13.303081027779363], [31.407237589621285, -13.30400623428909], [31.43611561966875, -13.330835618075838], [31.4340559066898, -13.358778981605324], [31.42250848142901, -13.401132968364106], [31.436521585129405, -13.428245380727459], [31.426256086672307, -13.438491178084], [31.42818460504151, -13.45718779833], [31.420626144887507, -13.463763435822726], [31.41076643203215, -13.464533469762177], [31.38558431419056, -13.45399843018358], [31.373245299716164, -13.459482791027892], [31.362541831873877, -13.473967061844247], [31.33840394462346, -13.474027878172869], [31.326184806093377, -13.479823243895892], [31.315726920191764, -13.491032867042867], [31.30595291763689, -13.524463098154277], [31.282091825892387, -13.524013954318944], [31.26676061662354, -13.53415633033114], [31.216885853189208, -13.602163693872182], [31.196441197090422, -13.58847581899609], [31.144983935675963, -13.617980347878506], [31.124614975955836, -13.64708068387323], [31.12835842460751, -13.6760077709828], [31.144401772740434, -13.698812052740974], [31.130887131859996, -13.708009412226033], [31.120752686788354, -13.728944948962377], [31.108918552048426, -13.729085818226597], [31.07274147711375, -13.74989715334086], [31.077554484195595, -13.775118119111548], [31.061316081078626, -13.77647866321914], [31.046835096633732, -13.762261019127104], [31.05255887865482, -13.752770148922773], [31.04748024870447, -13.753854711939686], [31.0414127793405, -13.74629928335635], [31.036051033650285, -13.74919447441415], [31.035076231311308, -13.743615042274634], [31.029759914323296, -13.74813976689429], [31.02492265001168, -13.738880367835456], [31.013227945960118, -13.735084796692094], [31.007155837696008, -13.717377513660374], [31.017474606599954, -13.699143306664325], [31.015895891149977, -13.688140224336339], [31.008689626602006, -13.682297070797128], [30.995358829008293, -13.682099083009032], [31.029753344045275, -13.634646590052228], [31.052965898123524, -13.590294027704422], [30.89462310860489, -13.569154023712578], [30.923638803673047, -13.359412005383183], [30.90581487916657, -13.32790925017348], [30.665501280807767, -13.49927610376933], [30.66813939474367, -13.486511868998281], [30.67576889963944, -13.479947823425615], [30.668520304678673, -13.46871729139103], [30.67289360441737, -13.46931826208068], [30.675864595370033, -13.46090454904334], [30.68302979073984, -13.45785176181015], [30.67319218824816, -13.451321540327418], [30.676005956958083, -13.435853562166445], [30.669271642107567, -13.437408601642684], [30.671173403411817, -13.4245091680102], [30.660393443034284, -13.419889938596308], [30.65878093925152, -13.410074401723802], [30.66766438268946, -13.405503449628243], [30.6650266729954, -13.392586445936464], [30.668801091985316, -13.387737525839887], [30.66104037826087, -13.384656132939995], [30.662475822304522, -13.376754601655], [30.657879997293502, -13.375268928397029], [30.65270798028286, -13.358209009080234], [30.643912709185, -13.358837387248895], [30.64055450122578, -13.351219789333829], [30.634641328291664, -13.35211676661225], [30.630248147039076, -13.347021375967405], [30.616423073019842, -13.350538884328632], [30.6100867127385, -13.347596312415835], [30.59673361177292, -13.319474062249315], [30.58609495908451, -13.317574028665602], [30.57583583921376, -13.297677553848825], [30.568736532575087, -13.303155446671692], [30.561213036967732, -13.298962064205254], [30.557449204623424, -13.288362757692838], [30.553308082554704, -13.288659520980739], [30.55336831728946, -13.272704410826673], [30.5345639373459, -13.26059436090835], [30.528350076726618, -13.242265772362426], [30.527272440643777, -13.23346737825789], [30.53616991037656, -13.21817782103137], [30.539018554380796, -13.185799355282926], [30.51687732931373, -13.165151456847443], [30.544506659793825, -13.11243667276342], [30.533466636243176, -13.089592366857223], [30.53511778015963, -13.072444769872195], [30.504004075135303, -13.065891531136016], [30.469515440012714, -13.024496907206904], [30.454106371144565, -13.023869512176228], [30.446986764377126, -13.03046146715034], [30.4347988403188, -13.02223571276054], [30.448180664017254, -13.004075026436432], [30.436954399047014, -12.995481535276902], [30.41998689868797, -12.991515517909392], [30.394973268279163, -13.00605697508468], [30.37581552523883, -12.99294850774965], [30.349884554126504, -12.957032301344816], [30.321479542771616, -12.94383325923907], [30.301080443891315, -12.944713698647124], [30.282534244251988, -12.926718796594711], [30.281607016690447, -12.915421926936864], [30.273858037658538, -12.906900519285681], [30.27157308290185, -12.885337479936682], [30.26124111415312, -12.876459940567418], [30.256075130227902, -12.86164181809711], [30.26004896532944, -12.842722426306617], [30.265214948356338, -12.842108972910223], [30.269950435342892, -12.831486341898236], [30.26071126803562, -12.814017756818542], [30.261837188564947, -12.807107482042401], [30.257465970222768, -12.806267902309743], [30.258658120843037, -12.797161522928423], [30.24382247087528, -12.78618176158739], [30.222363764201564, -12.79257591512257], [30.21378690499033, -12.781079238743668], [30.219648310709594, -12.777462196757526], [30.22070799935134, -12.768193293400392], [30.212992136712366, -12.74752274112625], [30.217727623698927, -12.74090134760082], [30.214846595428707, -12.73773593695766], [30.224913641118683, -12.710182279719154], [30.238424681182593, -12.699295660184728], [30.23746433722808, -12.679136419018352], [30.247200229768332, -12.653450460286635], [30.216104974343352, -12.627891168633143], [30.226039559851408, -12.593377229400543], [30.236222511569217, -12.584473302164744], [30.231950643304202, -12.56999365617383], [30.2378451609248, -12.548466606915296], [30.213604771566484, -12.53967426059399], [30.198966276650733, -12.521906305835802], [30.2047307182182, -12.507327369967246], [30.196316873586643, -12.49521466464639], [30.200975385733127, -12.487719353630686], [30.189067656093375, -12.47581459117894], [30.187522740654284, -12.478576174036139], [30.185858987086252, -12.47367956569302], [30.170504905893246, -12.467111931636893], [30.16991070896035, -12.451028650344943], [30.15436648586278, -12.443230337311384], [30.14315871361096, -12.450795106966142], [30.14935616380666, -12.462191317434348], [30.14557571981611, -12.468091393602144], [30.148550497167705, -12.476835362359019], [30.12887359436844, -12.490601219288411], [30.126735471939895, -12.496591407826465], [30.131259612289547, -12.502853729575357], [30.127882000720152, -12.507875577424588], [30.112450350002412, -12.511929286987804], [30.13169343209643, -12.52599577297267], [30.127386205243493, -12.530926423727076], [30.117997069589425, -12.523969037061015], [30.109506561833168, -12.531228915913387], [30.11700547504285, -12.545475829901987], [30.110839014029498, -12.555669000339678], [30.10306121524664, -12.558209669008445], [30.10975445912236, -12.567676459628785], [30.103742933241037, -12.577082416572198], [30.09577921014383, -12.582979864714927], [30.081277179201226, -12.581679416207944], [30.07644316768928, -12.588635241390442], [30.07179507959334, -12.585006135832561], [30.062746805182282, -12.589330814152296], [30.059183270196847, -12.594018317221614], [30.062312981782075, -12.605540136228065], [30.05208719120502, -12.609199190294563], [30.04607566532369, -12.604965572191652], [30.0141587990617, -12.643851758202349], [30.026708632788413, -12.649112733343665], [30.03157363168612, -12.657759844300296], [30.025035322044083, -12.667374120095113], [30.014306866573357, -12.667716405105844], [30.01694461579324, -12.683395707016969], [30.024488530107075, -12.689102233370383], [30.03449909242689, -12.681131086680782], [30.04105573129399, -12.685362124248078], [30.034269521667834, -12.691770989372056], [30.035107925610742, -12.69901477114506], [30.057293047752392, -12.712084812909051], [30.043472735702483, -12.708699286795833], [30.040329226892812, -12.712522490795669], [30.047023344829267, -12.717207065784295], [30.049500837297447, -12.727456114104513], [30.06984288327579, -12.741101738892262], [30.065659605965738, -12.74185734176935], [30.067177979781455, -12.748808802825298], [30.056294176852024, -12.753242656835726], [30.06178619981799, -12.75869163280171], [30.05247772658825, -12.764858020618776], [30.059667318404546, -12.785392559983327], [30.050294280560355, -12.783398438090657], [30.04748714860374, -12.786847928333701], [30.057132794593926, -12.795290623973191], [30.072893240383753, -12.798254570613725], [30.072025154307273, -12.806986273600907], [30.061978574934425, -12.805741366829407], [30.059745825770488, -12.810379064811857], [30.05186657485267, -12.811193418303711], [30.052855683760903, -12.81497528929891], [30.024211974763677, -12.826501365632295], [29.9883129343394, -12.830209786967943], [29.9685980076508, -12.84355262418386], [29.955250499596215, -12.872546907109356], [29.928731456264547, -12.887732922884807], [29.912428828691738, -12.904022003371201], [29.902529358328138, -12.938031329209453], [29.8723554959069, -12.977487296676424], [29.84671057622877, -12.993952104974557], [29.81476954438733, -12.990626447958851], [29.814703661046114, -12.149693066931096], [29.841604362609328, -12.132041176297662], [29.846357947953887, -12.112986081921147], [29.84493187244033, -12.085504848022573], [29.8546173021195, -12.057032941031038], [29.864730594876942, -12.045634426570857], [29.925291268950808, -12.016181910942038], [30.002014131579234, -12.004023382118385]]]}}, {"id": "109002", "type": "Feature", "properties": {"DIST_CODE": "109002", "DISTRICT": "Choma", "PROVINCE": "Southern", "Area_km": 5153.65671015}, "geometry": {"type": "Polygon", "coordinates": [[[26.998337939591096, -16.25077628741183], [27.035937939107576, -16.339576285028173], [27.04003195801432, -16.33731465403336], [27.041093575338998, -16.34283385538935], [27.052309197069793, -16.346631787277012], [27.073573899083165, -16.341489302782183], [27.08767199716839, -16.348665422807365], [27.104083499655342, -16.34587973280466], [27.09970326671925, -16.374879876069354], [27.09083783090953, -16.38197174160953], [27.091123046910532, -16.398298013573715], [27.096756045189014, -16.402128561910718], [27.089839578948347, -16.411111812624483], [27.113631272398692, -16.446379595185242], [27.116429300828212, -16.476119673885343], [27.1308070579361, -16.49891222897215], [27.13428087997073, -16.51624387879427], [27.14547430163589, -16.528886985323574], [27.151778642367233, -16.529627042944007], [27.153129572908938, -16.523768168254087], [27.156410403582843, -16.54011090195851], [27.168633105019097, -16.536472450691456], [27.173779506569424, -16.557870490664737], [27.181756427714788, -16.569154377593087], [27.18542323931345, -16.58210229127554], [27.182785709282474, -16.590672092852255], [27.188318089062633, -16.599303166129936], [27.18574488828747, -16.60935171078999], [27.194365111872393, -16.623036612678945], [27.187417468701494, -16.627659670008413], [27.190440979657225, -16.637583459182864], [27.180598487635443, -16.643438868165614], [27.179504876811944, -16.658292314105623], [27.192885520124136, -16.6611889124148], [27.19738862192983, -16.671357465350578], [27.191212939710113, -16.68571577724681], [27.195844700925726, -16.720158999850728], [27.199608673407216, -16.72618289963638], [27.227881681822648, -16.732975449595102], [27.24516526519418, -16.74730373609891], [27.255901619551206, -16.7671771057545], [27.253977511755924, -16.77131093828847], [27.355535275984263, -16.879529467675557], [27.338372102793436, -16.88678952409179], [27.34083208889334, -16.882013410312716], [27.33560313396502, -16.88034174224372], [27.340701364256557, -16.877566966706258], [27.33617356506877, -16.866012548381637], [27.3256829089251, -16.879099193659112], [27.317601797579815, -16.878735287993056], [27.313504199784937, -16.86791789412834], [27.301257601365528, -16.86211366873799], [27.292777187978132, -16.869192119111673], [27.294488482187667, -16.880502528752565], [27.28210441727526, -16.901362051972473], [27.262323759060692, -16.91593278511654], [27.231588720878065, -16.96645980431271], [27.231923945192655, -16.97153179900025], [27.24455967223358, -16.974419967137568], [27.27091418822262, -16.97478098835962], [27.276690521687836, -16.98308446263334], [27.2788478366224, -16.990360718141165], [27.266942959133694, -17.011645198388575], [27.26795646089513, -17.022316109928386], [27.25463360081527, -17.058469576722107], [27.25986462097042, -17.072360018801362], [27.272467799353677, -17.081606072169734], [27.18255685268407, -17.18507894412844], [27.13098035193757, -17.270210070694233], [27.10840077775798, -17.318320151777424], [27.07190362374616, -17.42484898616609], [27.067387720049364, -17.47314508661877], [27.073210605110905, -17.527410722693027], [27.063939383219356, -17.53807476694109], [27.055704172175286, -17.523954186048293], [27.044770925972603, -17.521007726751716], [27.036642296443723, -17.51203206540259], [27.02147836164696, -17.484875723749457], [27.01686738295543, -17.484422327718658], [27.01514421032291, -17.474798736074195], [26.999338537951793, -17.46941429060469], [26.992327001207975, -17.449632170809558], [26.985374880833675, -17.451956255954382], [26.97759088637031, -17.446457763110416], [26.963864910899954, -17.45167283179183], [26.96142869601911, -17.444190295075863], [26.953525860731833, -17.447988286999102], [26.945801288027905, -17.441015790913784], [26.93985930522428, -17.444417042034157], [26.926905785676844, -17.433702885786197], [26.930649234349048, -17.422534550307955], [26.925895650801124, -17.41573116974971], [26.950495451613058, -17.40603591382779], [26.953228761816256, -17.388344998118136], [26.961309856991857, -17.38488599802493], [26.966419961214797, -17.370538953314412], [26.957031632247865, -17.351653578424564], [26.967786616765558, -17.35239088018879], [26.97372859777252, -17.34705954513574], [26.96338955209602, -17.339232407879344], [26.97402569668813, -17.328738982877336], [26.97075760861652, -17.323804028379033], [26.979492320687786, -17.319549652380083], [26.98133433594082, -17.302985009761695], [26.991435702664518, -17.30185039108228], [26.987751675751745, -17.292319309657877], [26.983592289136705, -17.29203564177319], [26.99435100795104, -17.281308984042365], [26.99227131374517, -17.2747840593369], [26.998748074417207, -17.270755513267773], [27.003739336917967, -17.253902747907773], [26.99672406767414, -17.245961736710864], [27.00266604688451, -17.240967817363572], [26.994703793431086, -17.23319291806163], [26.99678348584029, -17.225587958396513], [26.98341402924835, -17.221615093353652], [26.97533293317442, -17.205268690385576], [26.981928531975374, -17.196867894837027], [26.98127491507971, -17.189772331255597], [26.968143135643945, -17.181824976006336], [26.97669959142014, -17.167348565407618], [26.967786616765558, -17.157924095268175], [26.9735503378842, -17.14327547619015], [26.95970552338659, -17.131067412745562], [26.964162008917235, -17.126638242287225], [26.953941801369655, -17.11130568380802], [26.955094545593354, -17.095040434284208], [26.93760135202839, -17.084090122165946], [26.912858942766807, -17.04889482660637], [26.90164048056309, -17.04366836426096], [26.88587429543692, -17.01901770826142], [26.868400695026615, -17.002252938252898], [26.852580671170507, -17.03450452667624], [26.836204061045812, -17.033478916742048], [26.815026840568045, -17.02429766191504], [26.75504611524838, -16.974018047294184], [26.80238230464745, -16.86917114769119], [26.75307106578996, -16.858099459292173], [26.69118176544459, -16.836552552021626], [26.692153625801012, -16.82716076731512], [26.70753147282314, -16.82129111384016], [26.714440456995817, -16.784061353686653], [26.741399895802186, -16.76378863086913], [26.75326009019037, -16.746287051738697], [26.773003741408477, -16.7373057630749], [26.807861499671183, -16.75818666484379], [26.836454316412617, -16.739159603867826], [26.82756170297228, -16.65087069672495], [26.786942369666132, -16.631093054357486], [26.77565260728003, -16.631001960018594], [26.766323693784287, -16.608306664181153], [26.76799933296186, -16.586212329642326], [26.749602957938865, -16.58686152969733], [26.74234185842934, -16.577259983403952], [26.73647118119806, -16.58009607783992], [26.728271246096877, -16.575824837730917], [26.729281384565883, -16.57167879511746], [26.715115700831934, -16.562247358173458], [26.71637540027002, -16.55747451090132], [26.71006501387681, -16.552564847751395], [26.712929051411752, -16.535852827108897], [26.7065354783283, -16.51782910722841], [26.715923809091855, -16.504156392866953], [26.706416638402715, -16.500965951299253], [26.703683327301217, -16.49099549009657], [26.709981828084896, -16.47644338817781], [26.69942886838637, -16.47190774059628], [26.711954567076376, -16.459895741078157], [26.704063612907078, -16.45798104697353], [26.701092622852745, -16.441659783599412], [26.69115763130617, -16.43860509380593], [26.697147147564706, -16.434820858794467], [26.69225095377047, -16.417927678926794], [26.69515064274408, -16.411293115253873], [26.703635792049642, -16.4100847352138], [26.704538972609342, -16.397521682110884], [26.710433418364726, -16.39761288829808], [26.717872777762608, -16.38785373742829], [26.723302447766432, -16.243035151255945], [26.738050449111917, -16.226456303855556], [26.75812931476315, -16.21859988131876], [26.76291855783459, -16.211296704917217], [26.78211115460968, -16.204666575754377], [26.7945824603092, -16.205813515740683], [26.799252857166874, -16.196695310584282], [26.81376317506801, -16.193762331270946], [26.824125991065277, -16.184107158019685], [26.9374684741299, -16.18186311230007], [26.998337939591096, -16.25077628741183]]]}}, {"id": "105003", "type": "Feature", "properties": {"DIST_CODE": "105003", "DISTRICT": "Chongwe", "PROVINCE": "Lusaka", "Area_km": 2438.79949471}, "geometry": {"type": "Polygon", "coordinates": [[[28.807079749899195, -15.170059505407341], [28.812982182575773, -15.185892640252435], [28.801401007609815, -15.210924715349536], [28.80488931497838, -15.241723806060842], [28.801928138120203, -15.251879825374317], [28.813418292188327, -15.276644772175418], [28.801808613678396, -15.287658526385048], [28.789353451602814, -15.31161698464639], [28.793426503830872, -15.340026872996628], [28.797591809445322, -15.33959165182666], [28.807387022235368, -15.351914410921324], [28.815022484758085, -15.374328229837335], [28.829030967808897, -15.389707457100673], [28.827290646337588, -15.396440549185906], [28.833424165231136, -15.398876723115587], [28.83026431876138, -15.403923904955382], [28.83860769684712, -15.408182777658826], [28.846091609089815, -15.400619564280278], [28.860786166964118, -15.41183945593152], [28.868780006979552, -15.412406100879181], [28.887118816162474, -15.431331161743495], [28.92244387713768, -15.447857214370806], [28.924266657663825, -15.454220247954963], [28.933671176068845, -15.459658867737147], [28.929909369425488, -15.464417542605837], [28.93708031401311, -15.474161155992507], [28.952937947635235, -15.471720553425149], [28.955732122292176, -15.475234360339265], [28.95200998435348, -15.48526378299112], [28.955419122297744, -15.495346264032303], [28.946837502015487, -15.497725204333262], [28.94566568206672, -15.505840699669932], [28.843849098831992, -15.657316844118776], [28.77601497161682, -15.613223455164942], [28.725417128778478, -15.65235771581683], [28.716470516708117, -15.627082294269364], [28.666995062223428, -15.596372088025696], [28.547785709885982, -15.5501228483589], [28.515284400598485, -15.558268748196506], [28.43909897395337, -15.537587703731642], [28.440036769295926, -15.495296476258076], [28.43665249582042, -15.491256993869474], [28.477994038682365, -15.490113418860311], [28.489509996857013, -15.466233242584059], [28.44896856455403, -15.458610538110282], [28.425557639104856, -15.446861973656553], [28.412085680247408, -15.390458079915511], [28.401093658174005, -15.370430416370068], [28.403549860569903, -15.365555830846514], [28.38178624772246, -15.3568065976617], [28.378881689880046, -15.361952048676129], [28.34407818177565, -15.349260044814002], [28.34565343422022, -15.342400183960327], [28.332886317789193, -15.321292917589496], [28.30891252774592, -15.31781765534594], [28.30924532391429, -15.303968594666788], [28.28321243084812, -15.307287279217464], [28.2947754840999, -15.259666849212627], [28.31467697560161, -15.261327359850194], [28.31801301134301, -15.24559043482137], [28.33192333907597, -15.248306410660946], [28.335041895382037, -15.233774867360378], [28.31281351396951, -15.228773996295978], [28.31612921724277, -15.215514471596919], [28.337363851745263, -15.2195236753614], [28.34022774195648, -15.205013819030338], [28.32518069684276, -15.201681923990632], [28.32829787872643, -15.188023034794607], [28.343095858741105, -15.191221379953813], [28.346129254758228, -15.176808912822962], [28.330712060628336, -15.173083904355458], [28.333255911646532, -15.161391289099669], [28.356380344588658, -15.166332258068538], [28.36313419779658, -15.159726743678567], [28.3638468798205, -15.155668772210637], [28.34163182581354, -15.150603262599653], [28.34492380907171, -15.136087889213467], [28.367074268819845, -15.140756534147556], [28.37029338343713, -15.12736084406881], [28.385792632380028, -15.13105594323387], [28.412792994837503, -15.121832287665875], [28.470121231380098, -15.126604775353398], [28.48034143802938, -15.134130405880759], [28.511541442406426, -15.137353151031512], [28.55038467344517, -15.180662208591944], [28.62686260771646, -15.181878755240803], [28.666837752844142, -15.179269289041686], [28.6843920013057, -15.172130999401565], [28.708266139437853, -15.17771928515386], [28.735704000303326, -15.17037799856699], [28.807079749899195, -15.170059505407341]]]}}, {"id": "109003", "type": "Feature", "properties": {"DIST_CODE": "109003", "DISTRICT": "Gwembe", "PROVINCE": "Southern", "Area_km": 3999.94087755}, "geometry": {"type": "Polygon", "coordinates": [[[28.39719154186977, -16.665339868236533], [28.253476068631503, -16.72472974093466], [28.136556887567618, -16.82372087671402], [27.830188332906005, -16.962153371617912], [27.811957096080032, -16.988324153584372], [27.65650810887493, -16.962819857832045], [27.641506656855164, -16.966751259869216], [27.634756565791655, -16.959294554103664], [27.62408476886251, -16.96377315857839], [27.62061464968351, -16.95622539703609], [27.61217703922278, -16.956566416104362], [27.609895318401115, -16.9470630969752], [27.58265727519418, -16.93505821638829], [27.58020917919539, -16.927804895067762], [27.573364016730398, -16.928941797821526], [27.571367510113113, -16.925121779169213], [27.552899832212773, -16.929123702724947], [27.545531774793943, -16.918686690401927], [27.524853680745945, -16.92289339837499], [27.52889422833373, -16.92805501534554], [27.526232220109577, -16.93269352810346], [27.507621934657884, -16.928032276683442], [27.478434922780227, -16.94476676781292], [27.4676205156048, -16.93805950664213], [27.468642537886677, -16.931647598361238], [27.415877743885705, -16.943425332994817], [27.40834331039142, -16.938400558659357], [27.45284033930077, -16.892003949030553], [27.56279288411369, -16.74889913839627], [27.669664913577904, -16.569971409126307], [27.58275117519251, -16.497500733239765], [27.607434127660404, -16.475504760993623], [27.651028783595482, -16.475226440054787], [27.765489485932527, -16.452468775424425], [28.106407487169864, -16.334503120710213], [28.119309537743074, -16.457307149106626], [28.122905978017346, -16.447272478573936], [28.12876240706994, -16.450445573407563], [28.12777365838615, -16.45609865897342], [28.13842170924906, -16.451977393841343], [28.145228855909547, -16.45817749511653], [28.15023830210829, -16.455687482003917], [28.16542600363253, -16.464599874641728], [28.17186711376419, -16.47649762535249], [28.18004328034127, -16.47451471705585], [28.192806654390825, -16.479437760224382], [28.18779162336596, -16.48303879618141], [28.20053123068804, -16.493066643254288], [28.207447696928707, -16.48948858392611], [28.21847601632946, -16.49803479461878], [28.232760538192334, -16.48495324271571], [28.240584589432537, -16.504484365060293], [28.253110635770554, -16.503093969850354], [28.270841507390024, -16.509543090787382], [28.2748345179296, -16.51781497078549], [28.28203620017131, -16.518566942161634], [28.277520295576185, -16.52428638392448], [28.294550013251786, -16.535138053074245], [28.303760085923646, -16.559886683676087], [28.35723791588476, -16.612676930195498], [28.39719154186977, -16.665339868236533]]]}}, {"id": "108002", "type": "Feature", "properties": {"DIST_CODE": "108002", "DISTRICT": "Ikelenge", "PROVINCE": "North-Western", "Area_km": 2204.51015843}, "geometry": {"type": "Polygon", "coordinates": [[[24.589403199690157, -11.428565708692734], [24.605506713883646, -11.435409172147942], [24.614789788147064, -11.463559347926752], [24.628069307209405, -11.467031927836112], [24.625256594918227, -11.483448588275783], [24.640099712580984, -11.509773680363988], [24.641521914559007, -11.536367357422241], [24.652647333757155, -11.550646195891844], [24.64562551938818, -11.558955854019747], [24.637622159027377, -11.556218872273021], [24.632211083251608, -11.567141980091588], [24.630197659560917, -11.56265443375734], [24.626145644978518, -11.564207821661205], [24.628435913270092, -11.573651258765329], [24.62166577809765, -11.570865109195413], [24.619501346709377, -11.576289446432929], [24.608377181559344, -11.577645514968202], [24.612303359238435, -11.582773857576264], [24.61023959665416, -11.589973104346827], [24.599392277003343, -11.581590402787672], [24.5937295238277, -11.583488860201577], [24.594685899923586, -11.592315284069258], [24.58529831206676, -11.60027855013066], [24.56367917616477, -11.59450951963859], [24.564157363763563, -11.60444499956516], [24.556707696197787, -11.607945754299658], [24.541934198867878, -11.603877971975514], [24.537806680885872, -11.60967146199995], [24.542989678902547, -11.614175343133015], [24.53840529573332, -11.61947613187119], [24.52103290311617, -11.612858572655963], [24.51557709932412, -11.573823835714128], [24.5234145489368, -11.558681723160213], [24.519460914251024, -11.552514037079645], [24.522733644816036, -11.546479101734151], [24.508232808632766, -11.522779230129986], [24.500817217758986, -11.526482136816377], [24.502980101350023, -11.519099561798772], [24.492973802434516, -11.52229016210606], [24.482373309281076, -11.517888520400701], [24.479426085055888, -11.532164498056632], [24.46647256461015, -11.531279547182535], [24.461647678184843, -11.525667038405587], [24.446531275944697, -11.53481932866406], [24.433363845968557, -11.530348016702352], [24.417653248592142, -11.533608355903313], [24.41149735535982, -11.526994489314783], [24.400985322905655, -11.52960453462761], [24.387318505988354, -11.521648456310999], [24.374229245611605, -11.524758777748643], [24.36191746543517, -11.518167990939931], [24.3302823539654, -11.521964118337781], [24.32308143978328, -11.532630580615367], [24.310469855863946, -11.53082825916935], [24.297977264583736, -11.519750822914661], [24.29133973422193, -11.521998069016657], [24.272830193032718, -11.511237557363163], [24.246873664850575, -11.504944978412025], [24.246495919680342, -11.497198038270726], [24.229848125239375, -11.478636242760627], [24.230927399849264, -11.472633805649354], [24.226367468822062, -11.472448705832008], [24.228121286582166, -11.467450981622202], [24.22194244768255, -11.457296603182934], [24.217031752384667, -11.456423943711158], [24.20453916110449, -11.437621454599972], [24.197853202565724, -11.418063003108939], [24.174724232233093, -11.407127567400787], [24.175290850886757, -11.401573253124925], [24.16706139085714, -11.399457295144124], [24.164875860737805, -11.390411398127606], [24.150305669224696, -11.380095552380507], [24.131418382865252, -11.369938045592628], [24.103087453775238, -11.369805783315007], [24.080164951329184, -11.381736122782314], [24.05703437840213, -11.306707857660161], [24.03197843824173, -11.272715923674], [24.037255895907165, -11.167985671257382], [24.034740767621862, -11.135350160735932], [24.005371518115766, -11.129360440842076], [24.000914429815566, -11.117236123589242], [24.021716460830046, -11.097962526563164], [24.014195429301488, -11.08373053579869], [24.009036406421412, -11.019361371289904], [24.02154852617759, -11.00196674790269], [24.023881265019174, -10.983242574819357], [24.022513922257232, -10.968886473109603], [24.015875663361747, -10.962054338619534], [24.021427030832022, -10.948508252309741], [24.01852854200766, -10.941329798082958], [23.999971751231126, -10.927669226243404], [23.993778498862778, -10.91745453226615], [23.981694642833467, -10.911657555655616], [23.99924674881308, -10.890237301656027], [24.015161215249968, -10.89592699239327], [24.03329613920277, -10.8882715577155], [24.06341010106256, -10.888108177679339], [24.097778522735496, -10.90731642087584], [24.115984753158934, -10.906312863712927], [24.132503462388517, -10.924773141984215], [24.119549941942783, -10.949509516565582], [24.137779939991987, -10.966870418613428], [24.136995599357835, -10.976390479261584], [24.143531779094353, -10.984020307995706], [24.13566459614408, -10.996666255255333], [24.143222796365837, -11.005438770428688], [24.143888297972733, -11.03117153040086], [24.149782741931492, -11.041739274368227], [24.16328885743101, -11.043341537841135], [24.172995788286503, -11.025523202046353], [24.186167428666373, -11.02057659422072], [24.202259741766586, -11.029682783088424], [24.231323262242128, -11.03625930124144], [24.244809879808408, -11.050704636835972], [24.255776705036393, -11.044802929809766], [24.301877459391545, -11.041402370645045], [24.330654638277046, -11.054217501008825], [24.345945197799644, -11.070095116157159], [24.37930381787182, -11.08518508205921], [24.379847864557313, -11.093586792092239], [24.39115829897476, -11.101145313027569], [24.38706363507763, -11.114294989718882], [24.392561364142317, -11.12143153264996], [24.38755041326547, -11.158628629170604], [24.377127632926356, -11.173629737166584], [24.382883068883128, -11.18506264301644], [24.40160971131693, -11.19936016373793], [24.394479843093983, -11.225706203617053], [24.397314610821997, -11.232615321950465], [24.409913573411647, -11.237979602815747], [24.407508318068736, -11.247191333276703], [24.397600952412102, -11.250786074311792], [24.40163834511661, -11.264631020784602], [24.392876337735437, -11.270247444604722], [24.395224327275614, -11.276369222199163], [24.38603281200089, -11.286899494092069], [24.384916083931852, -11.305122972161577], [24.363698282959437, -11.328679803304377], [24.35814328809205, -11.353133054113426], [24.34388354895124, -11.355322796114192], [24.34150692740801, -11.3672818545618], [24.336524610330844, -11.369331125736021], [24.304569056324524, -11.371604959302427], [24.28567061019431, -11.379071983766151], [24.27957156684473, -11.38701601184623], [24.285956949987746, -11.394903677564757], [24.3057430501963, -11.402566577212621], [24.310839904268814, -11.409471425017964], [24.34410462703758, -11.413965575398862], [24.355713673133582, -11.409619513698004], [24.35607779625083, -11.401662061261462], [24.365973331095194, -11.401578076103723], [24.394010679970563, -11.415351261588327], [24.40369202590846, -11.424945909209368], [24.41992755741439, -11.427066342106796], [24.422990460393642, -11.439662663096737], [24.437084100140105, -11.443000593807508], [24.43768382889852, -11.46483263315164], [24.441175109690676, -11.46716268159359], [24.47996475083287, -11.458724029819814], [24.496371632385987, -11.466197076710513], [24.527493304568562, -11.46500056418246], [24.53610370417756, -11.450495051123239], [24.5483339002582, -11.443504429900228], [24.581875906005735, -11.453958809440106], [24.591321646302497, -11.44367237623912], [24.589403199690157, -11.428565708692734]]]}}, {"id": "106003", "type": "Feature", "properties": {"DIST_CODE": "106003", "DISTRICT": "Isoka", "PROVINCE": "Muchinga", "Area_km": 5177.01231703}, "geometry": {"type": "Polygon", "coordinates": [[[33.37401563486568, -9.90504113024015], [33.35996068016862, -9.895955550315227], [33.34498562873675, -9.877241786073105], [33.32217244137933, -9.862809729826845], [33.30577257207529, -9.854880019327837], [33.29379353776156, -9.858414833127338], [33.284333904120615, -9.84955416337998], [33.26228915362356, -9.853937396210926], [33.24487872094738, -9.875830012393674], [33.234932436679365, -9.875917278185566], [33.23152898956245, -9.869459599316022], [33.22724533809582, -9.872921162729886], [33.21395428466522, -9.870186821123566], [33.209171852620244, -9.864019920847586], [33.19963633020244, -9.865910726671242], [33.192976132651076, -9.870041377067531], [33.193709634928325, -9.875131891420635], [33.18678537939582, -9.875480950764729], [33.189983447384314, -9.88377103564723], [33.18153674417626, -9.88078613993347], [33.180823805234205, -9.888843301013946], [33.1726850948112, -9.887184567022643], [33.141930910834965, -9.916013693182942], [33.12890310780004, -9.912516051362726], [33.11585279927233, -9.919419457989306], [33.107417257631724, -9.917102020889418], [33.102809555994334, -9.955369542831104], [33.09525661540858, -9.958483189290325], [33.09678789262503, -9.968499783299315], [33.08870248104448, -9.991983326257117], [33.09880318031994, -9.991551132062435], [33.104262669899605, -10.000995412964585], [33.097718551750944, -10.005447873823876], [33.090181354140526, -10.000468878420891], [33.0923267601094, -10.004761546015697], [33.08099901335983, -10.019251447739412], [33.07510270090524, -10.019859598136764], [33.07683669194874, -10.030396429079598], [33.0710353673523, -10.042239801313348], [33.077055485619326, -10.047902585946236], [33.0737114548719, -10.052827811271362], [33.076911129946424, -10.062601357927045], [33.08581203663346, -10.067313603676887], [33.091491699696036, -10.078491209899667], [33.07952880900627, -10.09899902122543], [33.077087404558, -10.113891600864688], [33.06372070399732, -10.12268066274274], [33.06152343738878, -10.12908935500538], [33.05792236360428, -10.147888183711988], [33.06072997975285, -10.15789795040264], [33.04968261696636, -10.169494628188373], [33.049682618762986, -10.18768310475551], [33.04272461083031, -10.192993164188385], [33.04327392613498, -10.200988769310515], [33.04949951156535, -10.205078124242569], [33.037902834372524, -10.216979979128258], [33.04272460903368, -10.224182127728307], [33.033874511957436, -10.230895996009027], [33.033691408353064, -10.241088866809143], [33.0230521870311, -10.245347533747575], [33.02241352888152, -10.260577406317877], [33.01047099311779, -10.260751867802199], [33.00803959141023, -10.269438674821663], [32.996599147414955, -10.273317311809437], [33.00167596995497, -10.292601530101566], [32.99752981193079, -10.298382304054385], [33.002144683920775, -10.30134828063814], [32.992364366994764, -10.307068915608184], [32.99933647308749, -10.316580815411646], [32.98772565910703, -10.320058579578813], [32.9892307881622, -10.335758648002303], [32.98096447564639, -10.331941566244135], [32.97525907495262, -10.334604608826233], [32.97581936587343, -10.348164483805235], [32.958216065804095, -10.35488427718377], [32.93501577822106, -10.379768667560711], [32.92663014877424, -10.375620502114076], [32.91803571402449, -10.358037958820606], [32.887657913372486, -10.349290149659252], [32.87212686137362, -10.336621097875122], [32.8490201387173, -10.335518517587753], [32.82906367481178, -10.322736076198602], [32.8072343987103, -10.31789164391974], [32.6206321752185, -10.412037767075303], [32.608506525968934, -10.425591426772954], [32.61349539715439, -10.432697841797758], [32.6099893148213, -10.440745058594512], [32.60072984289364, -10.434380748074757], [32.59351705208517, -10.437461489728653], [32.59326903532007, -10.442420965148246], [32.5784855487242, -10.439923235828063], [32.5662780063584, -10.44704575778673], [32.56140066640534, -10.440102985725186], [32.56416619558451, -10.43660022092271], [32.55487060689085, -10.429687497600776], [32.538498214356444, -10.426987210304791], [32.53273924173239, -10.4320428077677], [32.52703059003562, -10.424994313302884], [32.55927085968137, -10.35520133160649], [32.543969806039605, -10.352005279301755], [32.54151099313948, -10.362586821140406], [32.53256614895358, -10.35885778710001], [32.51165578920065, -10.317617884927188], [32.50179524732985, -10.30760929189138], [32.45674775596727, -10.318399875961855], [32.46427567218415, -10.30566743782323], [32.4678624834169, -10.28515314325029], [32.48127097090963, -10.271276838242205], [32.49624249735235, -10.240526700102128], [32.49602650912036, -10.214059230151543], [32.52211546424679, -10.145230538325333], [32.49244993329197, -10.142991369708225], [32.472878702014555, -10.119191660250433], [32.461122557689116, -10.112263064829834], [32.45423045286066, -10.095745702632902], [32.4433336602922, -10.0883726671757], [32.449918348155705, -10.056493430754418], [32.46184736786771, -10.057258287351097], [32.46782630107388, -10.049677455244758], [32.473725489934004, -10.01597753776022], [32.4957295997493, -10.001543779270063], [32.4909584622224, -9.96633580888716], [32.47879097124353, -9.951620528335669], [32.480795927414334, -9.939017594828853], [32.48708451079729, -9.930182996403579], [32.506022109999165, -9.922589762198811], [32.508755618730056, -9.917213673967082], [32.53048908321825, -9.922659420656887], [32.53526228956524, -9.905378987417452], [32.56008535675958, -9.901825965418316], [32.56120544362946, -9.89487053563334], [32.54909259177944, -9.883136046833249], [32.54619465182571, -9.871400036576626], [32.537626841344334, -9.865470981273905], [32.52146991871395, -9.833666607114008], [32.54624934126021, -9.809835987789024], [32.57434716472051, -9.815210480007227], [32.57521925728315, -9.801846575234352], [32.58683491138637, -9.791619480941714], [32.6138765550244, -9.782378309709266], [32.62004081696191, -9.775141139042878], [32.62675546140265, -9.776278030657412], [32.637749307954394, -9.760548631088236], [32.657387457432286, -9.752323238736755], [32.66289835490069, -9.740835956582114], [32.65812966258802, -9.730882224757046], [32.66989347223776, -9.723135719098432], [32.664513491645586, -9.713925867110913], [32.67220358611062, -9.705089631045954], [32.67298181730251, -9.695596478676679], [32.68583258125953, -9.697421833700048], [32.71556316102066, -9.677671376836168], [32.73535078836519, -9.67307240617633], [32.747406944842695, -9.678805420980986], [32.75544057034374, -9.689088377316802], [32.77129703076609, -9.687621765239285], [32.7742061475586, -9.709704836690948], [32.784468417821074, -9.7201764285679], [32.80404699462256, -9.709480086299907], [32.81477625408547, -9.70864015423552], [32.84259917420422, -9.688719334706306], [32.86150662325021, -9.69452496325474], [32.89929556272544, -9.667698658404586], [32.902256986620316, -9.704303893249635], [32.89209856519797, -9.788527986352076], [32.89276426623082, -9.845871574823372], [32.901012356421106, -9.849813667092917], [32.91413683704519, -9.874479891134238], [32.95256390466397, -9.871599414634016], [32.973627888906904, -9.8585683690194], [33.0095300437903, -9.860454472898184], [33.02540585392386, -9.846462739784991], [33.056714541873866, -9.850395878684704], [33.0438897778561, -9.81586388792104], [33.04789744081631, -9.804322674403565], [33.044437851689054, -9.789593923104718], [33.0511003534191, -9.777342453061644], [33.04754003709735, -9.776713218582563], [33.04217467389147, -9.750248552324864], [33.04973210425706, -9.736040893955478], [33.04440970208131, -9.715172989429433], [33.06138491627365, -9.627906031602215], [33.077234041951726, -9.631398900678196], [33.0670900753206, -9.639077017254502], [33.08741566326462, -9.664106936826556], [33.08425550058785, -9.675275237188583], [33.10073861856588, -9.684217059401993], [33.101277284342856, -9.671037745986228], [33.11007014076922, -9.66767807892902], [33.11364527300494, -9.657718780101238], [33.11006615135104, -9.645217786872992], [33.11986983615252, -9.639328394325975], [33.110532993227764, -9.62607725900558], [33.120516232389946, -9.599646813778465], [33.12478963318085, -9.596630296288579], [33.140841820333925, -9.609270942562459], [33.153159267981515, -9.610707381278974], [33.15671445132973, -9.618320498090426], [33.16946283159885, -9.609342765750261], [33.1720843302953, -9.60068823072615], [33.195677811376484, -9.599539081663215], [33.20515829761011, -9.61311341519934], [33.22286238685768, -9.625215396716007], [33.2194149375632, -9.638251066116814], [33.23447991394828, -9.664291563354643], [33.21848021715388, -9.674307173038613], [33.21629224092199, -9.682582661954532], [33.22735125306107, -9.697899122642541], [33.22882360169323, -9.717686046931503], [33.237119026810774, -9.734205075411708], [33.22964955408793, -9.739268517948267], [33.23151692339154, -9.749323576755915], [33.24171562706786, -9.749718598356237], [33.2598042392745, -9.766305865608697], [33.29007134772056, -9.779211969605667], [33.29360905973482, -9.799521066944653], [33.306777220041276, -9.824023013439179], [33.350736589286754, -9.83889451362915], [33.368687213977545, -9.875254351408673], [33.36763900131356, -9.889274182316015], [33.37401563486568, -9.90504113024015]]]}}, {"id": "101004", "type": "Feature", "properties": {"DIST_CODE": "101004", "DISTRICT": "Itezhi-Tezhi", "PROVINCE": "Southern", "Area_km": 15758.863354}, "geometry": {"type": "Polygon", "coordinates": [[[26.34818876369879, -15.32535054993925], [26.825378418641144, -15.331604002763857], [26.94375371578, -15.345216365774718], [27.008908864696977, -15.343315977346618], [26.97763103926688, -15.464905558311472], [27.195301056685473, -15.47003640072404], [27.274958508734613, -15.724049202851523], [27.267600059696047, -15.719439400031085], [27.263989588635383, -15.731635861227874], [27.25588305766249, -15.722062357881931], [27.245869109592334, -15.729078597856084], [27.24114990457032, -15.720886229251946], [27.23619577303351, -15.727504884401307], [27.21419233425971, -15.734324227787694], [27.212325979154052, -15.739555321961548], [27.20186087199542, -15.735068120190727], [27.205669109860846, -15.725728548694248], [27.195341946200575, -15.714174681201907], [27.20165878519244, -15.708817531826455], [27.191503427025214, -15.707711093594295], [27.196589761825756, -15.69982867087424], [27.18885330441061, -15.701281622048615], [27.192561100745813, -15.694462958773894], [27.177337744189607, -15.677037719327165], [27.166511452302977, -15.680847829574537], [27.160392478032204, -15.673645202015054], [27.165121030024732, -15.664325393592986], [27.159535567896135, -15.65699055983986], [27.168334961362813, -15.64776611228971], [27.15903049821248, -15.643824960753157], [27.157604423597256, -15.628306661736644], [27.147407982777143, -15.624735913025887], [27.14187005590011, -15.612398039224221], [27.136641114446544, -15.621096431161648], [27.1168899667874, -15.632060458068626], [27.114727086789614, -15.625262371171457], [27.09918286369203, -15.621325330954315], [27.093644936814993, -15.613588367078133], [27.083733711097594, -15.614252201213414], [27.08390008896968, -15.597426782177136], [27.07123178272831, -15.596625537123215], [27.05827826497754, -15.587949002685457], [27.043395997836406, -15.602294921378752], [27.003350590080476, -15.598754552907314], [26.994750975644763, -15.617919921071643], [26.986950721674752, -15.621897578884822], [26.97321286059489, -15.613519693623385], [26.972452285789917, -15.592390335706282], [26.963468010054623, -15.58380519790525], [26.96629639165926, -15.567068867693228], [26.950835358845186, -15.574796139237412], [26.942445280941126, -15.564676216852444], [26.93847603712897, -15.578711177769877], [26.92476194367488, -15.568225114897006], [26.907649036614124, -15.569484387919456], [26.89897374360729, -15.578047230413459], [26.8873036938187, -15.571980013023802], [26.88369096888495, -15.580725907262998], [26.84967906788701, -15.588693045642176], [26.83950639559103, -15.600849205158303], [26.84989297921404, -15.6088842410854], [26.84288144336856, -15.617147864951917], [26.831282692864047, -15.609593871623776], [26.829547634622, -15.62154278478519], [26.81252980075929, -15.611860099191043], [26.81138894214513, -15.618383945302323], [26.820658431186487, -15.622755951677142], [26.83190065921935, -15.6518926380228], [26.825031729128582, -15.662946557013958], [26.796914273886042, -15.665967400430002], [26.779468615572654, -15.662809244927747], [26.762070496104112, -15.66958319811648], [26.748974369903635, -15.665761431851445], [26.72066676916325, -15.681322658708256], [26.70488486711287, -15.676036550662667], [26.703530095375005, -15.661115719593333], [26.699299405882577, -15.659445068265208], [26.69421306838708, -15.66544104442545], [26.701795037132946, -15.682489701828016], [26.700036211265118, -15.688164644390046], [26.69285829844584, -15.68825617500012], [26.6839453246896, -15.67589924910584], [26.672869470935563, -15.670201080424938], [26.676125677889242, -15.690407118676116], [26.660771599391214, -15.697363207386266], [26.65734901636207, -15.709169708966213], [26.648103294048173, -15.698598802773114], [26.637146279321392, -15.69734032619185], [26.63705120791996, -15.67827915909231], [26.627544038129095, -15.673885456384102], [26.60622420920167, -15.692466511854708], [26.581885854968345, -15.705691896172542], [26.57658560794247, -15.70450210370957], [26.571855789325383, -15.686608627249116], [26.57630039283978, -15.657042053132717], [26.56995435410956, -15.643721966633567], [26.563251800992553, -15.641616306267869], [26.53558593513161, -15.657454000738559], [26.510296862392035, -15.660154526171107], [26.48892949821305, -15.672352215244882], [26.466349969847542, -15.670018002970751], [26.444697388769203, -15.675052542023218], [26.43856526495932, -15.685281425584689], [26.417839632964785, -15.692603803129055], [26.420454105937367, -15.703655517944068], [26.405004955139546, -15.717680949093399], [26.390102465124734, -15.718664752876508], [26.393810260561647, -15.727198474777738], [26.384968595072618, -15.731179230411257], [26.333701178564233, -15.726008807975754], [26.323766186119354, -15.739506535056444], [26.3659780204218, -15.807530577943435], [26.38834363925691, -15.854566792406791], [26.40294703160461, -15.965323966242948], [26.39423660638537, -15.989976644225814], [26.375766595560247, -16.0012347071008], [26.296099943864267, -16.104013315191178], [26.423395356365887, -16.2995007623122], [26.148391999973892, -16.359038998756937], [25.684087999554205, -16.564481999101506], [25.676237940289873, -16.53787628682394], [25.6882379385874, -16.513376284981277], [25.675720001341453, -16.507384999801655], [25.668001924355323, -16.49656879737844], [25.66307799956827, -16.497054000355142], [25.658778002356733, -16.477468999880685], [25.673710001130296, -16.429757999726927], [25.673222001233675, -16.42170099985711], [25.65997400225802, -16.412447000067452], [25.6587379392917, -16.404876287400874], [25.67003794067542, -16.396676286149685], [25.668037939611708, -16.383676286613305], [25.673048000258085, -16.37127799889388], [25.68192200060572, -16.371052998895564], [25.695172000129542, -16.361805999584742], [25.668637938763013, -16.338276286056868], [25.6762459999746, -16.311592999312733], [25.670550011828407, -16.310107282088325], [25.662237940030305, -16.296076286192523], [25.667337940002966, -16.281476286279002], [25.68563793927069, -16.25757628682892], [25.687137939843904, -16.236176287784797], [25.673337939600863, -16.220876287845982], [25.68485400108181, -16.204185998415998], [25.67664600090601, -16.184891999381666], [25.656237940432387, -16.180776286186635], [25.639052001237314, -16.187651000401974], [25.609436843312068, -16.180687118652095], [25.56175200068324, -16.196396998751908], [25.537237939573604, -16.182876287098896], [25.528337939286693, -16.182876285373464], [25.489637940128397, -16.193576286956986], [25.479437939284836, -16.183676286994025], [25.46933793979698, -16.15687628685616], [25.448337939856785, -16.130676285736183], [25.43323793995541, -16.10007628709629], [25.39223794015774, -16.08167628403133], [25.364237938740306, -16.088276285679243], [25.347737939621457, -16.063676286619348], [25.323537940314925, -16.050376285678738], [25.316137939702905, -16.027576285923814], [25.316137939702898, -16.012176285293876], [25.33783793925182, -15.972976287402101], [25.352037940426268, -15.956576286751549], [25.348637939246736, -15.93037628560807], [25.351737939053965, -15.916476288111514], [25.389637939044363, -15.846076285841152], [25.3833379398708, -15.818676285634062], [25.38771384921543, -15.794509615365182], [25.401637940036867, -15.768876286298962], [25.399037938923474, -15.738876285871353], [25.363037940437675, -15.710876286736138], [25.355037939776036, -15.71507628796452], [25.340637940381693, -15.738276286693484], [25.319437938628337, -15.754776287004702], [25.307737939906488, -15.75947628665188], [25.29243793909026, -15.758076288273628], [25.27063793998221, -15.723276287944495], [25.24516451498008, -15.696754243126747], [25.277893066593453, -15.675476074173808], [25.282037940026736, -15.650676286693718], [25.276337940902803, -15.636676285596657], [25.26113793964567, -15.619176286094781], [25.2284379400853, -15.608976285627483], [25.226037938988522, -15.597876285718385], [25.21813537409416, -15.590400357285503], [25.28405761689015, -15.521789549408371], [25.24884033398611, -15.497802731380045], [25.239807128813887, -15.479309081871365], [25.25848388779998, -15.462585449226413], [25.289062501443862, -15.469421385805655], [25.30603027489072, -15.450378417110041], [25.316833497142554, -15.412658689851716], [25.304077147918527, -15.389343261581953], [25.31219482428913, -15.372619627638665], [25.341637938667777, -15.344176285813443], [25.319137939052702, -15.301576286848082], [25.31637232633021, -15.284301786927706], [26.00573608781658, -15.288334082430406], [26.34818876369879, -15.32535054993925]]]}}, {"id": "108003", "type": "Feature", "properties": {"DIST_CODE": "108003", "DISTRICT": "Kabompo", "PROVINCE": "North-Western", "Area_km": 7134.99571264}, "geometry": {"type": "Polygon", "coordinates": [[[23.534627004944102, -12.995310073866266], [23.946899416297697, -12.997589665817875], [23.998138181040115, -13.101202333345336], [24.011574230642374, -13.150059212414003], [24.021807611983625, -13.16482644059241], [24.04814022075783, -13.177342023320785], [24.165418761173008, -13.257467886668211], [24.177381465013198, -13.295983521313234], [24.14944983527035, -13.319690805311192], [24.190018621273754, -13.401248995350386], [24.262329102058743, -13.3819890811646], [24.345056260927077, -13.505554346711165], [24.314075723058792, -13.503958754282747], [24.305804485080266, -13.520690410375511], [24.29929207296957, -13.52216939408613], [24.29163880224468, -13.533816079066963], [24.274500196180224, -13.539594955279162], [24.25390330264734, -13.584650021364702], [24.46840398109859, -13.654214081097798], [24.484411599237188, -13.673192269050485], [24.477397790653985, -13.681716373877697], [24.47197434328016, -13.702793645802776], [24.469133491262717, -13.739674322017315], [24.446406667936685, -13.77980995717481], [24.447956224072545, -13.794357425770299], [24.44101050329634, -13.83146746831016], [24.426520696628128, -13.856048658128795], [24.400694762827037, -13.871343548118235], [24.397079131843327, -13.879617411753017], [24.383907907383445, -13.884631729148603], [24.365054971702147, -13.908197574636336], [24.341742300385494, -13.924393587405667], [24.33568147855463, -13.906514045595639], [24.32605546883824, -13.907552250301988], [24.31809321538484, -13.895381891220811], [24.31090341875267, -13.896304785038746], [24.30918024162859, -13.916492154316206], [24.29135429770936, -13.915742369105761], [24.299435392884945, -13.926066118779916], [24.31155703475004, -13.931775704569308], [24.30995269934813, -13.944982183605692], [24.299316552959347, -13.933678868762057], [24.29582825816719, -13.941040741114161], [24.301693346979143, -13.945155189679312], [24.299078874006597, -13.948211601948705], [24.27578630788429, -13.94267542966567], [24.263248726279716, -13.915338638405773], [24.25059230564788, -13.917299612727307], [24.244472065650854, -13.92716190974604], [24.235737353579598, -13.916261450896906], [24.24821551522139, -13.905764228915302], [24.230033050627142, -13.906052621239834], [24.21458389982935, -13.921394533606248], [24.197589833592392, -13.91695355784848], [24.198956489143175, -13.9259507718766], [24.188379761818872, -13.936158723677138], [24.175663923020895, -13.938984574358622], [24.156718919006153, -13.933243091038651], [24.15783797730501, -13.940426320783574], [24.136209167445706, -13.969663009115864], [24.103350009773216, -13.963954360953435], [24.106499259715886, -13.945501199693773], [24.094080518036893, -13.94348279743177], [24.09164430674931, -13.958418568351037], [24.083206693593613, -13.956919267780298], [24.078461200273157, -13.960963449277047], [24.08302843280695, -13.97462192362974], [24.07774006959395, -13.984308793353854], [24.06413293404919, -13.989901620119126], [24.05679181530912, -13.984780067361191], [24.062528597748994, -13.969605346569493], [24.053496785863782, -13.966722208692483], [24.040959205157545, -13.97179650882312], [24.029847699964836, -13.997396950568808], [24.007624691376012, -13.99595555894017], [24.017785478960842, -14.007601737067324], [24.01641882341009, -14.013482254092088], [23.98164582478768, -14.001710741589108], [23.965770726119818, -14.004557132165926], [23.9606236202903, -13.995148377702407], [23.944758528854717, -13.98626918137033], [23.936855693567466, -13.988171893913565], [23.93049777192269, -14.002239955938057], [23.915583400789906, -13.987768289115166], [23.903045820083676, -13.99157367801592], [23.878743116390712, -13.981656476122446], [23.866680895386708, -13.999703155583703], [23.843626006420646, -14.008812443982533], [23.83031596889315, -13.993476346672589], [23.827582655994988, -13.971796507951407], [23.80880599536616, -13.967875467825], [23.796327834622705, -13.988748471341966], [23.772441069770913, -13.985750256243687], [23.759131033141728, -13.98897910138566], [23.728826927580695, -14.032448783687899], [23.700661936188297, -14.038443957041808], [23.69567067189089, -14.025531083364129], [23.67653749058703, -14.015038838097864], [23.653482607010844, -14.031872316850187], [23.64361891564669, -14.031295850305982], [23.629476998640218, -14.038098085985876], [23.616523479991102, -14.033025249947524], [23.601668526126186, -14.035446389095576], [23.59990079885223, -14.022965196329785], [23.587203290177637, -13.999831995049776], [23.594501699415865, -13.98928148900155], [23.595607125780294, -13.969017658690825], [23.61314829117809, -13.955361042930011], [23.607620273616963, -13.94537103776088], [23.62679730977466, -13.930522425207887], [23.631400671650905, -13.916636161599515], [23.63702417473683, -13.913321887412074], [23.6341789631953, -13.903775533746451], [23.64405390506008, -13.888790977591192], [23.62804817428191, -13.87290048241102], [23.62922411300629, -13.867661560121224], [23.642983148275718, -13.857866034657006], [23.640606506071226, -13.853127598366445], [23.656420366586175, -13.863639834806513], [23.659057744801903, -13.85189925238639], [23.664710493440197, -13.853242438157208], [23.672440249423325, -13.847805687039285], [23.67160525279036, -13.842921180142142], [23.67901781095174, -13.842567978869596], [23.675088228657696, -13.82270266989173], [23.68972555486527, -13.782201304306676], [23.669627646726628, -13.733114534565596], [23.677049695588998, -13.712780204712518], [23.66754280068264, -13.681262562778272], [23.67761103933532, -13.624839869303067], [23.66819894004764, -13.605782367704508], [23.6663450400834, -13.588409830093141], [23.65914816203186, -13.581182614730738], [23.663825641207232, -13.57764376029005], [23.66092595492857, -13.54820785202231], [23.66710561488838, -13.534875005666189], [23.665536931823492, -13.525793454569515], [23.669743854588432, -13.521033012216082], [23.665489394775264, -13.514469915234695], [23.66981612495133, -13.507904784064884], [23.66042682670221, -13.490550058921091], [23.667604742216444, -13.4710657368893], [23.66460998273967, -13.458214000787107], [23.667652276569676, -13.455717541002608], [23.659832630667637, -13.445847020722656], [23.664253462962993, -13.434427220678508], [23.655958458257, -13.425434325586428], [23.659214664312316, -13.408164247156346], [23.66392071171037, -13.406522715634734], [23.662684782593033, -13.372626060882155], [23.66829401234742, -13.369250006050741], [23.675614531819747, -13.350657743091691], [23.71537884235021, -13.307289592799362], [23.719418571572795, -13.291797334890934], [23.64043718172502, -13.226391956051582], [23.639086761426405, -13.184842117202699], [23.607774440689365, -13.103602740317111], [23.595340668399036, -13.093334351372246], [23.5884695383341, -13.08017246110442], [23.51267459317338, -13.07349535603675], [23.505315085919428, -13.052300458331136], [23.486979272617965, -13.039377873304602], [23.508804986899314, -13.027232609772692], [23.513568345914138, -13.011959388916312], [23.53324157640052, -13.000351953766677], [23.534627004944102, -12.995310073866266]]]}}, {"id": "101005", "type": "Feature", "properties": {"DIST_CODE": "101005", "DISTRICT": "Kabwe", "PROVINCE": "Central", "Area_km": 1571.78214373}, "geometry": {"type": "Polygon", "coordinates": [[[28.63312166257769, -14.363410527989316], [28.630955294421682, -14.37012018883465], [28.612366491281676, -14.368290069101885], [28.582495553350647, -14.378897834857595], [28.566147936351747, -14.395626671939182], [28.532695836692817, -14.406156047077296], [28.54810034840752, -14.447719392217898], [28.54068643199343, -14.452366190359543], [28.542881318066463, -14.455821600766727], [28.550644440174203, -14.4516923702165], [28.58825866990307, -14.51041086271909], [28.54844872495615, -14.538864592711203], [28.51625803961916, -14.550871495344037], [28.49951584032669, -14.555291050382086], [28.47386983099213, -14.55219737114792], [28.4882873933486, -14.56848811626687], [28.46325453629775, -14.657376107185609], [28.468299202743825, -14.667454224070994], [28.459258458909776, -14.692474038238258], [28.420252349835277, -14.688135489232499], [28.419634217291662, -14.683127402791612], [28.401424751136577, -14.68912302976486], [28.377202311914253, -14.683651081628076], [28.338555663700696, -14.683697066986177], [28.204219352121882, -14.644515767312756], [28.11951046571929, -14.695698386392749], [28.11456673577518, -14.654909609114776], [28.16419416364636, -14.643044031168536], [28.250763448425918, -14.550929991937963], [28.23787169434251, -14.515349757328275], [28.195635042283683, -14.518397110730108], [28.18880683192642, -14.49487247001111], [28.266325046737727, -14.443246969910245], [28.27109224515213, -14.418019696347422], [28.249352064858876, -14.38340779034068], [28.205463280736826, -14.378898576246932], [28.200649342978206, -14.342484894663976], [28.208270966055675, -14.322871720986853], [28.255871419150083, -14.275563162094167], [28.287946674566335, -14.21901646316527], [28.32050895969868, -14.23662770237076], [28.335177042424927, -14.254793269750154], [28.348160996894197, -14.245538863929415], [28.36010886775239, -14.26546257675029], [28.350372588936555, -14.272339960375476], [28.37030007858093, -14.286330370341652], [28.386020061555445, -14.278278014962012], [28.399722579318766, -14.28121139222261], [28.411135916650327, -14.271356069421016], [28.433865655009416, -14.266641286572419], [28.444379174175378, -14.272875255104305], [28.463622425152696, -14.267531863818085], [28.491000814851397, -14.281859201255957], [28.504135954884635, -14.272691906011985], [28.50662244398037, -14.279344779267355], [28.516568394075108, -14.274787318921492], [28.516325150059117, -14.282199693849758], [28.52694677518131, -14.282487799752696], [28.53148731786973, -14.291183265217171], [28.538271103841232, -14.289218956944554], [28.56191976393876, -14.301109303358428], [28.59337923500751, -14.32892082814447], [28.604892754256202, -14.331513252334167], [28.60567653793485, -14.347800318914759], [28.613433298173746, -14.339499825407795], [28.63312166257769, -14.363410527989316]]]}}, {"id": "105004", "type": "Feature", "properties": {"DIST_CODE": "105004", "DISTRICT": "Kafue", "PROVINCE": "Lusaka", "Area_km": 4485.48971595}, "geometry": {"type": "Polygon", "coordinates": [[[28.420980469407347, -15.478355181335461], [28.440036769295926, -15.495296476258076], [28.43909897395337, -15.537587703731642], [28.515284400598485, -15.558268748196506], [28.547785709885982, -15.5501228483589], [28.666995062223428, -15.596372088025696], [28.716470516708117, -15.627082294269364], [28.725417128778478, -15.65235771581683], [28.77601497161682, -15.613223455164942], [28.843849098831992, -15.657316844118776], [28.947579957801175, -15.501392789822155], [28.951539760319687, -15.502143164274056], [28.956124460594193, -15.51279119122614], [28.95115175010069, -15.526403369249763], [28.95380482637596, -15.531866899309987], [28.965729270069886, -15.532220098186125], [28.975771612987863, -15.538930484889748], [28.99496545213297, -15.536771742414755], [29.005331742813738, -15.540907150125125], [29.026334284986174, -15.53235015123263], [29.035269810947625, -15.539788782858432], [29.057460155894386, -15.542857790065822], [29.062940251928378, -15.555731513992603], [29.08650736835429, -15.571100905328048], [29.107941836685026, -15.567720262119577], [29.11836749792123, -15.577963385587957], [29.12675757402872, -15.572491450095448], [29.15235562859843, -15.573063839385982], [29.15653878194097, -15.591219071157079], [29.169917851404783, -15.596521858237487], [29.16265083918403, -15.610680723117243], [29.16361322680579, -15.62541396817274], [29.189934538366956, -15.634320030402037], [29.28414248367166, -15.642638535215147], [29.290748217265673, -15.659568076839843], [29.297963712003178, -15.658785237593072], [29.305992218903732, -15.671603835004358], [29.31432561041844, -15.67316941140222], [29.307618245924775, -15.681388480382795], [29.313959688873968, -15.699355478652581], [29.332131376379778, -15.700703380193685], [29.34049124843246, -15.719551350740245], [29.29125071866594, -15.744678170618915], [29.261151895215296, -15.754745432302464], [29.250300668791336, -15.764550968148509], [29.225137948588088, -15.764976516074311], [29.210382378037988, -15.770087091658763], [29.117868586188866, -15.84227066691099], [29.09935656205621, -15.847996993016144], [29.09797786369073, -15.863119603985325], [29.072419882965836, -15.875082420163361], [29.044799901252947, -15.899060699158001], [29.02069961584126, -15.939642367587023], [29.011438527844437, -15.942597832038288], [28.982315125672013, -15.93598236833068], [28.90509982097787, -15.94381324668224], [28.8865478694258, -15.93919188866698], [28.86174786198479, -15.950929978015552], [28.82300985061527, -15.94519969084921], [28.80455404035815, -15.96368399123357], [28.789847047105358, -15.952131518273793], [28.78369511544344, -15.965717170427236], [28.77610131498697, -15.970245520706777], [28.749344838840937, -15.95615576894854], [28.73163145382677, -15.96557011083647], [28.72190380512588, -15.943626723135436], [28.71198587707814, -15.945594661158694], [28.707212538678775, -15.939320151940676], [28.697586086092944, -15.937746340846633], [28.690131574811158, -15.921067397681256], [28.676256053202234, -15.91653691320013], [28.67017683836592, -15.904508994674993], [28.660676425702643, -15.90802096080118], [28.63992609183443, -15.896510816429037], [28.623147552993743, -15.908617145039768], [28.60394302928666, -15.900645695602124], [28.581193582788547, -15.9092889781333], [28.56944736215207, -15.895410053380292], [28.556315806396782, -15.893950728101014], [28.54674752960708, -15.880222039032528], [28.537444563050002, -15.878494936570705], [28.536729829273977, -15.87221105798717], [28.52207059136002, -15.867795194222888], [28.514041741303007, -15.871175355362851], [28.496716646782236, -15.850276527334987], [28.474257381273716, -15.847917912810384], [28.458428380552945, -15.835016251666831], [28.44555295424811, -15.84813520917154], [28.4316259070711, -15.834979628380097], [28.428212485061245, -15.813240857027285], [28.37863225018351, -15.786682016181137], [28.340836619157734, -15.78109111817488], [28.30075973443425, -15.805131759583595], [28.27564536425451, -15.793381743249347], [28.27029407225924, -15.804007589901234], [28.252467148278026, -15.818203491321425], [28.250251786006384, -15.831428642654297], [28.227925626568457, -15.838925133371948], [28.187085598756596, -15.81460498483861], [28.175350893623744, -15.787076316927758], [28.120470770147918, -15.776095579197262], [28.07021979468858, -15.743483610321642], [28.041072660823005, -15.742046789872578], [28.026587821838277, -15.734366446289561], [28.020346497924123, -15.718938688673397], [28.014052228205443, -15.71620043567538], [28.005189293305445, -15.718374802911796], [27.983246373134026, -15.71170739631486], [27.97745223865316, -15.726382628802654], [27.948495735375705, -15.755788269013976], [27.939032445591547, -15.754131552611438], [27.922618178090165, -15.761592135594848], [27.9197920826979, -15.753759194653744], [27.901321116963615, -15.743049600305994], [27.89875273115836, -15.721720939260743], [27.888693953562285, -15.712821753805523], [27.884692244635776, -15.721518055199848], [27.870827963645965, -15.715405083081931], [27.83171988410864, -15.74814743458325], [27.803158252382318, -15.743744251234345], [27.804884392150186, -15.717556279828102], [27.831175842812993, -15.70808784498511], [27.838104571057308, -15.683976007383938], [27.8245471401955, -15.686840288712588], [27.831054157922935, -15.66289886842876], [27.792422605897737, -15.65624542671395], [27.78683714376913, -15.641140050963692], [27.77041413655835, -15.631052568841827], [27.77077497723154, -15.621938380201502], [27.79210073683646, -15.587609781942051], [27.78976163882099, -15.578889517909563], [27.96050967013654, -15.583803944962574], [28.05031920419706, -15.580185849016132], [28.067051030642975, -15.609277858028195], [28.08472178610532, -15.590100505843521], [28.11629400921695, -15.607303526854254], [28.10370157468451, -15.623397531061663], [28.113528771990243, -15.621320149668652], [28.14352201644552, -15.662900890700385], [28.16341987785519, -15.667694085321019], [28.172650904629382, -15.656696135870085], [28.19160341227172, -15.649975515224343], [28.217392067785145, -15.66343697362058], [28.241178315648217, -15.65519540875078], [28.250075974925515, -15.62613832973355], [28.272042048275054, -15.587709640810703], [28.311021402825467, -15.599517545812475], [28.33936574106772, -15.599882562575385], [28.342426744110146, -15.54788897118562], [28.34948431771565, -15.535548204626632], [28.310053513920913, -15.52119593872865], [28.310096474052738, -15.477287301020086], [28.33101609274131, -15.47615656566676], [28.331560454735488, -15.490577172055566], [28.340555912699426, -15.490379346848378], [28.340096511568195, -15.477176532274854], [28.420980469407347, -15.478355181335461]]]}}, {"id": "110001", "type": "Feature", "properties": {"DIST_CODE": "110001", "DISTRICT": "Kalabo", "PROVINCE": "Western", "Area_km": 9125.00370077}, "geometry": {"type": "Polygon", "coordinates": [[[22.048199346850645, -14.029407407965941], [22.05582884994975, -14.028438930387534], [22.059461539042367, -14.03488101526407], [22.09875372380563, -14.052580493143177], [22.10944929015717, -14.051888790590246], [22.12606306899158, -14.061088229652238], [22.140736032264794, -14.063059358570086], [22.18196523091897, -14.08432726905921], [22.195085124745244, -14.079831807124048], [22.213338892216843, -14.085779631309904], [22.25854548509778, -14.114824916975866], [22.299545157010314, -14.152716532136235], [22.324358870945915, -14.166751422967506], [22.35106213358948, -14.206085968992838], [22.375840197883026, -14.215140935148323], [22.40792689514105, -14.214207805314464], [22.420547664334176, -14.2260271488197], [22.446323977893947, -14.230830740889623], [22.452491754040828, -14.23756941987726], [22.47309854610981, -14.238502453255958], [22.47495244517572, -14.245102679824827], [22.486040182742663, -14.249525762911189], [22.505506112604177, -14.253119450044219], [22.531175471847902, -14.246761346359955], [22.537881162780156, -14.254055428132663], [22.600197526703212, -14.263347331370895], [22.60632965230972, -14.268599306729767], [22.620590407445114, -14.264176598638205], [22.625011242435427, -14.267079010913873], [22.628291214319937, -14.286289268048906], [22.651243776192004, -14.273313204131902], [22.672071736178868, -14.271501659421517], [22.679344720399598, -14.280484902123053], [22.699167169139493, -14.288085826020021], [22.70692108082062, -14.306057380736757], [22.716993112160424, -14.30922886315324], [22.718554011323384, -14.315932465580518], [22.731253868194127, -14.318072418414094], [22.741236395890585, -14.326224764852421], [22.752200893583684, -14.344523883781942], [22.77531959976589, -14.34681156970655], [22.78701341897692, -14.362561272210497], [22.80512457979551, -14.369192393967197], [22.817246220762254, -14.366705746343346], [22.82993829283275, -14.373474888952533], [22.83052681061643, -14.378171726359474], [22.842772973352947, -14.379967545728206], [22.851899854842966, -14.400411282175194], [22.866445825979373, -14.413532961246462], [22.874859672407595, -14.429139849572191], [22.876998785677902, -14.452479085332024], [22.868584939249686, -14.478853613424125], [22.875572709266027, -14.497079203652703], [22.861446670880554, -14.517607635259148], [22.878067876087417, -14.531929266686419], [22.87714139233092, -14.545121300855381], [22.886125668066214, -14.562927355969805], [22.89029171119754, -14.591934021943834], [22.906664305852942, -14.596420609395917], [22.89648745189922, -14.615169421012899], [22.900980621931144, -14.630457654888728], [22.91313406775057, -14.638830004071544], [22.90535391807661, -14.64830279714759], [22.90497363157242, -14.657132846134862], [22.923227399044066, -14.67111302712419], [22.91710617359515, -14.68203118627671], [22.9024245074435, -14.685889326616035], [22.904641995129104, -14.697146808095825], [22.887945245200083, -14.712723350835793], [22.885928259689276, -14.727414161242574], [22.87659260074409, -14.731640276697844], [23.013392370411367, -14.851272069612753], [23.011382792408398, -14.858980468346521], [22.995004258990704, -14.86932635659701], [23.00931935411594, -14.888147117737093], [23.005063513592212, -14.896622157656674], [22.988813946808243, -14.901856573690377], [22.982365706748176, -14.909458713590293], [22.992424963146323, -14.927403682714196], [22.978625728267914, -14.936375605983063], [22.958894109983063, -15.003154796639706], [22.949608642607707, -15.011874421057945], [22.95541205938041, -15.029561709625941], [22.950253465895038, -15.03952573436357], [22.937743877591394, -15.047745704152836], [22.943934188875506, -15.059701458262024], [22.942773507137915, -15.074894259890348], [22.951156219755013, -15.086225887778717], [22.93390273892866, -15.094842203816672], [22.94627755299025, -15.102989067706574], [22.942005463739694, -15.118669673859332], [22.951991972769463, -15.127778917963914], [22.946363715799063, -15.141581772656647], [22.95476807242461, -15.154612898150095], [22.94073545972695, -15.163642444771142], [22.932445192735774, -15.200490747396696], [22.915712538043167, -15.190178273971304], [22.905977176407223, -15.194251945568013], [22.89733989740832, -15.174908193721151], [22.885408373193332, -15.176192786043627], [22.88303157558033, -15.16678755703172], [22.877119857018624, -15.16875636930937], [22.86565418743188, -15.163195669842475], [22.85733539803208, -15.152505134077472], [22.844833442713394, -15.159158106091512], [22.811722065956854, -15.144933601990592], [22.812520138238447, -15.156869602366578], [22.823353184557654, -15.170561805626516], [22.826190410974643, -15.195952276993967], [22.84424548997005, -15.21710866556813], [22.8411503329805, -15.236520895696419], [22.853530959142024, -15.242244673056952], [22.86307435708993, -15.23975609372229], [22.870296389766047, -15.259663906091884], [22.881903226904747, -15.259912740911508], [22.881387365759597, -15.268870630091662], [22.876228773172553, -15.273349431763583], [22.879323930162048, -15.302210524707842], [22.87493912390288, -15.312161703261348], [22.88706182218676, -15.326092558736109], [22.883708734624648, -15.338530038398215], [22.88964111713278, -15.351464230773397], [22.886803890715857, -15.361413065193455], [22.89634729135873, -15.380314539650684], [22.90202174329431, -15.382801448990337], [22.902795533215407, -15.394738197930918], [22.90846998604931, -15.395484221901985], [22.908212057273378, -15.428803899719345], [22.930909871303875, -15.45963227429604], [22.928330574561212, -15.467090060032692], [22.933395549220954, -15.49085401483516], [22.943283282197044, -15.495761898074205], [22.946459205815454, -15.507869247335982], [22.499918268143446, -15.7069431626091], [22.506612306129842, -15.701208179296883], [22.511128213419934, -15.683314412057163], [22.504378122356385, -15.680934559049843], [22.506517234728395, -15.666563327598986], [22.49620195577933, -15.656722568055121], [22.498816426955276, -15.649627773802314], [22.4935399475552, -15.64276161012698], [22.49406284430565, -15.633697919286096], [22.514740935658715, -15.59748493371462], [22.510985605868584, -15.58498516366334], [22.5432337744006, -15.56480923407027], [22.549166261113328, -15.544439638692129], [22.534820384316575, -15.510500915614326], [22.523857149654752, -15.506321722127845], [22.515062466953438, -15.492158265814478], [22.524390066213886, -15.459464766274921], [22.512581101848074, -15.427566780687709], [22.514769028672593, -15.420989510386427], [22.454498712556465, -15.392054115842567], [22.52505901106327, -15.270943300624298], [22.483196394132534, -15.215636198099165], [22.430845494407198, -15.104888659726598], [22.440674639260465, -15.103346556875724], [22.449833587012836, -15.092562169796523], [22.45603227598533, -15.096637719248651], [22.461242215375666, -15.090212267995899], [22.461698560438325, -15.078903003858636], [22.45592234105916, -15.074573145092767], [22.463128788863436, -15.049693813768473], [22.451235295724317, -15.041162563168765], [22.431834449703477, -15.044417919936944], [22.42299846965187, -15.040308316077468], [22.42473077455758, -15.01765220588999], [22.409226926240446, -15.006424033710784], [22.39912553705886, -14.990243037634006], [22.404450607230984, -14.98443602236004], [22.41549324667569, -14.989632602091518], [22.4236368313574, -14.985788968971894], [22.444831674086092, -14.993761203928068], [22.462264788324834, -14.992797772773942], [22.477751998046273, -14.98037207029547], [22.485357748790992, -14.980280229929718], [22.486927606852248, -14.969927759048815], [22.49381081296952, -14.966951949767441], [22.5057147939396, -14.969618916253106], [22.50407955918688, -14.976194947376062], [22.509498656019794, -14.97428461320018], [22.515221985290022, -14.980860501088687], [22.521344613907335, -14.977829740381862], [22.52845599120847, -14.98275241012998], [22.534958908126622, -14.976250053692823], [22.53504513830908, -14.968472590793082], [22.550732001297373, -14.95875507128371], [22.569729857691843, -14.956269967421557], [22.579608681176968, -14.96280846368349], [22.575299065703703, -14.974862129693667], [22.59727006900753, -14.974872079110524], [22.59930454202196, -14.95055172602236], [22.625201154371307, -14.95319064041867], [22.62440855282985, -14.945947033770967], [22.61781632810108, -14.942416599611533], [22.617958934754107, -14.932449895824629], [22.608356695358438, -14.921403307996256], [22.590384656627915, -14.932903578652265], [22.574725079966377, -14.924963080763268], [22.57416265734342, -14.911907933408381], [22.569195161570136, -14.906418636229038], [22.573615994763795, -14.896289478385926], [22.567626479403547, -14.894796479031871], [22.568393853556906, -14.887249051385139], [22.5622311609762, -14.883426370920546], [22.56829198011211, -14.881841399994599], [22.560971459741474, -14.867897740646006], [22.566152866841787, -14.86410729675056], [22.55945031192816, -14.85641134640694], [22.561090298768733, -14.84644066340575], [22.556431784825634, -14.848048869145556], [22.554625422807923, -14.8431782652692], [22.55220109712984, -14.848002919410186], [22.552486310435935, -14.840076645344691], [22.54697215028639, -14.841363248420647], [22.55106023492237, -14.832793403331932], [22.539604094664195, -14.830840442691139], [22.538463236049992, -14.823648799612723], [22.525754514604014, -14.824144498666804], [22.524517403303737, -14.814136163148767], [22.514629946110404, -14.807978002115942], [22.511397511274104, -14.79529347675476], [22.506762763160168, -14.79694802214039], [22.49661386028657, -14.789272662853485], [22.4896260893719, -14.798142962578515], [22.485276559953924, -14.791363879152227], [22.469803640632016, -14.790398705237157], [22.469233211324905, -14.785756615324093], [22.460177630915627, -14.784883338414133], [22.45846634029938, -14.777552280937229], [22.454758542167554, -14.779689572637434], [22.447485557946802, -14.774288844637203], [22.447010199142863, -14.766704616571442], [22.44287458105187, -14.768474293750824], [22.441995168117995, -14.764498245984326], [22.449125543889064, -14.75525882684412], [22.44596441103181, -14.754799143667867], [22.449672207366998, -14.737537347925612], [22.436020144379935, -14.732934238342029], [22.434247657831595, -14.72507455287861], [22.42488746140439, -14.721698289384536], [22.425838410777644, -14.714894456262192], [22.413623751059813, -14.705174816893898], [22.416950905157993, -14.696080352263511], [22.411013678035527, -14.695224653002557], [22.409886161199893, -14.684680842325283], [22.40054427243818, -14.681418312666965], [22.400175693677124, -14.674445422720977], [22.3872703453885, -14.677661515353229], [22.38203806399868, -14.668945968282433], [22.375499660931876, -14.672250647278888], [22.36720749220719, -14.661100456754053], [22.34912542692238, -14.653790249806878], [22.34630383568292, -14.657454785051533], [22.342609809622726, -14.640981722262316], [22.32817281041846, -14.630280855137853], [22.326985341817416, -14.61580232475446], [22.32440928709462, -14.618302787211478], [22.319087366415886, -14.612828979286116], [22.3041411023956, -14.610488209259394], [22.300845013836554, -14.61619858471416], [22.295448728821963, -14.61539782622591], [22.292767769738596, -14.607878060361111], [22.285863731689886, -14.608647071687361], [22.286423773777344, -14.603525602260158], [22.277181702216758, -14.606887353796374], [22.26885188599687, -14.597273266660794], [22.267854643742055, -14.601522301628023], [22.265856503987614, -14.597617865198337], [22.26178842213804, -14.600015604990366], [22.26652290840137, -14.587089364781349], [22.253804862442706, -14.577171301653452], [22.24666232707598, -14.565386933615295], [22.24600180842397, -14.553949244115316], [22.238931776083806, -14.554787836600255], [22.23866194463034, -14.558797474729925], [22.234684098551067, -14.554757243720884], [22.23049545919708, -14.56051491061481], [22.22268536508145, -14.553653508748582], [22.217463585895636, -14.55621775617811], [22.215423291798174, -14.549784358940462], [22.209880592172027, -14.551340199780277], [22.20989161360225, -14.540632189308567], [22.20143448724197, -14.53545045674488], [22.201599952425745, -14.527798376963162], [22.20969472085829, -14.52593711835722], [22.208128392277768, -14.512743340207257], [22.1927282688332, -14.49564988700505], [22.165414281153854, -14.475360031007893], [22.155932225563422, -14.477860270888314], [22.15355843012006, -14.474472618215785], [22.151241687578743, -14.48196051507596], [22.118055376056184, -14.456344148847215], [22.103160929556417, -14.4621147631961], [22.093068896328514, -14.458888811880133], [22.08296698163248, -14.46201590033203], [22.073274352854614, -14.4554700326823], [22.060101000285798, -14.455541818347992], [22.049262804823353, -14.446441297274223], [22.028912665922626, -14.446510344764254], [22.020042458262083, -14.451564699735343], [22.008553021947886, -14.447030516390141], [22.00018669370327, -14.449815484279497], [21.999320167102105, -14.00563864942956], [22.048199346850645, -14.029407407965941]]]}}, {"id": "109004", "type": "Feature", "properties": {"DIST_CODE": "109004", "DISTRICT": "Kalomo", "PROVINCE": "Southern", "Area_km": 8378.52119582}, "geometry": {"type": "Polygon", "coordinates": [[[26.718414777187586, -16.347084792222457], [26.717872777762608, -16.38785373742829], [26.710433418364726, -16.39761288829808], [26.704538972609342, -16.397521682110884], [26.703635792049642, -16.4100847352138], [26.69515064274408, -16.411293115253873], [26.69225095377047, -16.417927678926794], [26.697147147564706, -16.434820858794467], [26.69115763130617, -16.43860509380593], [26.701092622852745, -16.441659783599412], [26.704063612907078, -16.45798104697353], [26.711954567076376, -16.459895741078157], [26.69942886838637, -16.47190774059628], [26.709981828084896, -16.47644338817781], [26.703683327301217, -16.49099549009657], [26.706416638402715, -16.500965951299253], [26.715923809091855, -16.504156392866953], [26.7065354783283, -16.51782910722841], [26.712929051411752, -16.535852827108897], [26.710611677354755, -16.554740605915487], [26.729281384565883, -16.57167879511746], [26.728271246096877, -16.575824837730917], [26.73647118119806, -16.58009607783992], [26.74234185842934, -16.577259983403952], [26.749602957938865, -16.58686152969733], [26.76799933296186, -16.586212329642326], [26.766323693784287, -16.608306664181153], [26.77565260728003, -16.631001960018594], [26.786942369666132, -16.631093054357486], [26.82756170297228, -16.65087069672495], [26.836454316412617, -16.739159603867826], [26.807861499671183, -16.75818666484379], [26.773003741408477, -16.7373057630749], [26.75326009019037, -16.746287051738697], [26.741399895802186, -16.76378863086913], [26.714440456995817, -16.784061353686653], [26.70753147282314, -16.82129111384016], [26.692153625801012, -16.82716076731512], [26.69118176544459, -16.836552552021626], [26.75307106578996, -16.858099459292173], [26.80238230464745, -16.86917114769119], [26.75504611524838, -16.974018047294184], [26.815026840568045, -17.02429766191504], [26.836204061045812, -17.033478916742048], [26.852580671170507, -17.03450452667624], [26.868400695026615, -17.002252938252898], [26.88587429543692, -17.01901770826142], [26.90164048056309, -17.04366836426096], [26.912858942766807, -17.04889482660637], [26.93760135202839, -17.084090122165946], [26.955094545593354, -17.095040434284208], [26.953941801369655, -17.11130568380802], [26.964162008917235, -17.126638242287225], [26.95970552338659, -17.131067412745562], [26.9735503378842, -17.14327547619015], [26.967786616765558, -17.157924095268175], [26.97669959142014, -17.167348565407618], [26.968143135643945, -17.181824976006336], [26.98127491507971, -17.189772331255597], [26.981928531975374, -17.196867894837027], [26.97533293317442, -17.205268690385576], [26.98341402924835, -17.221615093353652], [26.99678348584029, -17.225587958396513], [26.994703793431086, -17.23319291806163], [27.00266604688451, -17.240967817363572], [26.99672406767414, -17.245961736710864], [27.003739336917967, -17.253902747907773], [26.998748074417207, -17.270755513267773], [26.99227131374517, -17.2747840593369], [26.99435100795104, -17.281308984042365], [26.983592289136705, -17.29203564177319], [26.987751675751745, -17.292319309657877], [26.991435702664518, -17.30185039108228], [26.98133433594082, -17.302985009761695], [26.979492320687786, -17.319549652380083], [26.97075760861652, -17.323804028379033], [26.97402569668813, -17.328738982877336], [26.96448521826488, -17.331613871179982], [26.95809164697805, -17.322107027722097], [26.95295777512931, -17.323037312071314], [26.95673687524019, -17.317296693254704], [26.95184068324258, -17.31012634118645], [26.943973500292337, -17.30890099968019], [26.93643906679805, -17.316048709990604], [26.930734764743892, -17.315322605785898], [26.924436263960217, -17.309059840420666], [26.914738951366445, -17.30942290568016], [26.91238592856576, -17.302887630758313], [26.90580221088272, -17.304929927995293], [26.889640023226473, -17.298553344941347], [26.850798506173263, -17.298049048109718], [26.79587082858125, -17.32087671238185], [26.77799735030876, -17.31688321082043], [26.751003161972232, -17.301775611887486], [26.707594892085556, -17.29757575873299], [26.63781150155222, -17.318303354146448], [26.61979541662667, -17.336182537685378], [26.608885938049795, -17.33942692408361], [26.602753812443247, -17.373841106624692], [26.569027130141283, -17.376268232971697], [26.553078849320485, -17.367149334950284], [26.543286464426966, -17.37132321380444], [26.538108358635316, -17.36274648099427], [26.451758588873517, -17.330527100414642], [26.443796333623467, -17.346771643594145], [26.410307326681085, -17.365079062758703], [26.405292295656224, -17.38152468823859], [26.395238465980693, -17.384155851614448], [26.39008360140208, -17.376283484691463], [26.375989222342138, -17.372812914111005], [26.3361304117387, -17.383655394019865], [26.303639656757472, -17.37000011613017], [26.28300909706272, -17.36956912017397], [26.27364453572156, -17.352283030696476], [26.25555714163045, -17.343480564741416], [26.235848516623605, -17.32144987601139], [26.24724911584442, -17.280938105680825], [26.263839127053053, -17.262917369220578], [26.24960251324259, -17.255100925872878], [26.162450688967578, -17.311151375642776], [26.158342880921182, -17.30895422962832], [26.148458857088894, -17.31550718110227], [26.12536868229844, -17.3128860290605], [26.116610338247, -17.324471242019488], [26.09382217525845, -17.31946505331349], [26.08596986571435, -17.326174888317464], [26.056839453987777, -17.317473020815406], [26.04725744195736, -17.31928157796781], [26.033364899070396, -17.311994829966157], [25.99919717989657, -17.30864495866315], [26.005261117084846, -17.292686235921845], [26.012067132766354, -17.28773629913746], [26.016583034666557, -17.27012476183098], [26.039899372007852, -17.257232773949426], [26.062550204149037, -17.22583883626399], [26.09432791957687, -17.199094166394417], [26.123538699978663, -17.166259688706084], [26.133354853396284, -17.161581549933537], [26.13532759059114, -17.15390551660563], [26.180296505417544, -17.13373738139347], [26.18431328358293, -17.122675772230295], [26.166297198657382, -17.094076081934446], [26.17002876082173, -17.09446228593092], [26.17556668859706, -17.078422765803737], [26.187426882086914, -17.068380323297653], [26.19976243707566, -17.068380323297653], [26.200380403430984, -17.06165476502371], [26.211765239913493, -17.06076860924842], [26.217065486939397, -17.05083883231915], [26.23170652678232, -17.04177205524658], [26.24485019182762, -17.041703880593555], [26.25913471458882, -17.011796290416765], [26.256330100609944, -17.00304582603433], [26.261535272641108, -16.992772031408144], [26.257518492679097, -16.975223452839305], [26.269473761163653, -16.957627763255125], [26.258873267111884, -16.940621576973456], [26.26053702067993, -16.926524378163982], [26.251850673903554, -16.911245754174022], [26.25700492493285, -16.870287165312103], [26.24170094188496, -16.87429869858892], [26.21023220828731, -16.8705003167919], [26.189888539053253, -16.875987976369778], [26.168786217408947, -16.87132951029635], [26.145608570964356, -16.83529706261272], [26.125180038783736, -16.823137191961585], [26.1188073802767, -16.78222211034046], [26.114411878675742, -16.778732429888564], [26.114911006003812, -16.759434324318057], [26.120567771009767, -16.74994385309147], [26.117905764582243, -16.738768612979577], [26.105760355091352, -16.728662537889118], [26.104072832999243, -16.708357723099102], [26.096039272176885, -16.704533256027318], [26.09390015980487, -16.69672473237124], [26.06699486874888, -16.700515207326763], [26.055324817163623, -16.692456087671548], [26.029869371941896, -16.692797582654084], [26.02389173590297, -16.608623405178577], [26.00676452856117, -16.525801747231096], [25.99762643340148, -16.519828365688127], [25.999694243794405, -16.516592610684228], [25.99407509304605, -16.510448683156028], [26.000753879435585, -16.484537079209883], [26.013826238010243, -16.477107077108432], [26.004556748070566, -16.46735191895984], [26.012043642719988, -16.465756402779682], [26.01297059270212, -16.451031444002606], [26.00745643434922, -16.44841001201251], [25.997868822221328, -16.426618833739717], [26.14839199997388, -16.359038998756944], [26.42339535636588, -16.2995007623122], [26.424494755034775, -16.30631573926807], [26.525324236197637, -16.292280251153347], [26.58604937024048, -16.330197983998538], [26.59935940686964, -16.32711873561464], [26.622295454113534, -16.332980670830977], [26.655649789221783, -16.331824502820258], [26.672501247009023, -16.341061877579676], [26.684383771718526, -16.343452554779457], [26.68898413591665, -16.340141535030636], [26.701046357818964, -16.34759387340739], [26.704082710191706, -16.34427542260508], [26.71476045037475, -16.349492551901694], [26.718414777187586, -16.347084792222457]]]}}, {"id": "102003", "type": "Feature", "properties": {"DIST_CODE": "102003", "DISTRICT": "Kalulushi", "PROVINCE": "Copperbelt", "Area_km": 1030.34464031}, "geometry": {"type": "Polygon", "coordinates": [[[28.049562458910145, -12.600552172004782], [28.075954969144085, -12.6024042611543], [28.098812541361404, -12.61542748022863], [28.1086999976564, -12.614128606813868], [28.122794374919717, -12.603575011939983], [28.14487478134703, -12.606613563630892], [28.150600661832637, -12.60254550624057], [28.152008694683705, -12.60908007464359], [28.157296641976718, -12.609446493867095], [28.16333350304401, -12.648926746057299], [28.144165031424205, -12.68222859538157], [28.11723808198669, -12.714135294138387], [28.136233253316814, -12.720951087679397], [28.16186816935592, -12.75386164026317], [28.10263287504212, -12.783185538772466], [28.129812817013125, -12.83619819293169], [28.136700520096692, -12.836889170282506], [28.138616048980992, -12.846582382705648], [28.173079495342996, -12.873321934812276], [28.174836759040534, -12.893389156996081], [28.15617890060805, -12.896655924200521], [28.14150368436012, -12.886985665803461], [28.110649234923418, -12.92445502832396], [28.10456100369661, -12.916913181665201], [28.100853205564775, -12.897058717979114], [28.10302325591516, -12.870864286571798], [27.750460683805635, -12.900428803261294], [27.758167258762846, -12.890316644141482], [27.746663584151378, -12.873680786714779], [27.738891470805957, -12.82759045924383], [27.730073570247818, -12.825945048010613], [27.72249160329858, -12.812062904068288], [27.731095590733066, -12.807473981060328], [27.738537169868007, -12.788602006330537], [27.735026271666673, -12.771506023308383], [27.74185051326703, -12.736190193864648], [27.750754208324693, -12.734624613407808], [27.76070446943446, -12.72198818236594], [27.782965886391583, -12.716731780784354], [27.786857686443053, -12.710420122998062], [27.778253699008534, -12.695418675219807], [27.803289074037117, -12.706083886871584], [27.8381148801235, -12.70170027324413], [27.846508651001745, -12.713389963817692], [27.880359849683515, -12.72437886110304], [27.88363978743207, -12.732063529796822], [27.896981725931926, -12.739514747254777], [27.902231058244137, -12.75869928496319], [27.91796615357666, -12.752091390018863], [27.93152319995951, -12.76113972302965], [27.95593140359608, -12.750691023331656], [27.97564572302353, -12.761893736394827], [27.952061603285895, -12.695750665706582], [27.950671016615953, -12.675207836048418], [27.95672997623924, -12.676217098195114], [27.956239394584497, -12.672202728748383], [27.99938961981254, -12.639829787307423], [27.972909682840182, -12.609771462922133], [27.97422454332827, -12.604424079086577], [27.977855269601996, -12.5983821954267], [27.98913073709699, -12.602775385377932], [28.005720748305627, -12.59894813624991], [28.0299878005599, -12.606324234662893], [28.049562458910145, -12.600552172004782]]]}}, {"id": "108010", "type": "Feature", "properties": {"DIST_CODE": "108010", "DISTRICT": "Kalumbila", "PROVINCE": "North-Western", "Area_km": 16424.0270566}, "geometry": {"type": "Polygon", "coordinates": [[[25.46832444971363, -11.712589939842543], [25.49618877498044, -11.723239605239476], [25.499266892725682, -11.751611228694397], [25.487614398712658, -11.77083592793219], [25.508839191272916, -11.787073369987526], [25.517919213942747, -11.777365168917354], [25.53625058058359, -11.779535236676894], [25.55486748661892, -11.76051858498905], [25.579480631006074, -11.756920840745305], [25.587145375013794, -11.749114563141834], [25.58601985872635, -11.741698139634854], [25.59585978426131, -11.734577248243088], [25.6382646701116, -11.735884321817364], [25.651004275637046, -11.7314627813635], [25.659513195263344, -11.739049169942735], [25.666691108082606, -11.75887518105312], [25.665122425017717, -11.767298479084765], [25.670969334623233, -11.775861121831259], [25.68446951585198, -11.783539353095666], [25.688177312187193, -11.791961894408946], [25.700298954950572, -11.799965394997486], [25.704957467097056, -11.81164450128381], [25.714654779690818, -11.816716149326748], [25.744507295870314, -11.81448277522461], [25.76989144001132, -11.826859167129546], [25.78030179126016, -11.828441070848907], [25.793279079331686, -11.822346036644223], [25.823844628776406, -11.830674329305724], [25.833256728064043, -11.82830148966666], [25.855883795274423, -11.808992315608027], [25.866008931420556, -11.805642152745978], [25.886829633019893, -11.808247839781044], [25.88951488066047, -11.846438542091214], [25.901864284077625, -11.850364653903403], [25.909645120064464, -11.867282622780014], [25.92542094680859, -11.881345237400728], [25.93370147067222, -11.883843669892165], [25.962112236634805, -11.873778550075547], [25.990094698446306, -11.895193698671063], [25.997018927927655, -11.916180544845883], [25.9809506151169, -11.927291893432665], [25.979381932950293, -11.946871719960718], [26.001969867750248, -12.000460224823287], [26.065880832032438, -11.991662377571377], [26.08573911367067, -12.011826444274723], [26.10957863522337, -12.010566793683987], [26.120426842409678, -12.021253781330332], [26.12587453082146, -12.035582842436446], [26.164151828621122, -12.03891725910645], [26.21238248222669, -12.061345767806355], [26.305212734380746, -12.120147111408377], [26.32406710017998, -12.137256408060525], [26.330364537358367, -12.169388496865164], [26.328593261739005, -12.196209525381128], [26.32117984658485, -12.207301354632317], [26.326362710752566, -12.22950732679456], [26.33922245965906, -12.246377277777889], [26.3376807736634, -12.26759064022784], [26.325307517280468, -12.291131209690906], [26.271944875593306, -12.360204479674794], [26.25969225127498, -12.365686414824525], [26.248024325103675, -12.38678213102564], [26.242682070160168, -12.38810702629737], [26.262463856658734, -12.398736231012236], [26.26833212730338, -12.40969398428152], [26.298726242259253, -12.417131600039022], [26.295601707664957, -12.424862826757906], [26.306872120339886, -12.434079095350791], [26.30454737919926, -12.438642804380923], [26.32424514267604, -12.45601443436351], [26.3257810408263, -12.4646073572327], [26.31989988025565, -12.479210779025852], [26.335645775134527, -12.481929610846183], [26.345814742778284, -12.491415183302303], [26.36014483617554, -12.496019274591603], [26.372828044569143, -12.51734247690559], [26.372926036393572, -12.528566828676793], [26.3655691728815, -12.539531177184346], [26.355287443313376, -12.541396772645692], [26.339647976337766, -12.552747046202755], [26.336703764163754, -12.570707385844653], [26.325444573243388, -12.579097830068218], [26.32084033910301, -12.593291535994025], [26.352817108621384, -12.640150645346097], [26.336549741720074, -12.664218183245035], [26.34225670099084, -12.683250917793014], [26.320134285747574, -12.70809616124315], [26.319280674225233, -12.719010546904261], [26.329470575310115, -12.736546917317181], [26.318768688412217, -12.764894035012697], [26.31765180403632, -12.78144686713798], [26.325188424030014, -12.807304642837428], [26.313839690838744, -12.830003446414688], [26.314698581760002, -12.840051601805762], [26.326337946895126, -12.836564821270075], [26.3352016633294, -12.840798087804309], [26.35795632814101, -12.839258916622928], [26.37420819101883, -12.853485385707], [26.38090199993487, -12.848261778355399], [26.386727594315314, -12.85908936634511], [26.401803372941693, -12.856324987376924], [26.4060839027627, -12.861000018154117], [26.402639913778636, -12.873767952098195], [26.42177404729669, -12.87742349214818], [26.42460747384001, -12.896736946754633], [26.42936716144031, -12.900535255836616], [26.43467324841386, -12.894350279161097], [26.45963396715412, -12.922682087866727], [26.470129266689472, -12.919138797669032], [26.47392784586898, -12.93633949316094], [26.453746522868045, -12.941346044186334], [26.440077373025932, -12.930550436921475], [26.409910972011417, -12.924807902142145], [26.38752184606198, -12.929401941410529], [26.368196496254217, -12.923199968206712], [26.329545793943804, -12.953978611133078], [26.24156202012121, -12.954273323642639], [26.14583902207238, -12.947155521612853], [26.051992948706857, -12.907621597266132], [26.039547698642114, -12.88793768265958], [26.019161811284672, -12.883113139432808], [25.99512295896035, -12.856921143291782], [25.96460304662703, -12.870476993412415], [25.94360783291068, -12.87070259776687], [25.93435012617256, -12.879694364312604], [25.914235041347396, -12.87760405804387], [25.916243145215006, -12.871432568955143], [25.916209110743804, -12.870304432838402], [25.915324181255738, -12.869209470333068], [25.90691737043287, -12.879893440274163], [25.906372799131237, -12.888354025033692], [25.891669385664844, -12.89299892926828], [25.88370503823852, -12.890576956436773], [25.88128850544554, -12.897179271749375], [25.576705748568166, -12.975110469618697], [25.547873088832393, -12.95526417633913], [25.542610870187456, -12.941338239122171], [25.530417923648358, -12.934041404085237], [25.527850987723998, -12.91798761504494], [25.50530473385493, -12.91335892860615], [25.491528845292454, -12.902057900719996], [25.466629565927725, -12.90093194016173], [25.449046054845798, -12.907771029881136], [25.43621137522394, -12.900348106765783], [25.412693120861263, -12.918489298168906], [25.38823262539368, -12.917944350012851], [25.378797860713078, -12.923053177634287], [25.37788932888925, -12.92836624391117], [25.366436292310333, -12.930407533674972], [25.3590984155901, -12.919391699742171], [25.34651587420388, -12.920353581768858], [25.337510718926424, -12.914461996003977], [25.33406378795985, -12.902935038323893], [25.326622127078217, -12.897510247254832], [25.31026979392407, -12.898066282771579], [25.303947528209548, -12.906360373155975], [25.291233103359836, -12.909901122292078], [25.291398059198816, -12.914978522212095], [25.26126032881492, -12.909603796213489], [25.222185857947295, -12.92424501270763], [25.222138321797427, -12.92795151525403], [25.218097773311317, -12.926190935266744], [25.21178607268286, -12.932623685750556], [25.214485050174183, -12.934484087671732], [25.20768742116415, -12.936754235017533], [25.211062467145073, -12.941711419847268], [25.19822778662492, -12.94838261503336], [25.198370395972898, -12.955841170121833], [25.18905336808669, -12.960381051586078], [25.187532220273347, -12.96959953570267], [25.182778634030473, -12.967468661024851], [25.17545811276152, -12.975389865998826], [25.164436558573136, -12.975570541375442], [25.166046015270503, -12.981180062340435], [25.160350040599, -12.982191005813874], [25.157537097440837, -12.992528453565019], [25.143586514403346, -12.997417046089941], [25.130799369134742, -13.013488870136763], [25.123027255789342, -13.013187823679873], [25.118012223866135, -13.005545719632753], [25.110905613924245, -13.006055201787333], [25.105106239570308, -13.000265586233816], [25.100423958001404, -13.003739372303135], [25.08112440062211, -13.000705601423043], [25.072140123988486, -13.006402574389085], [25.04865741506328, -13.00119193429072], [25.04150326897147, -13.005360453373992], [25.022275016266164, -12.98794483464855], [25.00668037612158, -12.987122596154435], [25.002063440701402, -12.994373575630519], [24.99921140376035, -12.991093750044548], [25.00484428705447, -12.980894508190499], [24.977534940071894, -12.97693402579074], [24.99165320264029, -12.95496217075188], [24.998284454676554, -12.95572654606808], [24.997214897143106, -12.964134529314476], [25.00655569175678, -12.957463755960617], [25.01605461680991, -12.959263043967495], [25.01447029677088, -12.952335927432706], [25.006270364364642, -12.947541098251483], [25.009122516290052, -12.935032417753787], [24.99400611404991, -12.930167762684755], [25.005486022832198, -12.917449713352198], [24.980315787323292, -12.910360683962889], [24.974611487065765, -12.904313998260704], [25.002157470057124, -12.889279383604924], [25.009278382974994, -12.895000951706782], [25.01888213962517, -12.891917369137062], [25.016038981632384, -12.883462243025816], [25.005343416179162, -12.886520608273722], [25.000209545228724, -12.88248911694946], [25.00927158093167, -12.866439428971168], [24.989364248583936, -12.865828376181483], [24.994712821378855, -12.850625100199286], [24.98404080795574, -12.851858521980407], [24.982707362222737, -12.841828979100603], [24.975138732560502, -12.848143358216081], [24.974825398392785, -12.855657201179728], [24.965912424636535, -12.852250870147477], [24.9579264008624, -12.856908493331327], [24.956927194890387, -12.84912177086552], [24.948728214698384, -12.847245566913951], [24.951437757275787, -12.837234663063127], [24.937747432345798, -12.83396712810657], [24.94479170459689, -12.822452000104601], [24.93190063862299, -12.805029777285737], [24.94659253838234, -12.79867963584237], [24.93235409919523, -12.797913507713194], [24.90648890991453, -12.781329888233447], [24.917672943286657, -12.759456656807224], [24.925070522938974, -12.75866360437087], [24.907300719233415, -12.751500004800457], [24.911413750983158, -12.744574033068881], [24.904246332283062, -12.73638742400342], [24.906056573226145, -12.730997749078114], [24.89458934506239, -12.732642003644687], [24.884198295914082, -12.723123979771398], [24.877994864735232, -12.725906084832358], [24.88571995127553, -12.718205222727333], [24.88013397980217, -12.708169652943488], [24.87336012021455, -12.709769462048325], [24.877539656041424, -12.69970255592225], [24.871832138916844, -12.694874616932887], [24.8803450389782, -12.684332500332777], [24.877578618670235, -12.677854381265822], [24.86963727709833, -12.684002947094791], [24.8654694409297, -12.68091365724208], [24.87136633279763, -12.676384375070116], [24.87227274819066, -12.665760731979304], [24.86402165313576, -12.663528261328166], [24.86352569416571, -12.654658060095846], [24.857118358892087, -12.653882058809264], [24.859752532817183, -12.662116677620485], [24.849601468596987, -12.681148572664515], [24.845323242056363, -12.669948450817877], [24.838834597571456, -12.670644126708115], [24.836053750320062, -12.657634704416525], [24.83215560097614, -12.65707436710035], [24.835213711443338, -12.662586750628718], [24.83203392237427, -12.664270466753088], [24.819105195430385, -12.658378468721759], [24.82316614824987, -12.654717545956878], [24.821222686251783, -12.64732366221028], [24.82661192308468, -12.651804705988223], [24.835412136713213, -12.646210480921514], [24.828566852975655, -12.646016104946499], [24.83098980962123, -12.63807650557441], [24.827069473686436, -12.636066822402366], [24.82699829118333, -12.624989536005614], [24.835419544221057, -12.620975989731951], [24.83438183106606, -12.61583155376437], [24.82497992586025, -12.615195614608657], [24.832377351900668, -12.611009239753507], [24.830448522560246, -12.601409639833713], [24.836666337563443, -12.600226247948678], [24.836814182292898, -12.594790135915577], [24.853036972993163, -12.600659525715933], [24.84466633283518, -12.59202727766243], [24.85829163231503, -12.581764105237951], [24.858934135254003, -12.576079954386035], [24.864194607574056, -12.581188491073902], [24.875170426734677, -12.578592994678267], [24.860386570032905, -12.571875775430508], [24.867726422148444, -12.563828390841543], [24.86232937895575, -12.555937746668945], [24.877764463034516, -12.563291152007782], [24.873600612690844, -12.556357334695532], [24.881358548824434, -12.551512003026613], [24.87455779188056, -12.550055523604042], [24.879137940391555, -12.542290142636602], [24.863505708447242, -12.52659922691472], [24.86243626859309, -12.515099565687922], [24.881814583968293, -12.525604368396538], [24.877552669036604, -12.513150490839205], [24.886416666643584, -12.510692264438344], [24.884382902399896, -12.498935692881906], [24.88915050505617, -12.497383775403478], [24.89173905893787, -12.48564570461058], [24.902590067071227, -12.480790154856116], [24.904609680154206, -12.471731283784637], [24.906789037050967, -12.47760064515272], [24.913453287800852, -12.476492543148389], [24.920318176371175, -12.464614265599554], [24.931012785118657, -12.467608471814888], [24.93614644586328, -12.459503814954223], [24.957369628642553, -12.454528698670666], [24.957935790952064, -12.449240572930616], [24.970748328000475, -12.446523000864138], [24.97200932640246, -12.438296861744336], [24.980119073344067, -12.437337875096622], [24.983167094832293, -12.428596478935003], [24.98980271088422, -12.429380120346247], [24.99144856731686, -12.422920143023408], [25.001066479619272, -12.422427925722161], [25.001182618310796, -12.41893304468515], [25.003232315074342, -12.423875881663054], [25.009491881975286, -12.424280657959471], [25.007385055952934, -12.419142916576217], [25.01802110712027, -12.416908312568195], [25.016565138369014, -12.412335064638272], [25.026970761784533, -12.404921237878964], [25.030484808580923, -12.394682702869249], [25.06362562223102, -12.391430662581485], [25.07536610263285, -12.360586482109577], [25.095882394826802, -12.35424711962291], [25.10398430306923, -12.341569465167177], [25.107900428600296, -12.342931127381032], [25.114575541778642, -12.33554762578844], [25.12751236703483, -12.284615164984084], [25.139465832600628, -12.28418488372774], [25.140315689165064, -12.27259650964129], [25.149148750590253, -12.274556972435851], [25.166546870957145, -12.261899265257764], [25.175663360735943, -12.236739960807775], [25.17247845935457, -12.23560179220895], [25.17811145583644, -12.226287189898802], [25.18471894024691, -12.225985214207878], [25.1916354055893, -12.21128093238388], [25.189282381890255, -12.199108051040707], [25.193845822635268, -12.19669199222379], [25.192966409701363, -12.19016387577202], [25.187998913029777, -12.182961856136666], [25.180405786309752, -12.187100814397795], [25.17207740739432, -12.184288739676573], [25.171501778638344, -12.175321449929895], [25.182761656769898, -12.164065554365356], [25.18279234771161, -12.157339831997792], [25.188073932237437, -12.160271694573842], [25.187211156102578, -12.153907656828512], [25.19224520176708, -12.151760714808017], [25.18719689534747, -12.14982636357079], [25.190063308027987, -12.14299154316009], [25.1868902886629, -12.143765304857412], [25.18392761700809, -12.131137366320074], [25.185670993649666, -12.12608671894688], [25.188469667967873, -12.129593253141845], [25.190106090293398, -12.126620021738113], [25.184420963677276, -12.121910353650764], [25.188013323803528, -12.122318714841022], [25.186597943631774, -12.11931054723958], [25.18173502523229, -12.11910837439799], [25.18038187136026, -12.109749411201605], [25.169022265859127, -12.100749919977364], [25.16535167414972, -12.089366794654106], [25.17084043623125, -12.08818929015021], [25.189306867269963, -12.065538021898675], [25.186606048232285, -12.040851934982358], [25.192555911955882, -12.02937934781362], [25.185074241009765, -12.022038211706574], [25.19126596983541, -12.020934262913899], [25.191435272622083, -12.007071451948043], [25.208365780357695, -12.003538605257791], [25.211010166330922, -11.994035972395745], [25.20219017718974, -11.979903631766781], [25.205979568400494, -11.972504075091495], [25.202109038658303, -11.959683990301189], [25.206424930660486, -11.953704728109598], [25.21419353698302, -11.9544810885758], [25.211144568670466, -11.949509634672722], [25.220820519326743, -11.935943232991931], [25.22245585289415, -11.92233461191754], [25.23280756122295, -11.914788645703027], [25.22964721528987, -11.908535944935052], [25.23550847368542, -11.903263947155812], [25.232000071902256, -11.904653475807866], [25.23308600662166, -11.899694729731323], [25.250622610374425, -11.892671657569515], [25.26004940071025, -11.873786979710244], [25.26511196968166, -11.875787279205829], [25.27568869700596, -11.864134173044578], [25.29882880465146, -11.855276533567457], [25.303839414168483, -11.84444164087327], [25.307825410662314, -11.847437789916494], [25.3154600287687, -11.842289287698177], [25.317854966062235, -11.823967432678174], [25.333155569648014, -11.820175438878634], [25.33875291379287, -11.813492791646961], [25.336286991625578, -11.797521245740885], [25.344885037602808, -11.791280109381242], [25.344641418090983, -11.783718429971932], [25.35464915520928, -11.773006610949686], [25.388349896860753, -11.754760967098482], [25.39762563458325, -11.756306135795466], [25.411054512036333, -11.747365301395346], [25.420035535870312, -11.747885435399777], [25.45446829488388, -11.714632374423264], [25.46832444971363, -11.712589939842543]]]}}, {"id": "106008", "type": "Feature", "properties": {"DIST_CODE": "106008", "DISTRICT": "Kanchibiya", "PROVINCE": "Muchinga", "Area_km": 8801.0530066}, "geometry": {"type": "Polygon", "coordinates": [[[31.00990770170309, -10.943572922805147], [31.028113932126487, -10.944623028171325], [31.042255847336357, -10.956243935007844], [31.05059838998887, -10.955753906823716], [31.063409301086587, -10.943876288175048], [31.05960643334996, -10.922126642410031], [31.066950723143012, -10.918019235915208], [31.082827698391505, -10.933165021772156], [31.07191821801798, -10.951180265146732], [31.073368062055597, -10.96037415039797], [31.091788202907743, -10.966091015808686], [31.100847038811622, -10.964355317963014], [31.100929305627027, -10.972512498269838], [31.10701706434, -10.971947156801173], [31.107510667927386, -10.984465192032152], [31.11261122305888, -10.986322660408936], [31.111048149972923, -10.99948613233026], [31.121331527051293, -11.000132174605058], [31.124210873675263, -11.006754053824256], [31.12659661671189, -11.001908793038965], [31.132484663767528, -11.017746822942726], [31.14091108032151, -11.012972023772921], [31.142062818432088, -11.017251847033684], [31.15728221880779, -11.019916612223668], [31.167318795439964, -11.033482313720802], [31.17184348106698, -11.029929454353113], [31.193944878427565, -11.058890003919926], [31.201930902201692, -11.054971114330186], [31.21426645539381, -11.060429553355268], [31.21776034130032, -11.055880861224521], [31.22139683385984, -11.06700753799518], [31.227457652995756, -11.063438647593378], [31.238224523122973, -11.068127178333409], [31.244570558259895, -11.063368668967518], [31.24663836775453, -11.06861702217015], [31.26539126165592, -11.068686998660759], [31.282218951817345, -11.078833539724814], [31.29819100026395, -11.070926263979812], [31.311239590314504, -11.076034528798793], [31.31287957895172, -11.06966668011606], [31.3215786368894, -11.068407088190034], [31.331347255055427, -11.074704990113066], [31.34389671957457, -11.073795300784978], [31.354592285926113, -11.084291534897385], [31.357230523829536, -11.081632523876817], [31.359797460652246, -11.092338391077067], [31.356588791645088, -11.095766986369595], [31.361080928614424, -11.093877766339943], [31.36600088913614, -11.098775718972878], [31.370176786786093, -11.113902201579146], [31.36268989123834, -11.127895175344227], [31.365952921794904, -11.185495076804852], [31.353389369895456, -11.205875159888324], [31.3753279997131, -11.269406769572642], [31.367771270033465, -11.288014613927126], [31.347488629644893, -11.302631945172505], [31.326309651164088, -11.293157943368232], [31.28471576704729, -11.29996593815266], [31.277971792612508, -11.319564617587243], [31.276115300110384, -11.348757988635551], [31.278621565617108, -11.376651810765145], [31.2936591667422, -11.419908122722136], [31.29504381015822, -11.462222974604913], [31.27759222026898, -11.49689268835821], [31.269432245824913, -11.498005411901419], [31.26434716507252, -11.562104588692817], [31.250895198221727, -11.583968656066153], [31.23367691608316, -11.588902944293714], [31.223371238327843, -11.597739024660202], [31.20360288164279, -11.626289216777907], [31.20530995556708, -11.630397066035563], [31.197377551333954, -11.63453564972119], [31.237093070768122, -11.647156244726705], [31.249214714429836, -11.655396723033567], [31.29127725412198, -11.649007771628211], [31.308709442197678, -11.66233151000778], [31.310093348096835, -11.682889211357075], [31.320517191142915, -11.694041232878028], [31.32084886890874, -11.708496595086023], [31.315386744570336, -11.719756626040738], [31.335779028830938, -11.782491088103747], [31.34946935465922, -11.801755596713518], [31.3512757193719, -11.833348320712782], [31.334162811412778, -11.850422694044461], [31.313484715568155, -11.85968055707194], [31.30335958121865, -11.859029260584782], [31.292616478717186, -11.878660522897329], [31.272176062723698, -11.885545086004461], [31.245413378320727, -11.903499951259102], [31.229819940121967, -11.93023973267925], [31.224186940046856, -11.931518730743313], [31.226746770297346, -11.985962374641508], [31.20958738440376, -12.015421183996288], [31.17558077987275, -12.047026052828159], [31.179164438917148, -12.06832662311127], [31.190175616665673, -12.079559058964191], [31.18272379493985, -12.085610977800613], [31.146180610354573, -12.094384365677692], [31.118966335671725, -12.114370343055821], [31.09411087432997, -12.125394964831324], [31.091419200141875, -12.1402470791582], [31.068031561719813, -12.142849539093913], [31.05386587888418, -12.15284089598925], [31.03993787500137, -12.148797926694261], [31.032044094732225, -12.13644262021802], [30.98225028988724, -12.105826489660782], [30.9495099730386, -12.100713777416756], [30.933823143287988, -12.074393377933797], [30.90274658180404, -12.074219059907065], [30.89525968535794, -12.054230085418782], [30.884148178368605, -12.041968665684971], [30.8569339045841, -12.032147506733933], [30.8525368381179, -12.026510349150811], [30.856220867725636, -12.020291902006736], [30.852407104322875, -12.001312928638212], [30.82566507937481, -12.000161989833364], [30.794659037437302, -11.973649027041976], [30.786610816109516, -11.970462601350656], [30.77908425634867, -11.973382010661748], [30.760004494261516, -11.965233021930407], [30.75707423112722, -11.958538131143111], [30.730613128233163, -11.946139068876], [30.726526862685585, -11.93110063058643], [30.71422566106994, -11.920015426614697], [30.69733004300161, -11.916990109832865], [30.684963232030892, -11.922478018411011], [30.680462423624128, -11.917832190990582], [30.65683857499473, -11.91403242200961], [30.615616253842354, -11.916380179691393], [30.60876810537734, -11.92122096267029], [30.610756763414003, -11.92487353876306], [30.598733195120047, -11.930879251801354], [30.592017342445263, -11.925567331970024], [30.58425197275269, -11.928962462683751], [30.553218233958315, -11.90016879641633], [30.548065642117372, -11.88368071640402], [30.54330664532152, -11.881854100567834], [30.55107094332396, -11.874877543151127], [30.536436004838443, -11.865882040964545], [30.530132760051735, -11.852016253622757], [30.532714481347387, -11.84704449324099], [30.513429597049907, -11.844819520346816], [30.489915008711908, -11.822489742832058], [30.467358920985433, -11.822877969856188], [30.443757372134698, -11.815200838921637], [30.42767600680281, -11.799982505032165], [30.37305731463426, -11.775063864438541], [30.367139100354766, -11.764593172158802], [30.358440038823858, -11.763266857895927], [30.354589637632262, -11.753773039915346], [30.332061671665738, -11.750172805636298], [30.446518354940206, -11.622180163056779], [30.442168814742427, -11.616040981560651], [30.442682202825633, -11.603594588422093], [30.436966609846664, -11.598683176793173], [30.46914472326126, -11.506032190058907], [30.521834870855347, -11.474286420049795], [30.52019488491311, -11.469185230324069], [30.542655571556413, -11.441930729237791], [30.548332149804267, -11.426497591092673], [30.54094428183849, -11.418403062601708], [30.54643467256563, -11.41635103939574], [30.549225542320638, -11.405477557560097], [30.581290548857798, -11.400129584917641], [30.594361497077482, -11.391461053918757], [30.60743526510884, -11.364433275771201], [30.60414213380373, -11.35459822063606], [30.596062101335104, -11.353859821058673], [30.599841202344304, -11.343023819125124], [30.61139713015922, -11.340336175988636], [30.611392414003987, -11.331628096187265], [30.613388918824604, -11.328202299249899], [30.62335020855113, -11.335783147983092], [30.685641887668446, -11.33120214530093], [30.68602217507098, -11.322229718162683], [30.720343059695708, -11.281302570661193], [30.721436383956625, -11.263820518978596], [30.734889031730443, -11.24195480319014], [30.739999135055097, -11.222255591617433], [30.73564960743371, -11.212906737043577], [30.738145236887487, -11.20539945924767], [30.749720217969546, -11.200573246664296], [30.761936932134414, -11.178935911935808], [30.79205089219758, -11.16583148218996], [30.82059617278911, -11.131015597559916], [30.82411382632137, -11.108323566006257], [30.845980316930103, -11.093769884841008], [30.84752523236925, -11.077256174735389], [30.858125728217637, -11.052810442794273], [30.86863115086792, -11.050151152161645], [30.886385791011485, -11.074433826333195], [30.89910163070779, -11.075600089929509], [30.90207262255875, -11.06981537541806], [30.897033823009792, -11.05358023889117], [30.887621722823816, -11.04651207481303], [30.884864644994806, -11.036760996334177], [30.92082551556181, -11.022973634340698], [30.95170005132823, -11.02001077969547], [30.978700413785717, -11.006035985380691], [30.98528412967211, -10.994347041007813], [30.986401224253765, -10.964317630994293], [30.99231943583835, -10.95855406198701], [30.99096466589711, -10.93897575375254], [31.016229970112565, -10.919536180620609], [31.02547569332479, -10.919046091762047], [31.026117427305884, -10.924133650931939], [31.01005030835613, -10.938649051105273], [31.00990770170309, -10.943572922805147]]]}}, {"id": "110002", "type": "Feature", "properties": {"DIST_CODE": "110002", "DISTRICT": "Kaoma", "PROVINCE": "Western", "Area_km": 9003.3759001}, "geometry": {"type": "Polygon", "coordinates": [[[24.898134540255466, -14.843667391284793], [24.90745304481526, -14.847064930143071], [24.90870363715164, -14.852479526655882], [24.899677939277048, -14.864944027662899], [24.901050258025922, -14.877579937607626], [24.89435966831937, -14.87903423069856], [24.89508709295473, -14.892214217884547], [24.8878425456123, -14.905038556339427], [24.893279850794457, -14.924329559176273], [24.88383838299029, -14.940384754130632], [24.892606367437175, -14.95706724870712], [24.876516027757877, -14.984803662570604], [24.869004106546665, -15.012198135730435], [24.870362191281842, -15.023348212931229], [24.865036581336806, -15.03124837446535], [24.866540533646226, -15.050196925345743], [24.872460863200853, -15.058391505995825], [24.767516977232567, -15.02404098412018], [24.81641146572488, -14.937664719191455], [24.74060376928427, -14.951447366188678], [24.728979456061445, -14.92883299330979], [24.760317790817872, -14.87414199779971], [24.724232851958842, -14.848528050749097], [24.728422414346444, -14.834181604717944], [24.724401904421427, -14.822858453456547], [24.712921361943287, -14.81368260944289], [24.70166362194458, -14.81297573691317], [24.70326250587657, -14.801854252547983], [24.6902802869377, -14.806744524944092], [24.6802801128696, -14.822869449137086], [24.66870361975203, -14.819674718320714], [24.669314583195536, -14.80275637401218], [24.666368696136356, -14.808254507005739], [24.66246092314984, -14.797457797100249], [24.6536564836422, -14.798447423119507], [24.650654969843156, -14.789691711962922], [24.64161467908681, -14.789599415669993], [24.64502699197689, -14.780741863073299], [24.63978385332864, -14.772479531928328], [24.62496681637388, -14.775052600928708], [24.62317133924248, -14.770511100433337], [24.628554447929936, -14.767960914791017], [24.60861665508893, -14.756628861047188], [24.541867388781718, -14.786145272050861], [24.516032218692317, -14.811438475174663], [24.509689425985837, -14.812621214218536], [24.449285448927405, -14.748510235973942], [24.388538599896282, -14.723726199296422], [24.382051316923278, -14.714996622985614], [24.36625619316287, -14.708994836630707], [24.309845036875796, -14.746639673754515], [24.29743458249264, -14.770368944098745], [24.23340792010682, -14.80882122334523], [24.18489928149927, -14.820241060689897], [24.19089537395733, -14.864759461765983], [24.15172940832704, -14.870308204030044], [24.144712704386784, -14.887323457082502], [24.1083534203326, -14.905200355515424], [24.10713412776424, -14.928565604497265], [24.067693393903607, -14.957022127519602], [24.019544965554257, -15.032228130359234], [23.969677758686995, -15.060658397906847], [23.911118584283333, -15.077133446237502], [23.901568436998925, -15.062024853152314], [23.68520743614048, -14.829174611158695], [23.677951683185995, -14.621083695811787], [23.68933057731291, -14.60438059558429], [23.701184831142125, -14.598774277651756], [23.700620342394, -14.577325205057857], [23.713217343063032, -14.571804461011588], [23.71598036414594, -14.550324004175044], [23.732499073375525, -14.543019598148163], [23.730460972695553, -14.52809945265669], [23.75125790691354, -14.516278807722152], [23.74210725528179, -14.497726888743513], [23.74371159078551, -14.491341216552616], [23.74831662596915, -14.482999296504126], [23.764092586301597, -14.480007635240083], [23.77166861289977, -14.473563920429104], [23.768311393292684, -14.460100553212232], [23.774609894238978, -14.45092313364586], [23.79014817438855, -14.45558381423961], [23.792049608469533, -14.466688499176387], [23.801675618319273, -14.469766642759561], [23.81337848394274, -14.461627957000653], [23.817971093883305, -14.44919314323824], [23.81412407000282, -14.447643336165484], [23.819769423165763, -14.44341210320746], [23.845735409043314, -14.442148128484316], [23.862254118019685, -14.451584841183177], [23.871196800345874, -14.450031262755326], [23.87577212514282, -14.440421858571503], [23.897938531266064, -14.43543176890459], [23.89658088932562, -14.431882397268405], [23.90949286978875, -14.435041560610413], [23.91886931592836, -14.429223787771653], [23.9307651624112, -14.431502577740236], [23.93020067411934, -14.426927711680987], [23.93747960175906, -14.427359307058184], [23.93914335583179, -14.41809421271185], [23.944402009575647, -14.418871114622863], [23.947462129234506, -14.41357662086596], [23.95705842971224, -14.416051236140444], [23.961336656585747, -14.41044014878755], [23.970784406111544, -14.415792266627395], [23.978033622930784, -14.413288873423946], [23.97942674798237, -14.40775816036905], [23.986055298086743, -14.410353823467416], [23.99797376688521, -14.404818355406032], [24.001176162956764, -14.409165464236118], [24.007030492260736, -14.403505226738956], [24.02170718585728, -14.414382313217157], [24.032699851821903, -14.411965227501979], [24.040105519058127, -14.42665272826971], [24.04511727304577, -14.422053114042749], [24.06145313918242, -14.428927946867006], [24.066153206794443, -14.422899449320951], [24.087722598851688, -14.42629470406451], [24.09105360336457, -14.430367622780604], [24.087422795344136, -14.440976318750145], [24.094157624030984, -14.446894820053235], [24.1064398403269, -14.441946731449017], [24.138365540945912, -14.440605432048306], [24.140725072027443, -14.457770272797926], [24.152606128004862, -14.459613563139776], [24.15789739834933, -14.474168026712988], [24.168592963823485, -14.473995424704688], [24.18041750756459, -14.484351285149623], [24.189842660174268, -14.480657217027876], [24.188617441530393, -14.497755652559109], [24.20965205470601, -14.493843731385176], [24.203828914450856, -14.5116194027482], [24.217198371172994, -14.517889443588153], [24.237638787051807, -14.510296343163787], [24.239421381633193, -14.516278808181442], [24.234073598648706, -14.520592984713142], [24.239480801702626, -14.52410178738215], [24.295870204153264, -14.506557220576203], [24.324332295438538, -14.487227826542854], [24.343227795112366, -14.481359641606964], [24.363192852119887, -14.48377597189955], [24.422850345230557, -14.455468736624445], [24.44040462556984, -14.410567942615367], [24.450302298761027, -14.401260682270532], [24.459215270697168, -14.376857001855438], [24.468128242682106, -14.366611265673919], [24.469673157638166, -14.348075652355298], [24.489400535771306, -14.332762466796412], [24.605947973120706, -14.280335926866611], [24.611840266031376, -14.233085880395047], [24.628774918593724, -14.182050216692467], [24.625031472616524, -14.15779560205799], [24.615999663426226, -14.14529280928044], [24.618406167427395, -14.133135053917135], [24.612434479133967, -14.093603456713783], [24.64085591708213, -14.022998608721348], [24.655019813168618, -14.00602283043068], [24.642175105653244, -14.00541652995021], [24.645368924610487, -13.999959749262205], [24.635648607060574, -13.98648565864472], [24.634954299177494, -13.977188077659758], [24.647382421064762, -13.979748319923962], [24.648423884685954, -13.97247177205098], [24.656963879732874, -13.968496523140278], [24.665781597034748, -13.970585224327294], [24.664865428632627, -13.962664688131452], [24.67580411597553, -13.96041129698065], [24.68079696374931, -13.97381397321489], [24.690592886236935, -13.968698893629211], [24.690106870764897, -13.979411685899153], [24.702812716186, -13.983993105921098], [24.70654357782762, -13.994310699917378], [24.715796284927652, -13.995850474266554], [24.71533904670466, -14.004166898461113], [24.726280343334427, -14.002789445026309], [24.727113513456334, -14.027040514618545], [24.730357657705877, -14.029596492877372], [24.735498584102235, -14.022427859004337], [24.745859843017588, -14.02535649522713], [24.751067156460792, -14.065500144900094], [24.74447448664079, -14.08620661399616], [24.736208955078304, -14.085636671632297], [24.736486678048273, -14.098700893457057], [24.752108619614724, -14.102943237942286], [24.75363609809498, -14.109676955078001], [24.74822049151296, -14.116477807715599], [24.767383406735416, -14.121797144953941], [24.764259018133814, -14.131694822107107], [24.777450879856143, -14.125163750504383], [24.790503878954773, -14.125231082182859], [24.792378512786968, -14.134320664147086], [24.800255157439306, -14.142769764134789], [24.806160056266233, -14.141333700181594], [24.813346628525768, -14.155730245123475], [24.823976316153058, -14.151358810839278], [24.833738820231922, -14.154181483116032], [24.839485080580683, -14.149266117177035], [24.862974081453103, -14.15895074601504], [24.865934625212173, -14.164546984192837], [24.900466142565413, -14.16576380568577], [24.918333844618594, -14.175691039983292], [24.91818327382815, -14.183866083667835], [24.935147544533855, -14.184693304327183], [24.93790800650349, -14.190775709494874], [24.94523577162434, -14.188780699016727], [24.9617985293876, -14.195641520693643], [24.97208751646298, -14.20765961828091], [24.989804645592994, -14.197490501413471], [25.014548402403598, -14.20775693040374], [25.020394234217065, -14.204653634815228], [25.022127124499637, -14.209995048902897], [25.029203931806165, -14.205080891846665], [25.034022190917916, -14.217779628894492], [25.042705090161164, -14.211308714750277], [25.055955293963926, -14.219141904299583], [25.052036151323364, -14.213258306376094], [25.0549358052627, -14.209527876868066], [25.065039716333775, -14.215784855969629], [25.07693478855819, -14.208778682850097], [25.105041293243623, -14.218168854124027], [25.104589582660683, -14.23096415815506], [25.09686028937303, -14.232180403120656], [25.092443553621354, -14.240985828531908], [25.10729984491595, -14.240256111074567], [25.10985954392412, -14.252806937640106], [25.101829116197596, -14.258011921106585], [25.118793395350394, -14.262973568853948], [25.126572878002065, -14.27056176056923], [25.117538641163176, -14.272312844419156], [25.115480843523372, -14.285153715400659], [25.13430216433378, -14.289920218066783], [25.132325390308495, -14.308604402662056], [25.115906877369056, -14.308839503664208], [25.10800250682879, -14.31482110875665], [25.116183511558127, -14.324595902011206], [25.108102893577737, -14.328972535750514], [25.111666396840302, -14.339281603026281], [25.099219232825504, -14.341129404419085], [25.100072465762896, -14.349152576381458], [25.086571310148894, -14.36111386263753], [25.08772568265936, -14.370400438115597], [25.073484962170358, -14.380273084088524], [25.07246787006761, -14.41478590523514], [25.054951498692652, -14.424118855422714], [25.050534763981663, -14.435833099779176], [25.02353245024662, -14.448518784669366], [25.024335492085406, -14.463633732094538], [25.0101818642314, -14.470826335605597], [24.988549898140445, -14.492111191379287], [24.979666237650797, -14.529767743240475], [24.97299094417484, -14.531176702629613], [24.979967378700298, -14.545508710583595], [24.97289056362026, -14.560082679192634], [24.985588678166195, -14.561005665663892], [24.978210722997034, -14.57693870385263], [24.983731641093847, -14.591267738798349], [25.004159042301705, -14.60122465451942], [25.0113362380751, -14.612492425151808], [25.035979613109177, -14.620360095272181], [25.04601764872947, -14.628567425133632], [24.997421726238443, -14.651173204776727], [24.98266852176477, -14.66544487705015], [24.958290249993482, -14.677688536913255], [24.91141227526795, -14.692436190601688], [24.884304303185445, -14.725822040540383], [24.87665858520924, -14.728979590366002], [24.905221123619548, -14.788484934755393], [24.908592972920392, -14.787917837585965], [24.893108435985514, -14.803603917004834], [24.893900475711582, -14.811339529182778], [24.90032861094601, -14.812426273018678], [24.903873944715677, -14.820687411641236], [24.898134540255466, -14.843667391284793]], [[24.899699655897848, -14.845776580595418], [24.899825581978547, -14.846091347739216], [24.899755486793417, -14.845468616102838], [24.899699655897848, -14.845776580595418]], [[24.899782262134313, -14.846197517488632], [24.899842174135006, -14.846289512737243], [24.89983046135827, -14.846149623700418], [24.899782262134313, -14.846197517488632]]]}}, {"id": "101006", "type": "Feature", "properties": {"DIST_CODE": "101006", "DISTRICT": "Kapiri Mposhi", "PROVINCE": "Central", "Area_km": 9707.13406543}, "geometry": {"type": "Polygon", "coordinates": [[[29.13399592190702, -13.936255329810841], [29.1206331847134, -13.959579545977109], [29.12037612640495, -13.9796415696363], [29.102655002404617, -14.00174450223746], [29.102516379779892, -14.019468498201244], [29.095127557803252, -14.024508093867036], [29.104176202320236, -14.04571841311022], [29.08180069393219, -14.072729089670727], [29.080511175816554, -14.08310208880819], [29.09581991634217, -14.101592852790015], [29.098614091897446, -14.126376714058363], [29.092606703656323, -14.155402750777517], [29.105948801157997, -14.176956975568816], [29.122982293554426, -14.222092864764036], [29.119397611328896, -14.229960772275374], [29.123699166219144, -14.256282189211063], [29.116045893697603, -14.265726737798875], [29.12082324666796, -14.291869947034426], [29.125980887040807, -14.29843406420901], [29.1241269888732, -14.309350803014608], [29.11410260956595, -14.323188208714374], [29.112171723083573, -14.340462899230909], [29.105656421092604, -14.343011882227001], [29.131827796646316, -14.438307689989355], [29.123390769192206, -14.443425968918309], [29.116133064416147, -14.441279739886985], [29.110127680316413, -14.470690608851193], [29.11654502192397, -14.48953819499584], [29.114050071596573, -14.498305898669699], [29.1212836350477, -14.504157943579264], [29.11859605088909, -14.507983631819442], [29.12346742782528, -14.519054803630363], [29.11431677691285, -14.529753674224324], [29.121981933247294, -14.55327786404924], [29.11645589197979, -14.559546724053154], [29.124774665209898, -14.616648400579562], [29.112950121362086, -14.657352318706106], [29.11223708360532, -14.679943182570648], [29.0374701120652, -14.68251748331347], [29.026870634008013, -14.680640930949696], [28.996660944976625, -14.661360383802677], [28.98889160293385, -14.666992186770472], [28.99084139715634, -14.67171172801802], [29.009668754208253, -14.688516463808753], [29.02294469258586, -14.69370320357568], [29.022705266409805, -14.718397917903143], [29.005801624589402, -14.742177307023843], [28.98517521960283, -14.750687291630594], [28.975102239642112, -14.738502738307185], [28.969017774152963, -14.754309815307463], [28.957838333866896, -14.757586154393966], [28.961054919726646, -14.769072329589283], [28.93830188805222, -14.766537560355607], [28.93978094170965, -14.775311817196538], [28.933452915099206, -14.781576200806207], [28.90525077567486, -14.779235373321177], [28.88690537914591, -14.794654812780385], [28.869279767619872, -14.794938433989207], [28.84018461117495, -14.751466169875885], [28.844920645235483, -14.739641346104305], [28.837525819817845, -14.736561588021173], [28.838700648224485, -14.728102541707873], [28.83391309398579, -14.72847033289378], [28.82374042258808, -14.707965009919038], [28.822477564673438, -14.670737823861247], [28.828893972033114, -14.650697267589727], [28.84177905971883, -14.640791874673338], [28.84522662669263, -14.618473094730247], [28.83590960060304, -14.610929455432627], [28.84014457326272, -14.603550304986491], [28.83264372508198, -14.590290528032826], [28.825071426700138, -14.591241177021743], [28.801208428575826, -14.573391401934382], [28.801778859679573, -14.560049131420193], [28.7935635085898, -14.550841483618596], [28.795917197042126, -14.533503002963608], [28.788540179826647, -14.528872609913103], [28.784955523652297, -14.510415646723885], [28.776675989732105, -14.506365528329658], [28.76322828987891, -14.475199716654636], [28.73757020718696, -14.45163730523001], [28.72106298471489, -14.445824752596936], [28.708325886387403, -14.427439522427184], [28.699386637807418, -14.427687030687682], [28.68991825816887, -14.41822506773395], [28.681291902683796, -14.406521105129928], [28.68363050393094, -14.401016242021635], [28.671685941567922, -14.394879494958237], [28.674577640925385, -14.39081758422845], [28.679086072435652, -14.392679584332935], [28.67559277492565, -14.38482236036351], [28.66798977122912, -14.38962939401942], [28.64415261583887, -14.377942866790162], [28.640966145100712, -14.383694838653712], [28.637019600817528, -14.36700239637252], [28.614108974997865, -14.340049707833362], [28.60567653793485, -14.347800318914759], [28.604892754256202, -14.331513252334167], [28.59337923500751, -14.32892082814447], [28.56191976393876, -14.301109303358428], [28.538271103841232, -14.289218956944554], [28.53148731786973, -14.291183265217171], [28.52694677518131, -14.282487799752696], [28.516325150059117, -14.282199693849758], [28.51756839325951, -14.275232592752154], [28.50662244398037, -14.279344779267355], [28.504135954884635, -14.272691906011985], [28.491000814851397, -14.281859201255957], [28.463622425152696, -14.267531863818085], [28.444379174175378, -14.272875255104305], [28.433865655009416, -14.266641286572419], [28.411135916650327, -14.271356069421016], [28.399722579318766, -14.28121139222261], [28.386020061555445, -14.278278014962012], [28.37030007858093, -14.286330370341652], [28.350372588936555, -14.272339960375476], [28.36010886775239, -14.26546257675029], [28.348160996894197, -14.245538863929415], [28.335177042424927, -14.254793269750154], [28.32050895969868, -14.23662770237076], [28.287946674566335, -14.21901646316527], [28.255871419150083, -14.275563162094167], [28.208270966055675, -14.322871720986853], [28.200649342978206, -14.342484894663976], [28.205463280736826, -14.378898576246932], [28.249352064858876, -14.38340779034068], [28.27109224515213, -14.418019696347422], [28.266325046737727, -14.443246969910245], [28.18880683192642, -14.49487247001111], [28.195635042283683, -14.518397110730108], [28.23787169434251, -14.515349757328275], [28.250763448425918, -14.550929991937963], [28.209533214014225, -14.59352869398854], [28.16345462828364, -14.596778388170742], [28.120623324744432, -14.591572803133436], [28.09898112639412, -14.595052593839553], [28.069773657182495, -14.573662711658837], [28.053711046877172, -14.572316723985649], [28.03052841657935, -14.56029753934583], [27.994999671596638, -14.562901088885262], [27.967026273786335, -14.543327120346836], [27.9708115785609, -14.506772528884408], [27.962743923978575, -14.486354411366896], [27.9625452211293, -14.471584789993242], [27.982964162895946, -14.400568518956746], [27.967351866364446, -14.326831337071944], [27.984430051742876, -14.281845412584769], [27.925700852090504, -14.259151913110902], [27.901199396140942, -14.240515967845887], [27.86930368610219, -14.24132214341008], [27.85100442435135, -14.250936503011058], [27.844345438627304, -14.24754615740156], [27.850930048337396, -14.231082078057923], [27.850858040282528, -14.215788004756178], [27.865950098178473, -14.202695784724147], [27.860521443270933, -14.201728627804384], [27.855890035093214, -14.19268518788686], [27.860069411019964, -14.187527222391017], [27.852265103851398, -14.182232698732548], [27.85706078784343, -14.17799953117552], [27.85431482486948, -14.173075635241009], [27.8593048926109, -14.144509695245173], [27.854756583088513, -14.139217078672727], [27.85404897115608, -14.124214073001305], [27.838368629936742, -14.102563615171164], [27.828784185268546, -14.100194350791554], [27.83120095611508, -14.092831714615699], [27.823471392371417, -14.06966413657781], [27.83162959443941, -14.064985873921959], [27.832525121352905, -14.041559035396586], [27.841603298883165, -14.02239926095234], [27.83877416179536, -14.01246975443453], [27.847744168690664, -13.979912688299473], [27.85743744066229, -13.964736450621649], [27.87826062340846, -13.948267682249512], [27.895563301369663, -13.944759973339616], [27.913905632846845, -13.932761444323358], [27.925558586797276, -13.93639266716152], [27.952287398425828, -13.923320729672653], [27.96873204784844, -13.921376403589775], [27.978561569095834, -13.910840593720147], [27.996450367237195, -13.916266823841458], [28.014199408181586, -13.911835412715922], [28.027429663633736, -13.917261618625243], [28.05389017813135, -13.909031822059205], [28.065489942833807, -13.91292066286174], [28.089248501924875, -13.910524057564013], [28.113193402148593, -13.899309435422804], [28.145896359861176, -13.903876745338641], [28.166952964444068, -13.890310210421918], [28.174686142110122, -13.877828292174003], [28.220433015040538, -13.869778005115682], [28.229843267392, -13.876064489796345], [28.272228096556944, -13.87957581236706], [28.28492170833984, -13.8871294411548], [28.302466962868756, -13.886003816598175], [28.305640365814504, -13.880020148643633], [28.329013698565646, -13.870718495592357], [28.3402935534325, -13.880223062595347], [28.388660895590014, -13.883446637232787], [28.411779483194596, -13.890276591304575], [28.47683314224744, -13.881621978605603], [28.486017716239957, -13.885654145577499], [28.525430208775923, -13.868139342705875], [28.541322932389665, -13.86824071986779], [28.553643133373587, -13.859625209858084], [28.650989505718428, -13.859980933655978], [28.653533859793196, -13.830230514599029], [28.644191780588624, -13.733514965167341], [28.656526671722382, -13.71617489357132], [28.675148404405757, -13.701555367208291], [28.686492039657796, -13.676032709739141], [28.699072912872527, -13.66240135064175], [28.712136140970657, -13.656170188400237], [28.711435339166382, -13.643088845722996], [28.70103444897411, -13.633490228629332], [28.830918560884495, -13.595261409777804], [28.837918885755244, -13.611679430083784], [28.832644347614472, -13.628786480952956], [28.85079361766235, -13.66508752263414], [28.88076879879389, -13.676127252944825], [28.895862789864353, -13.693465925138913], [28.924713138326368, -13.701913263186063], [28.93094530122126, -13.70827810403405], [28.93000083678605, -13.714760150071841], [28.949945794171118, -13.736290207343687], [28.951382230853145, -13.757773238660974], [28.961612097086686, -13.775386376215302], [28.97517701540637, -13.77087443438391], [28.9777313066448, -13.776726562077156], [28.983720559696952, -13.77445938093031], [28.983971877770745, -13.779195246196213], [28.99846174821935, -13.779562302230346], [28.995934588797457, -13.78512987197951], [29.007258880626466, -13.7985486579634], [29.011803799008643, -13.795788201898525], [29.008693208962505, -13.790588007886491], [29.014446797983044, -13.78752218015209], [29.019136411601302, -13.795882388856409], [29.016363917783707, -13.804039953727868], [29.02408059609294, -13.811017858287263], [29.031565826164172, -13.809693547172076], [29.03045528569081, -13.81706720921236], [29.04452823633799, -13.82712268177384], [29.046615277864515, -13.820948345405398], [29.058084870394104, -13.819124540181162], [29.060034652040198, -13.829841397407769], [29.065746393941552, -13.830439978314635], [29.063805389734096, -13.84340606117069], [29.072430119268493, -13.851309625693407], [29.076897201326236, -13.847312284125545], [29.082409633117184, -13.869084217895324], [29.094434703394302, -13.867490952897983], [29.09844337426425, -13.880415163410557], [29.10968868172189, -13.884454668895923], [29.123517938297073, -13.907732427665803], [29.13399592190702, -13.936255329810841]]]}}, {"id": "107002", "type": "Feature", "properties": {"DIST_CODE": "107002", "DISTRICT": "Kaputa", "PROVINCE": "Northern", "Area_km": 5028.39567428}, "geometry": {"type": "Polygon", "coordinates": [[[29.755198974555, -9.235290409045142], [29.640905437912565, -9.323347326984475], [29.63501582689002, -9.317892364027866], [29.62881130785138, -9.321835096020012], [29.624598748158018, -9.318519219001793], [29.61847394382104, -9.326740607267515], [29.610365039499197, -9.320632149965755], [29.600012508313604, -9.326780430569826], [29.59400900618439, -9.322186203597775], [29.588711197186207, -9.325117546541208], [29.582341457305546, -9.316532966285834], [29.570307401180663, -9.316596126957439], [29.555987751596923, -9.301200493849374], [29.55371435636133, -9.307134075433448], [29.552483096686817, -9.30331761628846], [29.53646570038637, -9.301788104905942], [29.51832449271814, -9.319628750335823], [29.50744216661903, -9.315951801583827], [29.497970427281345, -9.321063141577927], [29.476191641888718, -9.318561572314], [29.44991367044676, -9.32672933175405], [29.438520017898032, -9.318725899003503], [29.432726316405102, -9.323356322662164], [29.41859163083669, -9.322807114308054], [29.405249271925264, -9.314935071957763], [29.404632797671656, -9.309272183146152], [29.399890314605692, -9.312771372668092], [29.391154866814173, -9.309673787679516], [29.392378092855107, -9.305481057621282], [29.385384128056575, -9.30356716660113], [29.38504310421853, -9.295869888200706], [29.38007173490972, -9.297552943963757], [29.37999254572249, -9.292980393078846], [29.37315602774547, -9.292069433016385], [29.370806174201086, -9.2961201131459], [29.362037322555757, -9.289751962261803], [29.351498583188185, -9.289564460371126], [29.343735156551563, -9.300754266189903], [29.333849899332392, -9.297188846362353], [29.34403466924034, -9.24132574660307], [29.33290380625155, -9.231290154330894], [29.33744454656933, -9.219089183103318], [29.329737994069973, -9.203643788992894], [29.3041317486615, -9.219123643378186], [29.29542798355177, -9.193868277367093], [29.292378859830666, -9.191904301265623], [29.286142502701697, -9.1980219237549], [29.276728375916424, -9.190112805399572], [29.270132384551697, -9.170927811306262], [29.25642400258616, -9.160898060391137], [29.25098252243133, -9.145148731891435], [29.228037155166355, -9.141092720052857], [29.20810398188118, -9.149775010349648], [29.190537757978554, -9.145901605273691], [29.186260618399455, -9.139063827189428], [29.190390613935026, -9.137580108391665], [29.175329776986775, -9.134179099234087], [29.18045852574347, -9.130728472766823], [29.17920574243474, -9.126526939241108], [29.168033284753374, -9.129367954603232], [29.171013876001453, -9.1208602488499], [29.155760555240633, -9.117339794870887], [29.156458079092463, -9.124600277339036], [29.150487564897126, -9.123999515136756], [29.14865623061282, -9.116401302139321], [29.134315925167424, -9.112611386616972], [29.126009607977068, -9.099649762679421], [29.10821920680035, -9.095922123676488], [29.115729872668833, -9.085079259803994], [29.110358319172324, -9.078930132252514], [29.12362082234658, -9.077474980076612], [29.11986548986147, -9.072640074077006], [29.122317339021528, -9.066244906721902], [29.132070749608143, -9.06306537406747], [29.13210877798907, -9.051216894811834], [29.14259551208821, -9.04223646335073], [29.172052586286373, -9.049094153404745], [29.177656125213442, -9.029645205283279], [29.17577845942007, -9.010232201037859], [29.18792434681465, -9.000976560430539], [29.18880328274315, -8.966050235580674], [29.19865035796949, -8.94882167621739], [29.264211934365438, -8.92619130100094], [29.29468939231844, -8.889834290873644], [29.308831305731626, -8.863603502926471], [29.30517104644462, -8.849465810196424], [29.316888632383122, -8.797630794080401], [29.31230142401232, -8.739774627773363], [29.315082270365426, -8.726853833157055], [29.371840075804307, -8.723259421613141], [29.390592967909026, -8.688441194169068], [29.4093220932863, -8.67638797824462], [29.43979257402448, -8.624481889627448], [29.46004284631674, -8.610758127577585], [29.48868319741142, -8.581475971242941], [29.491630418941643, -8.564225232013733], [29.488065230157797, -8.534657431841666], [29.498380510005152, -8.500668091095934], [29.529231277247522, -8.480334155665942], [29.59629912355902, -8.399649883132378], [29.607737939806988, -8.416976287031478], [29.619237939410628, -8.418976286884952], [29.64453794015558, -8.404676286219601], [29.670537939610995, -8.399876285660332], [29.697937940080504, -8.36957628758927], [30.214012098258998, -8.301646077851627], [30.215055580394736, -8.32957714299282], [30.219958415433844, -8.332058428078676], [30.215511452045234, -8.3515700270692], [30.205637617803184, -8.35595152723613], [30.197132685798447, -8.378148748144998], [30.186730993410627, -8.382653857151729], [30.18390452162424, -8.389176680781143], [30.169294249079805, -8.39367606675309], [30.160667457911803, -8.421848881104692], [30.146076178447395, -8.43379553789312], [30.137066600763813, -8.450472087570992], [30.143691174724278, -8.468222800402954], [30.175658203810027, -8.488127263566946], [30.18548661114645, -8.497456404784172], [30.186628095886395, -8.508499351736313], [30.173942963301474, -8.516668451306654], [30.1426097926667, -8.52562242228875], [30.109930346560052, -8.526767816439637], [30.073820042143847, -8.519332994149845], [30.04902418671612, -8.527202007712397], [30.03385572530861, -8.52290904822609], [30.024125011555963, -8.513464535089904], [30.001801617132497, -8.520047073329163], [29.945170979001862, -8.520336501119926], [29.92914761429466, -8.54076049680274], [29.916259893646856, -8.540653321393966], [29.893864297132414, -8.558654292748738], [29.890052510023278, -8.57063437639429], [29.89459801141208, -8.576277276630437], [29.88664521811692, -8.583304148205066], [29.761082125792345, -8.670049217316924], [29.671140850202136, -8.754714842643743], [29.563089888827037, -8.870621588887223], [29.53614257997194, -8.912656878119266], [29.54631848710129, -8.933687087320871], [29.560557598228222, -8.945284831091225], [29.555302534664495, -8.958242271709322], [29.545524945023708, -8.96129836319618], [29.54782168837186, -8.971683058414783], [29.540858929249637, -8.98620216325565], [29.54303900839185, -8.99878733033252], [29.538956830178844, -9.003119185233572], [29.531442084162315, -9.001497286260053], [29.523219728009973, -9.015732147580026], [29.544430064880675, -9.025723438948923], [29.54077765507264, -9.033064979405076], [29.547943084902716, -9.046476137241836], [29.54711078860545, -9.058077866306027], [29.56681530741317, -9.053397487257225], [29.59421174516425, -9.066286979740765], [29.60921998934587, -9.060882141698988], [29.608317865204956, -9.05585832227987], [29.624353233200967, -9.058201395831517], [29.631535543273568, -9.047032756732953], [29.642153178977583, -9.048582028752934], [29.64679787413667, -9.042404299105856], [29.659221242139385, -9.040975562191408], [29.6653064397555, -9.044326158194949], [29.690184867425828, -9.03286044042794], [29.71846608284971, -9.046035736990225], [29.72051726991831, -9.056563042892046], [29.707738189724346, -9.084269492443207], [29.7140998546489, -9.101817074042739], [29.705880403648166, -9.11548086832162], [29.708733627263715, -9.12382676929657], [29.70061937976254, -9.129170464062847], [29.71981917743292, -9.161371823735296], [29.7222502449672, -9.17732263173588], [29.73066882102536, -9.186534484712167], [29.738474961655438, -9.184873670338954], [29.750096893185876, -9.19012921711743], [29.751834595169782, -9.200180068874076], [29.7583121553424, -9.2040270786902], [29.75061963093452, -9.214173910005359], [29.755198974555, -9.235290409045142]]]}}, {"id": "107003", "type": "Feature", "properties": {"DIST_CODE": "107003", "DISTRICT": "Kasama", "PROVINCE": "Northern", "Area_km": 10620.886898}, "geometry": {"type": "Polygon", "coordinates": [[[31.12211894261863, -9.765900374666163], [31.1624061319333, -9.782571549969589], [31.251185434906866, -9.897624092119944], [31.24500577225211, -10.018278484347176], [31.272386422112074, -10.077489035158251], [31.243818590213678, -10.149847416419524], [31.255061972581686, -10.168202828672076], [31.283897550943788, -10.191540675194112], [31.28805441329288, -10.200795831441752], [31.34094440729162, -10.212025272839332], [31.442537938841326, -10.2154762869978], [31.458803562112656, -10.219963391914606], [31.457152622113806, -10.222940649314383], [31.47967407170124, -10.23774520615702], [31.481004135277235, -10.252316319663159], [31.491830294213194, -10.26557040920782], [31.495542117695816, -10.29025086111743], [31.52622072461058, -10.34067721016857], [31.509440570599047, -10.390687068804723], [31.519755847751448, -10.418669461401032], [31.517167996352327, -10.477546252677401], [31.527768491302428, -10.515733131415121], [31.542076781689396, -10.533329289054388], [31.54200884929096, -10.565347130834528], [31.524533201620134, -10.565062506023152], [31.507658478365368, -10.58652890434112], [31.50052496298237, -10.588516018658776], [31.48189354286697, -10.5670952539106], [31.461403220069567, -10.563076462912417], [31.42781914082737, -10.600201433723516], [31.391050158407193, -10.608681836972458], [31.37258247871022, -10.617816115433092], [31.356372755802404, -10.618306694594356], [31.32925355341935, -10.629543096868554], [31.329348623024202, -10.638863626790894], [31.342040694196374, -10.647226162858741], [31.343038947954184, -10.65897537473908], [31.32212317495335, -10.6547242213085], [31.309858924638576, -10.66070384624614], [31.30548562669651, -10.669346068876616], [31.313400344898326, -10.687890982207014], [31.31190296560911, -10.7023010444], [31.319698844783705, -10.706294635039043], [31.31962754190633, -10.711455866594896], [31.274872535712024, -10.74209448065855], [31.26871664427633, -10.740856852618288], [31.265198990744057, -10.73086223782511], [31.253814156058173, -10.721217590946113], [31.23679632219547, -10.730068259316008], [31.20732409341844, -10.721497825431465], [31.17728143623266, -10.732753765396156], [31.143768659867852, -10.752695836722511], [31.136590747048576, -10.76735965606168], [31.157815503676215, -10.777866731275314], [31.156104213958265, -10.797082055051074], [31.164969648869686, -10.79995374160089], [31.172908137392263, -10.78821000424758], [31.187192660153432, -10.785104726771769], [31.195844182839526, -10.789727611576485], [31.21319477064976, -10.813144469855429], [31.194798393830137, -10.829229368127049], [31.17759041716451, -10.816622990208092], [31.15793434270347, -10.820008088144988], [31.149615567676737, -10.826708135674643], [31.153489740985687, -10.843282519936873], [31.177733022919234, -10.860089410783822], [31.186550925274037, -10.872320496684177], [31.184744562358013, -10.880349794338558], [31.15890882793714, -10.901028901291715], [31.153299596386134, -10.922966789686296], [31.13026847594417, -10.938205666349344], [31.104171293148063, -10.967281045169575], [31.073368062055604, -10.960374150397973], [31.071918218017963, -10.951180265146728], [31.082827698391498, -10.933165021772176], [31.066950723143005, -10.918019235915214], [31.05960643334995, -10.922126642410023], [31.063409301086594, -10.943876288175057], [31.04693812890521, -10.956803967232792], [31.028113932126487, -10.944623028171327], [31.009812629403307, -10.943432910356757], [31.013258978261575, -10.934005133387538], [31.02611742730586, -10.92413365093193], [31.02547569332477, -10.919046091762052], [31.016229970112565, -10.919536180620605], [30.996074771018378, -10.932488259983554], [30.99044177094327, -10.940282569560864], [30.992343205260774, -10.958390719742232], [30.98640122425378, -10.964317630994312], [30.982170532066405, -11.003259612018581], [30.95170005132823, -11.02001077969548], [30.9208255155618, -11.022973634340715], [30.885054786899428, -11.036574370247099], [30.90038509866998, -11.06277092871722], [30.89910163070779, -11.075600089929507], [30.886385791011488, -11.074433826333207], [30.868631150867913, -11.050151152161641], [30.85812572821763, -11.052810442794282], [30.847525232369232, -11.077256174735387], [30.84598031693011, -11.093769884841029], [30.82411382632137, -11.108323566006263], [30.8205961727891, -11.131015597559921], [30.792050892197572, -11.16583148218997], [30.761936932134414, -11.178935911935806], [30.749720217969546, -11.200573246664293], [30.73854929281406, -11.204839901818275], [30.735649607433707, -11.21290673704358], [30.73999913505508, -11.222255591617433], [30.73488903173044, -11.241954803190142], [30.721436383956625, -11.263820518978594], [30.720343059695704, -11.2813025706612], [30.686022175070967, -11.32222971816269], [30.68564188766845, -11.331202145300955], [30.623350208551138, -11.335783147983102], [30.613474636069043, -11.328535430103598], [30.62542990275697, -11.327020610320053], [30.629351608622578, -11.316043754748375], [30.653380982822352, -11.295277472109474], [30.65326214199847, -11.289100902608633], [30.642614111796796, -11.275838307338562], [30.622102392925957, -11.267726613819123], [30.61948792175001, -11.25476607588781], [30.625691349335575, -11.249660954609213], [30.62666918438696, -11.231550699770423], [30.61069141187539, -11.208840034112884], [30.634788036652264, -11.190375055613428], [30.64001698169912, -11.17312066820669], [30.649001255637792, -11.173540382560178], [30.659982037990346, -11.162021360657517], [30.664284033055065, -11.145768032891954], [30.657985533169718, -11.139938066872098], [30.674361633949623, -11.141617109777343], [30.681325636340194, -11.132102411982222], [30.680921581311903, -11.123776793926853], [30.692900615625636, -11.11624388740004], [30.6986762232521, -11.090098760714625], [30.691688451439127, -11.085293963764585], [30.706876155658325, -11.083171429216842], [30.716858686049733, -11.065537474037466], [30.723632544739047, -11.063018252785918], [30.730263794978708, -11.044986515057317], [30.727456273153262, -11.029924746844408], [30.735468973298055, -11.025460602434235], [30.735397667725746, -11.016058774358541], [30.744072961630863, -11.010856146365427], [30.75604579217928, -10.98258760637905], [30.761670632856653, -10.980246823821268], [30.76620089881821, -10.947554029686836], [30.77817993403027, -10.940039942260116], [30.77867906315497, -10.927694954069926], [30.770740576429016, -10.917939947093762], [30.78557620034566, -10.894045163876122], [30.776470412196808, -10.8825113314001], [30.779505595861355, -10.86569547875144], [30.78455528927976, -10.864959852274737], [30.777561972166538, -10.83357861382718], [30.762865510762147, -10.81304638085061], [30.73220136223187, -10.788600303793547], [30.735492745415446, -10.775078948845385], [30.72932780255493, -10.760311236246519], [30.71905635690017, -10.7593502030452], [30.71452943536641, -10.736667618310081], [30.708706294284998, -10.729521873004394], [30.709803111195736, -10.709261486726577], [30.69976950529223, -10.701143544223976], [30.700648966735166, -10.688885988261758], [30.691450779672838, -10.676016818565003], [30.692258889729388, -10.641377140678653], [30.708183402026084, -10.628809646683033], [30.714485692801947, -10.616013710747136], [30.713125820429894, -10.599776285735361], [30.70187613997345, -10.591542984725482], [30.70770804232382, -10.584842716403935], [30.707898186923376, -10.570917761073561], [30.67704741878271, -10.564562538276999], [30.663998827833826, -10.566969126131552], [30.652475373218135, -10.576458043886714], [30.648745861009232, -10.571349429038122], [30.631137666019914, -10.574534808780403], [30.615485938837352, -10.566060418579069], [30.60374714367498, -10.569846879234959], [30.598956645657065, -10.57920601689368], [30.569045966257885, -10.565707418962432], [30.56779707894256, -10.560290487047993], [30.559420959061345, -10.561973394937121], [30.53314703632634, -10.550885329998462], [30.52053619890699, -10.553498655583939], [30.506229540758877, -10.545264114131694], [30.503686543140226, -10.538088831147842], [30.48892666337172, -10.540355424953335], [30.49244431600566, -10.528414721046264], [30.486740012154876, -10.527643583401455], [30.48987155091342, -10.522167643857966], [30.482385110811503, -10.519296816285406], [30.481298963191353, -10.509254319865406], [30.474681527244154, -10.506252235355289], [30.47623459309784, -10.49546439483697], [30.47145724012748, -10.48401274907622], [30.45854068266075, -10.482445950873782], [30.45212089494066, -10.467966929686861], [30.44305456798561, -10.46407652739955], [30.436898673854994, -10.467372052163888], [30.43524650765577, -10.457615731767742], [30.42002275673918, -10.45713474203866], [30.41985707326482, -10.448252847218065], [30.414703616346255, -10.441141320834708], [30.406879785193276, -10.44025889403979], [30.403053149830818, -10.426561174365192], [30.39495553823042, -10.427492150097745], [30.39000323296858, -10.420216355373547], [30.370800073802425, -10.415247244867611], [30.362673848165244, -10.400252149009926], [30.36258017903393, -10.384552639995139], [30.336907012730048, -10.376580432388804], [30.33056097938976, -10.357716997880715], [30.322598724139706, -10.3572919932754], [30.32031700421637, -10.344900006398442], [30.312164604366767, -10.346466569051074], [30.29639856297103, -10.334216861571113], [30.29181309643357, -10.335299518977504], [30.284929743890906, -10.32413607722258], [30.299781992030162, -10.309320016136757], [30.299643965886773, -10.300043798187192], [30.31385475223449, -10.293594747315721], [30.32182080466324, -10.283466488695218], [30.349798593438653, -10.278975138668333], [30.373400703736458, -10.245850989647911], [30.390537246370698, -10.249733440973662], [30.385997586726194, -10.260772680375693], [30.39655028860822, -10.280277504661498], [30.395219659093616, -10.290590724314457], [30.39930755508341, -10.29617974156246], [30.421459330863463, -10.30284455172613], [30.439618026035287, -10.324755244967093], [30.45045619903986, -10.325830870132645], [30.461008901820218, -10.312993428395593], [30.456730932197768, -10.287971534091788], [30.4694227473501, -10.274454244610304], [30.464598232827328, -10.265309783421301], [30.47019979007086, -10.226716717604475], [30.465137351355217, -10.207746564819283], [30.47668000296854, -10.199037039213893], [30.505471578254767, -10.197828266309598], [30.534539692714695, -10.184821858020802], [30.60189562604289, -10.1859447207621], [30.625378335866387, -10.170551546436883], [30.66312180082532, -10.170972647103982], [30.66459541338706, -10.150852814894401], [30.68360974757883, -10.123805982743512], [30.678143130765694, -10.120296327265201], [30.677287484559233, -10.109018235083756], [30.684798152224378, -10.073496680949603], [30.67638448276429, -10.055664276008853], [30.656157791248237, -10.051826007073618], [30.65801168492425, -10.04658376493231], [30.648314375923768, -10.033688284766923], [30.633911015033647, -10.031839238806509], [30.63093983543479, -10.024139146257271], [30.623049258557906, -10.02126030665253], [30.617534923236875, -10.007872145795291], [30.62418994289894, -10.001903491274255], [30.615631110180527, -9.993397456275805], [30.619885569095338, -9.987007195418126], [30.620955061051806, -9.962147228563063], [30.614489998241407, -9.943676565096714], [30.602107162224296, -9.931713348182193], [30.57358577322608, -9.925040879582028], [30.57536824634542, -9.91860250864019], [30.56811896597011, -9.896734284742637], [30.56158285001399, -9.890365607580398], [30.56282507901643, -9.882763990421829], [30.54400705815528, -9.861443173055974], [30.546726312419228, -9.842733650264524], [30.60256158579057, -9.823113412018822], [30.61146222208469, -9.828952444011794], [30.63088084127344, -9.831036665388908], [30.698500363662188, -9.82166903774346], [30.72381320312922, -9.835088179816278], [30.72647061287743, -9.853809039975909], [30.75516564801671, -9.86442751576545], [30.77449490908919, -9.879814292367156], [30.78446697141262, -9.906806772438593], [30.82228374878017, -9.934602277409423], [30.899814584921234, -9.936568891562093], [30.909433854578037, -9.951994608859966], [30.926220852853753, -9.941649076065927], [30.931473460423515, -9.927929971236338], [30.934111699225234, -9.914491109138996], [30.928669030599245, -9.893091048681168], [30.937486853004007, -9.885762182664617], [30.936084624167982, -9.863657708332893], [30.945068899903283, -9.82644673706881], [30.972568473232126, -9.810942760139726], [30.99474378487263, -9.814572838303265], [31.014756326109758, -9.811106648990718], [31.02602226607287, -9.801738341562265], [31.02633145721051, -9.794946417240258], [31.062078395789218, -9.800473606312018], [31.087465309436244, -9.770186922806397], [31.12211894261863, -9.765900374666163]]]}}, {"id": "108004", "type": "Feature", "properties": {"DIST_CODE": "108004", "DISTRICT": "Kasempa", "PROVINCE": "North-Western", "Area_km": 21864.5027691}, "geometry": {"type": "Polygon", "coordinates": [[[25.99512295896035, -12.856921143291782], [26.019161811284672, -12.883113139432808], [26.039547698642114, -12.88793768265958], [26.051992948706857, -12.907621597266132], [26.15449897095581, -12.94814015786104], [26.268637938978916, -12.955276284674415], [26.329545793943804, -12.953978611133078], [26.368196496254217, -12.923199968206712], [26.38752184606198, -12.929401941410529], [26.409910972011417, -12.924807902142145], [26.440077373025932, -12.930550436921475], [26.453746522868045, -12.941346044186334], [26.47392784586898, -12.93633949316094], [26.475225005952726, -12.919986451708201], [26.486818080002934, -12.928120004189472], [26.491652401433704, -12.925689126650761], [26.4970364936149, -12.933733113659235], [26.49666459468056, -12.924569172939034], [26.51101555055194, -12.922281143415654], [26.507244750874303, -12.914700717355716], [26.511722575884516, -12.910795560607282], [26.528219824361962, -12.916538419327669], [26.53529007678941, -12.910106409428167], [26.532226300647682, -12.920902901641362], [26.53929655127848, -12.931239530815466], [26.55155165225206, -12.91929494431319], [26.533169001689984, -12.953059900601861], [26.511015549653635, -12.96752919622582], [26.5282198261586, -12.965002869641541], [26.527512801724328, -12.976715612302286], [26.532226300647682, -12.982916252416643], [26.544296185179363, -12.97162771573252], [26.54165794458099, -12.990040346566714], [26.53281627819367, -12.992680535621018], [26.531247594230486, -12.997960832138117], [26.555633486410297, -12.999836699603692], [26.559412584724562, -12.986288450317108], [26.56454645836991, -12.995668086858808], [26.562407345099615, -13.00984108657745], [26.57353646266182, -13.014290812834917], [26.577024618215113, -12.993166881585346], [26.588005398771035, -12.978923448711479], [26.58579498172505, -12.996432337929871], [26.600437940369442, -13.024276287171741], [26.59557264323107, -13.03792653375634], [26.58344195892432, -13.026653107228528], [26.57773793983949, -13.038576288387386], [26.59658812937095, -13.058519586600438], [26.592579431551563, -13.087681507958827], [26.598760047318812, -13.089177490364403], [26.60241440736933, -13.100835154219636], [26.587628174623664, -13.08898199266247], [26.581397380761263, -13.090228286105013], [26.580952323030164, -13.103341064201022], [26.58591896181067, -13.111750023185746], [26.57844888003006, -13.134386298959901], [26.58123793878151, -13.140976286614297], [26.572051188171056, -13.158872969247394], [26.575556011066112, -13.165698462013243], [26.571439235138225, -13.169761165221122], [26.57635887855466, -13.174035634833594], [26.5600346563807, -13.185361321881102], [26.550910990859432, -13.20025637424085], [26.554248915757846, -13.216233694082637], [26.572505570414798, -13.221647899943363], [26.571105441839922, -13.256199488428788], [26.587238753151375, -13.27655894064102], [26.592134373820475, -13.295996293025764], [26.600201028577885, -13.304225568355989], [26.607266305236926, -13.302601390052425], [26.61182813620097, -13.31034320017355], [26.602982634007365, -13.313158342583574], [26.600979877810673, -13.3251223319476], [26.629185350883056, -13.338547281693007], [26.62573616155184, -13.344447528632122], [26.611883770663137, -13.344826438969436], [26.607155040804134, -13.35256689936589], [26.611216184066475, -13.359603462591949], [26.60159183084346, -13.363933556238706], [26.601925624141753, -13.36858831729631], [26.618003301889388, -13.374758446252683], [26.61722445085996, -13.36490781487019], [26.63331367914548, -13.362146811020608], [26.642156834041224, -13.351710541898814], [26.661071360015008, -13.354233347393158], [26.667430788134535, -13.359730312293662], [26.66587504979287, -13.352002657191726], [26.676192061592108, -13.351259092123842], [26.67119731901795, -13.341353495887715], [26.679003313222637, -13.335856112640247], [26.67122461163291, -13.325657739941597], [26.676492294729762, -13.31933665613697], [26.685335447828844, -13.321195815728696], [26.688064817122914, -13.31067809900992], [26.707279572641053, -13.303958206225754], [26.71306583428679, -13.306375260743987], [26.72709478994293, -13.296308457984], [26.733781743815005, -13.299495882134323], [26.753214850134345, -13.289481914566643], [26.76284952140672, -13.291845993950009], [26.76841743314961, -13.281858275749455], [26.780508535888274, -13.27447347510423], [26.7902250885988, -13.274420345693661], [26.795438183770777, -13.26437878075698], [26.801564516142044, -13.26331047075912], [26.806460409000657, -13.265980210032437], [26.806084087660157, -13.283639258840958], [26.81097533173716, -13.295688659710253], [26.82679544362817, -13.312422945235035], [26.825037654416207, -13.334287336254375], [26.82916464239222, -13.339567217242461], [26.82014641123748, -13.34797016756296], [26.81456733702888, -13.363139354689952], [26.834284238214465, -13.371632928759514], [26.839711383952306, -13.381207292079095], [26.847888930341664, -13.384330005059866], [26.87310940143791, -13.419792289371005], [26.875641806122765, -13.437415995963134], [26.861896464771508, -13.442630091901513], [26.84886942799953, -13.478908116135415], [26.848483757891877, -13.49836803859161], [26.793568797749344, -13.586230429332842], [26.779437673102702, -13.6704730763795], [26.793325904076305, -13.696658832976778], [26.83811887127787, -13.72109237193776], [26.86712646623711, -13.752807615820947], [26.879699708263537, -13.799987792008073], [26.89788818438368, -13.810302730888063], [26.933288575383635, -13.819274900758026], [26.94030761755167, -13.829895017770216], [26.942687988662893, -13.845092773138772], [26.929896033814256, -13.88067481033031], [26.919636262664906, -13.896036946394489], [26.914966968040062, -13.96074441025395], [26.908166353030033, -13.985481565132215], [26.865112305029562, -14.015502929212076], [26.85935118094044, -14.02542941709266], [26.866134232090065, -14.038929453238], [26.888229934131726, -14.05628264569562], [26.9012645993971, -14.074669483403168], [26.96624570871094, -14.126365432665345], [26.987155272556524, -14.165063049776368], [26.98618888204186, -14.22080202262071], [26.980522437688702, -14.233831621107573], [26.95895126104312, -14.23946751205377], [26.968084083092112, -14.250563493176012], [26.968425136574574, -14.423392830322907], [26.937289155127832, -14.419019216266797], [26.911619796782418, -14.424543768356706], [26.864083946031666, -14.414185121595713], [26.845663804281216, -14.425234326756673], [26.8125075476931, -14.417638056189515], [26.797296076746438, -14.433751048072038], [26.761763027036867, -14.437433855258712], [26.745363157732857, -14.457112814225685], [26.718624242752288, -14.452509706259919], [26.698778027284938, -14.466663960899465], [26.689627373677553, -14.465168024818901], [26.68499263005518, -14.452394626143363], [26.65944210894039, -14.446065192375762], [26.63222783515587, -14.450208115227468], [26.618442437926124, -14.475179098066054], [26.581958673303607, -14.455156503792187], [26.554269039816838, -14.466203674616981], [26.54440535204593, -14.481622765594416], [26.532996747039324, -14.479551606780582], [26.52370976600272, -14.489702625044213], [26.524286938064364, -14.495373297089401], [26.516019600570782, -14.503394174891554], [26.518001637125455, -14.5254721758388], [26.511529607880046, -14.537270188765843], [26.443309328161874, -14.56612294677956], [26.433595006866522, -14.583143683023174], [26.424529403953592, -14.586261218852238], [26.42296267023287, -14.59836756842125], [26.409097784676863, -14.616124368658651], [26.39936268085744, -14.638974190635006], [26.37998424061641, -14.649837413787761], [26.37288939501147, -14.660732399184905], [26.38313997819207, -14.701745136283634], [26.360322769077126, -14.716343145933298], [26.348233651615217, -14.714187662164951], [26.334296890955024, -14.733238839428617], [26.317659343596482, -14.727607088250908], [26.30886521066413, -14.697721889093627], [26.254555503020683, -14.684961963380857], [26.223407786881403, -14.662773934220661], [26.19132332732675, -14.660218348672725], [26.183563619715418, -14.653722764571906], [26.19001532817079, -14.619240028892941], [26.200219170210506, -14.615463702103979], [26.209473136363773, -14.595325230418691], [26.21182233234139, -14.56327968464244], [26.201272330795124, -14.553508256781434], [26.2134507012704, -14.52697797396001], [26.195105415234284, -14.516338448840848], [26.188422943955445, -14.507139027116686], [26.19488969559855, -14.501181148399336], [26.185767339820927, -14.494750954166703], [26.195353325099855, -14.485936989281681], [26.2008899628944, -14.487937214363704], [26.192354118962452, -14.474869714631847], [26.19936119018097, -14.466773928581196], [26.207790104949776, -14.466573887112279], [26.206220014224808, -14.460972674579915], [26.175626671803553, -14.464869712669993], [26.163774443675337, -14.457053743090128], [26.144415488791097, -14.45468784804569], [26.14235799914245, -14.440710847208043], [26.16548025995823, -14.423440912705779], [26.150230056351447, -14.404142773037188], [26.111380396070214, -14.41506300706912], [26.10297147959626, -14.408154136038409], [26.0923873654254, -14.40826321037096], [26.077767355143255, -14.420017137835638], [26.042870818406342, -14.401938294412588], [26.02988607521629, -14.371570501296764], [25.996695380813428, -14.352441389166128], [25.973185320882777, -14.309166257194246], [25.951498240005982, -14.294649674976391], [25.933233844566214, -14.269499505938647], [25.90616705259181, -14.254531509352073], [25.87680299624638, -14.217448925079218], [25.865430394818002, -14.217515069328218], [25.855627212174735, -14.207791461221786], [25.838295368611227, -14.203844572221504], [25.817541625636498, -14.167293377373856], [25.815858162132802, -14.153089405317187], [25.80690922881575, -14.143438213948176], [25.80291748130745, -14.120605468942474], [25.812661821604635, -14.094530004689275], [25.80137020868901, -14.084157039284626], [25.80419859119199, -14.078209171973906], [25.800680940354678, -14.07511991037578], [25.80719100606585, -14.06312876491404], [25.80835797870536, -14.04241296466], [25.801852660590466, -14.02794371712431], [25.790508266261995, -14.028061128122877], [25.7911975372913, -14.021996505909032], [25.78233210058326, -14.017200036121995], [25.787299597254876, -14.013279770206271], [25.78016921878884, -13.992962497783742], [25.785539493084418, -13.985614197428285], [25.783621077913104, -13.976661854064837], [25.75720940481748, -13.935852362092284], [25.741070982990383, -13.928862550341945], [25.73646000429885, -13.916128090745707], [25.712192952942907, -13.894210258280019], [25.700974493434142, -13.891372325054835], [25.700427829057872, -13.884196581108498], [25.685976932017866, -13.885996304654757], [25.68264942308515, -13.880873974630994], [25.68609577104513, -13.875543858875716], [25.67993987871109, -13.87282106967553], [25.67288080491908, -13.850368377162324], [25.66092553733282, -13.833360112421966], [25.66268436499727, -13.826528765169405], [25.651632279767348, -13.817319975395874], [25.65153720656927, -13.81203456287583], [25.63325067394596, -13.800880488592458], [25.637058809403456, -13.795811885826529], [25.635865288852326, -13.78556835136305], [25.63084964607478, -13.782861667861084], [25.632969606364917, -13.77852994459512], [25.619260364711675, -13.769216016263373], [25.61754907409543, -13.761228510052604], [25.624425391032805, -13.754066872347748], [25.623378895049292, -13.746390053143319], [25.619474277835355, -13.745968379611558], [25.620377458395048, -13.731492268602574], [25.616099230956106, -13.728813974335214], [25.62341913957403, -13.710932242858501], [25.6200547727652, -13.70486055918487], [25.62882190234012, -13.699049383640306], [25.627911890092694, -13.688358784189917], [25.63711007805334, -13.678544117930175], [25.664246120254724, -13.670827308215847], [25.647785046035427, -13.636812854250772], [25.62556905598393, -13.630845332686526], [25.623777515270113, -13.6260135067], [25.627321448117723, -13.592372284950613], [25.638634980824552, -13.580843986170063], [25.63820715817047, -13.568552677751025], [25.646963135161183, -13.554493469170433], [25.494300059909047, -13.33271862311214], [25.47193444197227, -13.330937812889537], [25.46871156521058, -13.323305545741956], [25.459159879405846, -13.318047398761205], [25.456048759353713, -13.307017309703703], [25.436563318084243, -13.303724119656929], [25.42759383041516, -13.308699298322129], [25.402068084835904, -13.30829208013958], [25.384583949882288, -13.297597959580743], [25.375905561280984, -13.303069017877407], [25.328165321345224, -13.311478978625042], [25.327037312232843, -13.317905764416505], [25.315575289806148, -13.319392927895333], [25.3133920450009, -13.332529160273108], [25.304458945389012, -13.338636734377106], [25.29226917259782, -13.340902691921853], [25.280115789660496, -13.335821956620522], [25.27574930364322, -13.342584444080572], [25.267325626052532, -13.3397874158805], [25.26159461439005, -13.34423078066669], [25.248458770077615, -13.340867285815776], [25.230337857148264, -13.350479675182946], [25.226608150004996, -13.35527687384183], [25.229573722319838, -13.359242012769037], [25.2238245170779, -13.359401325895112], [25.21933067510615, -13.369508593842319], [25.125889808409063, -13.32293196888202], [25.13522764037897, -13.319084897705087], [25.13863160043393, -13.302613049418529], [25.14785708100953, -13.29749720016747], [25.144822209958708, -13.292022742929861], [25.150134058726472, -13.287015618073136], [25.148419388648158, -13.28131166225484], [25.140231497259993, -13.279267132747842], [25.135658820935532, -13.270600859081652], [25.138356309918464, -13.257901446686592], [25.148276234921102, -13.250134371681131], [25.14347391417575, -13.247490220334756], [25.145026168850727, -13.242414290627591], [25.162168558619143, -13.23507867720791], [25.161859576788963, -13.230728952898767], [25.171342978953984, -13.230821500735283], [25.17024965469304, -13.226124640331639], [25.180374790839164, -13.214925843697916], [25.20302562387869, -13.216938888017253], [25.206115452960265, -13.206942919997143], [25.224440523309255, -13.221358273917037], [25.251131903038218, -13.204952933297118], [25.260139947297613, -13.205554556737708], [25.286712487999356, -13.190629172094216], [25.29560169143489, -13.190143214889497], [25.304300752965784, -13.18185863839652], [25.309458392440327, -13.184057087256749], [25.33919206779593, -13.169153532049782], [25.350862119381176, -13.17105123967788], [25.354760057620986, -13.165936653271], [25.374796418586214, -13.162395722182863], [25.397375946951716, -13.163599181335938], [25.39818405700826, -13.158114134684917], [25.42278385961681, -13.157859552102913], [25.425564707766554, -13.153878763932024], [25.4415367544165, -13.15917875291145], [25.44681323291831, -13.15316128775326], [25.452042175270194, -13.156146895429536], [25.46095514812812, -13.150869985206958], [25.467087272836345, -13.13920483060475], [25.471365500275283, -13.140292676218682], [25.474193880981613, -13.130316723159037], [25.501075406208507, -13.11376639234762], [25.504830737795285, -13.083232165384219], [25.52270421786439, -13.065960939895318], [25.52077901681944, -13.057278567279335], [25.53194994017829, -13.037412154986205], [25.57332989679841, -12.999249348151272], [25.574140286779162, -12.973272143697738], [25.88128850544554, -12.897179271749375], [25.88370503823852, -12.890576956436773], [25.891669385664844, -12.89299892926828], [25.906372799131237, -12.888354025033692], [25.90691737043287, -12.879893440274163], [25.915324181255738, -12.869209470333068], [25.914235041347396, -12.87760405804387], [25.93435012617256, -12.879694364312604], [25.94360783291068, -12.87070259776687], [25.96460304662703, -12.870476993412415], [25.99512295896035, -12.856921143291782]]]}}, {"id": "103012", "type": "Feature", "properties": {"DIST_CODE": "103012", "DISTRICT": "Kasenengwa", "PROVINCE": "Eastern", "Area_km": 1989.02687838}, "geometry": {"type": "Polygon", "coordinates": [[[32.218178041798176, -13.364000031058698], [32.23317560321446, -13.378914754764745], [32.23612231090834, -13.389041665812963], [32.23296169278572, -13.392926819193166], [32.24292045375471, -13.399238917943451], [32.25209487229295, -13.433362997840431], [32.257442657265344, -13.434934993387484], [32.24964677629413, -13.455786074109398], [32.256040349377585, -13.45788957420048], [32.26098407842342, -13.468244998610578], [32.291074269962486, -13.469262025374876], [32.34711987936601, -13.45421888329241], [32.35375453961048, -13.45997798463055], [32.35212827992574, -13.465974586799799], [32.35941314885768, -13.477520002861366], [32.368183513265954, -13.484049448164361], [32.376430982720386, -13.483379176039518], [32.380031824739554, -13.489816012747024], [32.39305664806266, -13.48743544268289], [32.432036044833865, -13.49287835616031], [32.4554831023204, -13.50894059174079], [32.504929577153995, -13.510574704322947], [32.53428796962157, -13.522238454012465], [32.53163893756171, -13.51272102684043], [32.53534758280486, -13.503118371320678], [32.54792888990588, -13.487712449275394], [32.57248492479719, -13.490282267870336], [32.57254804132735, -13.500857844235547], [32.56629898471525, -13.517929591240884], [32.54577024815962, -13.543905101904924], [32.54419980529508, -13.561989005383735], [32.56007981684922, -13.589473444105481], [32.54052959177641, -13.616489629784306], [32.53956716822205, -13.629328837757832], [32.520789541005946, -13.634305647696117], [32.5115969100237, -13.645071986587462], [32.49893817712831, -13.642787703760229], [32.49151425887187, -13.631651825619134], [32.48234910825239, -13.63823248959532], [32.48667487004458, -13.65735666079052], [32.47752302796607, -13.678098905158938], [32.50530943875509, -13.695079571613608], [32.49354150224489, -13.698731928847767], [32.46459459207632, -13.748715155700985], [32.44791050659619, -13.760842311569512], [32.29940980306085, -13.916629270604219], [32.218674027717654, -13.939477290312633], [32.183212285377074, -13.95550897609937], [32.155854462606776, -13.974713334716876], [32.1627243323354, -13.93707820618099], [32.158921464598684, -13.931980072794069], [32.15963450325376, -13.916477368705381], [32.149651972862344, -13.90780278513122], [32.148225898247176, -13.89453649802294], [32.15742408620777, -13.88087719958815], [32.15535627671312, -13.866732515360326], [32.16338983484053, -13.861009787093463], [32.16145532994416, -13.831394734319073], [32.14860768673447, -13.824764352666042], [32.13652138638931, -13.832711547063083], [32.11288409986158, -13.825907934356358], [32.10882757483813, -13.815396016946647], [32.1025940878265, -13.814402558068368], [32.109089286419746, -13.804814311366895], [32.10109519577439, -13.803566654325161], [32.09571821914847, -13.795387409416197], [32.09914425799649, -13.791921539853666], [32.090626745086226, -13.784666156386812], [32.08524976935862, -13.791413208397058], [32.07530474003708, -13.789564720723872], [32.06466974618681, -13.8000546978069], [32.035358085876936, -13.783441499246123], [32.033359563440165, -13.769946736295088], [32.02955285181242, -13.768976193001516], [32.03535808497863, -13.764862890301746], [32.03331197788295, -13.761382294210724], [32.05055976159377, -13.767508084748812], [32.05721512441225, -13.77640094492947], [32.0889756020681, -13.76987965173294], [32.06555964425673, -13.745159413788404], [32.06016887579631, -13.725598770806748], [32.053038500025195, -13.716155103413184], [32.03998990817802, -13.70998995989752], [32.03533139423491, -13.698051752914571], [32.04503834126008, -13.686627386620053], [32.04881538872053, -13.647688866431407], [32.06176328032273, -13.618087552774325], [32.150178010123064, -13.619087316036428], [32.19184318274418, -13.62814219917011], [32.25332533156855, -13.631210815173509], [32.23978308672666, -13.621974753728727], [32.241660754316634, -13.607421714772713], [32.23816686841013, -13.60421068506964], [32.22618783409639, -13.601346134291903], [32.22761390871163, -13.597441969959888], [32.21782152471643, -13.595524519620017], [32.21886731282747, -13.590257217760835], [32.21235490161508, -13.58637597498995], [32.207720156196075, -13.587970065405822], [32.20192078363877, -13.582818112714936], [32.19581242655635, -13.58713836785135], [32.19298408357921, -13.578966803013067], [32.18357194386738, -13.572929749861412], [32.18186065414941, -13.564080703801318], [32.176046456695, -13.566519266300684], [32.16439122910854, -13.559644502354422], [32.16384456742723, -13.54970896042022], [32.15688056324007, -13.548946448226591], [32.1578075141205, -13.544325109595887], [32.148775702235305, -13.5467513234223], [32.141716628443284, -13.540235152011878], [32.13613116541637, -13.542430336084216], [32.129476146652635, -13.530183258354755], [32.12234576998323, -13.533094883270115], [32.125197920112015, -13.508414254297389], [32.1177110227676, -13.502243696686657], [32.12175157215206, -13.495425855979311], [32.119564921833536, -13.482783442727792], [32.116451324227846, -13.486735714570289], [32.113313958098054, -13.48072638710646], [32.11452574499218, -13.46829110516611], [32.218178041798176, -13.364000031058698]]]}}, {"id": "103003", "type": "Feature", "properties": {"DIST_CODE": "103003", "DISTRICT": "Katete", "PROVINCE": "Eastern", "Area_km": 2385.27493264}, "geometry": {"type": "MultiPolygon", "coordinates": [[[[32.005713338344556, -13.71577499887991], [32.00771185898471, -13.73019736884329], [32.01589628467248, -13.726314508991981], [32.015896284672465, -13.731445414792073], [32.02136842792125, -13.729457781696171], [32.02322420087284, -13.737593110258278], [32.030314193778636, -13.740967341317434], [32.02917218082926, -13.757745324281174], [32.03535808497863, -13.764862890301746], [32.02969560399252, -13.769761872421329], [32.03307405997825, -13.769438357018666], [32.031979630789515, -13.777849584927703], [32.04078264356848, -13.787739324739652], [32.06466974618681, -13.8000546978069], [32.07530474003708, -13.789564720723872], [32.08524976935862, -13.791413208397058], [32.090626745086226, -13.784666156386812], [32.09914425799649, -13.791921539853666], [32.09571821914847, -13.795387409416197], [32.10109519577439, -13.803566654325161], [32.109089286419746, -13.804814311366895], [32.1025940878265, -13.814402558068368], [32.10882757483813, -13.815396016946647], [32.11288409986158, -13.825907934356358], [32.13652138638931, -13.832711547063083], [32.14860768673447, -13.824764352666042], [32.16145532994416, -13.831394734319073], [32.16338983484053, -13.861009787093463], [32.15535627671312, -13.866732515360326], [32.15742408620777, -13.88087719958815], [32.148225898247176, -13.89453649802294], [32.149651972862344, -13.90780278513122], [32.15963450325376, -13.916477368705381], [32.158921464598684, -13.931980072794069], [32.1627243323354, -13.93707820618099], [32.155854462606776, -13.974713334716876], [32.183212285377074, -13.95550897609937], [32.218674027717654, -13.939477290312633], [32.29725078941204, -13.917700089400949], [32.29297850432872, -13.965531097111546], [32.26370216397918, -13.990989531153017], [32.237674107442494, -14.009625977339795], [32.22044236225281, -14.006143746921117], [32.20389988629577, -14.01497605422668], [32.159943486880586, -14.02464004823542], [32.17028253435375, -14.03402504999101], [32.19069918002654, -14.037460742413677], [32.21774247566636, -14.031803199088657], [32.238026570427394, -14.048582158021327], [32.251099953081514, -14.049727833317833], [32.26294029021031, -14.05928924578125], [32.27053343220167, -14.079218684272263], [32.263096198217774, -14.104307089073444], [32.29102209311582, -14.135939713167717], [32.28555437676479, -14.169096758197503], [32.32009176525444, -14.222565636492325], [32.31118858403312, -14.235800017824571], [32.31869081022955, -14.270937676225895], [32.312200281977454, -14.27924303584256], [32.30908384928872, -14.310670851374322], [32.25108159421204, -14.323167802378316], [32.080627542861436, -14.380491329822908], [32.069021081218516, -14.372810624422907], [32.06018797757248, -14.373020176939566], [32.04746109937798, -14.361424771326721], [32.04133200738217, -14.366104915047542], [32.01659931789194, -14.361040573387786], [32.01076075992359, -14.347103339355495], [32.01370197891112, -14.338004783233279], [31.995259902098077, -14.337185872034677], [31.990581582997887, -14.330976612411433], [31.989063852375878, -14.314217986847959], [32.02280607643062, -14.288222990685005], [32.042016117590194, -14.297572927373656], [32.044404792727846, -14.308006064400711], [32.05039430988471, -14.308247885030385], [32.056549495244624, -14.286235012836855], [32.049923827136126, -14.278556157049037], [32.06103915016879, -14.26511190659134], [32.05404275632574, -14.263782583450554], [32.04398801935179, -14.27238578641649], [32.035171091669106, -14.26840687898269], [32.03261350900345, -14.241074449366883], [32.02665703367937, -14.240911360217611], [32.02130630223283, -14.222937981150096], [32.01507847281087, -14.220156862199184], [32.011275604175886, -14.210641285448935], [32.00056566028823, -14.20284181698015], [31.990378420013236, -14.20636914382468], [31.963887297218957, -14.185223631281664], [31.948546337717342, -14.179345662076878], [31.91935565712007, -14.190969117986404], [31.89352420227319, -14.185660672034663], [31.882324220211522, -14.17187499936806], [31.86450195399507, -14.168090820787995], [31.84280406728369, -14.153306598345315], [31.837117990250004, -14.138240526343951], [31.831104707263997, -14.138770628590624], [31.81085443317507, -14.114453772262271], [31.797476966305762, -14.10838026518966], [31.803274582656677, -14.085046919143698], [31.79913230265956, -14.082522287821467], [31.803100310389855, -14.075448214940309], [31.800484530368546, -14.070997243425667], [31.80556091722561, -14.068158897228882], [31.800617535827822, -14.062353077022355], [31.810745728940894, -14.03841094691291], [31.815682547247224, -14.041129898726428], [31.82079935380051, -14.034843832755488], [31.812777024614153, -14.015286091422434], [31.81709673894786, -14.006679160380285], [31.810591453172275, -14.003435883188407], [31.81304422580048, -13.998069589987173], [31.799162113252276, -13.993831368490072], [31.80075507328772, -13.983277726204475], [31.805723177220464, -13.983446944780823], [31.80142057579295, -13.978757218644965], [31.79695220555104, -13.981294248326638], [31.79985189198566, -13.974605651099804], [31.79776031571711, -13.969300764307706], [31.81030977992647, -13.965333551561647], [31.814017575534155, -13.959520998981443], [31.809168919791706, -13.953293101190136], [31.82718500633759, -13.934516127283144], [31.822954315929643, -13.928564384972482], [31.837072463913323, -13.901987291784865], [31.833507273254618, -13.890266563642205], [31.838641144728278, -13.8859749681723], [31.842871837850346, -13.867884782123514], [31.850667716192856, -13.86377737563178], [31.85580158895312, -13.847623947695896], [31.864880935648195, -13.850670110604911], [31.861315746969485, -13.846331626771931], [31.86849366092782, -13.836592818958332], [31.866402082270636, -13.830638565033592], [31.872941702169413, -13.813597620853328], [31.887507999762523, -13.800172540356135], [31.88584424529615, -13.789970146170836], [31.892784480959246, -13.784891865768717], [31.88969465008104, -13.774504133925324], [31.89330737411645, -13.768640629005565], [31.88872016394902, -13.76450838939562], [31.893236071239084, -13.750056510047749], [31.907401753176433, -13.760999388911353], [31.916362261285876, -13.759129437061782], [31.93447342120618, -13.764716158365735], [31.95032571524225, -13.79013082099624], [31.957439503621593, -13.788097473802365], [31.968026914609567, -13.780194969190507], [31.986013614743847, -13.753758926968812], [31.98185002580989, -13.742642881054797], [31.992770524020358, -13.725066433993902], [31.991771263251152, -13.718363698150581], [32.005713338344556, -13.71577499887991]]], [[[31.799281272374884, -13.975888121386268], [31.79911614570048, -13.976248660251601], [31.799330324998547, -13.975627796035186], [31.799281272374884, -13.975888121386268]]]]}}, {"id": "104004", "type": "Feature", "properties": {"DIST_CODE": "104004", "DISTRICT": "Kawambwa", "PROVINCE": "Luapula", "Area_km": 8007.50407829}, "geometry": {"type": "Polygon", "coordinates": [[[29.343669616366764, -9.242937950876323], [29.33351714718148, -9.295077826879279], [29.337557695667595, -9.301457757369777], [29.343735663201397, -9.300752028649606], [29.345829079173193, -9.31299761258807], [29.354385385829033, -9.319658685127559], [29.347682977340792, -9.337436446555028], [29.360089688781528, -9.35188325733878], [29.358710920347466, -9.37059749895548], [29.348395868672167, -9.387763004931951], [29.33308905862608, -9.383584866020232], [29.325483589952384, -9.387059514387893], [29.323867516264677, -9.397002005983527], [29.330474625179374, -9.401597927590927], [29.329618979871253, -9.412993791986015], [29.320920149207385, -9.419090255218512], [29.326196398638757, -9.428938037199318], [29.322726655853845, -9.44164602031714], [29.329429210767486, -9.457026124380803], [29.344877987866127, -9.467576166672565], [29.347112400709985, -9.480423401228386], [29.341645779405283, -9.487034347632191], [29.352528256421373, -9.493505642707195], [29.354188402355206, -9.499719850189932], [29.345213179841355, -9.516065230341479], [29.35120044312517, -9.51811813777048], [29.35476563190902, -9.531057170557345], [29.371260384866613, -9.526322337890797], [29.37354233386037, -9.533073009106902], [29.383714964833878, -9.53555758962367], [29.385568904323982, -9.547792819902877], [29.392319140914584, -9.550746061551106], [29.397262682212506, -9.550089828985866], [29.399116580380106, -9.541229952589367], [29.414185485996253, -9.534526265571245], [29.440235132642457, -9.539542303338093], [29.44532146834129, -9.550230434410755], [29.469992533403033, -9.55290244113577], [29.471180972184566, -9.557730674902336], [29.464716096223764, -9.56429325161143], [29.468186215402763, -9.580183537013468], [29.462624663732093, -9.597057387661916], [29.470420397379595, -9.599025919195602], [29.484633388193025, -9.5925577833369], [29.497943613468415, -9.598041668144482], [29.506927933221167, -9.613367929257087], [29.524896481996812, -9.604415957865212], [29.52570459115507, -9.630661887722617], [29.531741609427517, -9.63577016459282], [29.53240714517037, -9.647720653769559], [29.539781842935778, -9.648731646291818], [29.542770107593032, -9.642050140319569], [29.549662518747017, -9.64200325266539], [29.55969272362889, -9.644346456599237], [29.57501864982421, -9.657594859431601], [29.58829064639435, -9.653688452826914], [29.594952442048616, -9.658733400952686], [29.598885617603763, -9.652398787364895], [29.609419487204175, -9.65075669084921], [29.612065587162956, -9.65781957193714], [29.623315300857065, -9.664492937608282], [29.625604321388746, -9.659416939708178], [29.631959340576834, -9.66473161973207], [29.641181057211405, -9.6626229258293], [29.644152047265738, -9.667566766960011], [29.654586220039274, -9.662716670595573], [29.681133255773464, -9.680572629979997], [29.699993256704467, -9.681980479638451], [29.70837297972827, -9.690082625559398], [29.726840585763412, -9.685888821834178], [29.730025559908306, -9.687950593881213], [29.72769630383507, -9.6971814808832], [29.737040189551635, -9.70782219786484], [29.739841952277786, -9.70397566062085], [29.751749683714173, -9.708098835920906], [29.76717488183324, -9.700812874647635], [29.786319718777907, -9.706997804902343], [29.802704372417644, -9.700260842759784], [29.815489571037013, -9.71067396571175], [29.812150719077213, -9.716393888659072], [29.816675982320966, -9.719385242768084], [29.816194822196906, -9.734619397618607], [29.821252522299435, -9.743820936884708], [29.84157889087943, -9.75886888269463], [29.846018889629672, -9.769765506728815], [29.851399817944486, -9.767235847288594], [29.863692614024025, -9.772004828708969], [29.870648464203374, -9.781067766539257], [29.857813809734367, -9.791701398283486], [29.867971434351062, -9.807256569115104], [29.878741178188868, -9.810055791365267], [29.883055347222317, -9.817651611105596], [29.89413097190596, -9.813436084058761], [29.908391785431835, -9.817557973574731], [29.923650735036233, -9.830719704980517], [29.922985460703135, -9.847908678511885], [29.93078111260393, -9.855449168249649], [29.934495646303763, -9.883718939379714], [29.925600079202773, -9.892539885257149], [29.924152001252995, -9.934516609328009], [29.910889604978262, -9.956691190329678], [29.90960613701608, -9.982151005585923], [29.9244115380133, -10.014974927773514], [29.934034073046156, -10.054178009926476], [29.919420273715915, -10.073250018921012], [29.89619135772308, -10.162882608209385], [29.882185366598883, -10.182533849569277], [29.847985632366633, -10.201883488227194], [29.83730905819682, -10.226032673038672], [29.822420799292747, -10.222496023671434], [29.819327631173252, -10.212963853628686], [29.80588269633449, -10.211038947685903], [29.7979577175755, -10.202797366834307], [29.77819126172557, -10.201885925725968], [29.646783655602345, -10.243289784273173], [29.647657816086813, -10.259565730944734], [29.632018521587746, -10.282905993560767], [29.586146426201676, -10.283654351384524], [29.541320118926624, -10.305028539150944], [29.535853495825297, -10.314709586147858], [29.53153974540676, -10.3163958720658], [29.532509478552587, -10.305148657114247], [29.50925030730101, -10.271143421191013], [29.507103589791804, -10.26108944412801], [29.51488616940861, -10.171694065561683], [29.510817093124036, -10.162186433868552], [29.49509220085648, -10.15194857183897], [29.495358403116224, -10.157507380199077], [29.480622260430778, -10.164245198439353], [29.472826364188208, -10.17880588689346], [29.45994412506025, -10.17932523066815], [29.442660053903563, -10.190919012641816], [29.436314006190212, -10.188855743848368], [29.437369302968545, -10.182328987262196], [29.432506377382513, -10.184588803951822], [29.430210388619216, -10.179984937051575], [29.418045941132505, -10.17896028710364], [29.402729861370997, -10.187817085605108], [29.38754212481247, -10.187971479685064], [29.3815240735689, -10.193796339234497], [29.368375633079573, -10.189459285407448], [29.343252765735553, -10.202406610225282], [29.321956706230566, -10.1828969933062], [29.314113290906093, -10.182195183592931], [29.30536669412363, -10.18893247027909], [29.296525025041355, -10.185517058177394], [29.294537547391, -10.191217675176798], [29.2903344469576, -10.178925674251662], [29.280394681763617, -10.175107768840263], [29.271272534395127, -10.160018179695058], [29.267754874574642, -10.16072939503468], [29.271481692735982, -10.154758880903064], [29.264294255978083, -10.14839519896178], [29.270207729847822, -10.139935053016453], [29.266594995930927, -10.137913569334644], [29.267678816914493, -10.126533124204009], [29.25731598115429, -10.122471254667131], [29.2506799626571, -10.103078400361483], [29.25722566094236, -10.065173788369032], [29.230781414934544, -10.04172863918205], [29.21526092981836, -10.03757442489341], [29.21405139140744, -10.032905259811738], [29.210947041957603, -10.039657390065612], [29.197650456701474, -10.036033782571746], [29.187382712105663, -10.038701854565186], [29.17726544699806, -10.051551094383923], [29.17395694641676, -10.063514569604612], [29.18110797984608, -10.072570433904943], [29.175070925641016, -10.077175812845685], [29.179946475251725, -10.095422017852574], [29.172721011011188, -10.097902406866938], [29.175359256101157, -10.102418535569221], [29.16979755081855, -10.105928436787917], [29.17350224527108, -10.11531760323076], [29.167940548073318, -10.122571048910078], [29.172123704110785, -10.130339077719928], [29.144552909651264, -10.126314701213328], [29.13361966524521, -10.119342115876856], [29.100629783834236, -10.125940338390786], [29.074496343236653, -10.116777070957655], [29.00794615110762, -10.110599841048527], [28.94436550184697, -10.096047315874234], [28.934123832648936, -10.10620877297856], [28.940951836393666, -10.044823944234153], [28.930662893353816, -9.971820149773912], [28.93423699701852, -9.910160436397318], [28.924431049360823, -9.88524453790229], [28.935055299360304, -9.850913971189584], [28.906571514738182, -9.770079865988068], [28.92363057498421, -9.695973854087432], [28.938889583877376, -9.654362423252037], [28.942736884982963, -9.621437810956516], [28.925627080703165, -9.381981562906757], [28.930808487803482, -9.362376812920084], [28.959805356878213, -9.326166096345178], [29.135545396296216, -9.355388251273606], [29.18645629212958, -9.270060208782175], [29.204614987301408, -9.214789958332947], [29.30596142016421, -9.242707680258043], [29.343669616366764, -9.242937950876323]]]}}, {"id": "109005", "type": "Feature", "properties": {"DIST_CODE": "109005", "DISTRICT": "Kazungula", "PROVINCE": "Southern", "Area_km": 18030.4365897}, "geometry": {"type": "Polygon", "coordinates": [[[25.999476594577484, -16.42493125340118], [26.00745643434922, -16.44841001201251], [26.013113201151803, -16.451966033627823], [26.012043642719988, -16.465756402779682], [26.004680396677845, -16.467835380901132], [26.013826238010243, -16.477107077108432], [26.000753879435585, -16.484537079209883], [25.99407509304605, -16.510448683156028], [25.999694243794405, -16.516592610684228], [25.99762643340148, -16.519828365688127], [26.00676452856117, -16.525801747231096], [26.02389173590297, -16.608623405178577], [26.029869371941896, -16.692797582654084], [26.055324817163623, -16.692456087671548], [26.06699486874888, -16.700515207326763], [26.09390015980487, -16.69672473237124], [26.096039272176885, -16.704533256027318], [26.104072832999243, -16.708357723099102], [26.105760355091352, -16.728662537889118], [26.117905764582243, -16.738768612979577], [26.120567771009767, -16.74994385309147], [26.114911006003812, -16.759434324318057], [26.114411878675742, -16.778732429888564], [26.1188073802767, -16.78222211034046], [26.125180038783736, -16.823137191961585], [26.145608570964356, -16.83529706261272], [26.168786217408947, -16.87132951029635], [26.189888539053253, -16.875987976369778], [26.21023220828731, -16.8705003167919], [26.24170094188496, -16.87429869858892], [26.25700492493285, -16.870287165312103], [26.251850673903554, -16.911245754174022], [26.26053702067993, -16.926524378163982], [26.258873267111884, -16.940621576973456], [26.269473761163653, -16.957627763255125], [26.257518492679097, -16.975223452839305], [26.261535272641108, -16.992772031408144], [26.256330100609944, -17.00304582603433], [26.25913471458882, -17.011796290416765], [26.24485019182762, -17.041703880593555], [26.23170652678232, -17.04177205524658], [26.217065486939397, -17.05083883231915], [26.211765239913493, -17.06076860924842], [26.200380403430984, -17.06165476502371], [26.19976243707566, -17.068380323297653], [26.187426882086914, -17.068380323297653], [26.17556668859706, -17.078422765803737], [26.17002876082173, -17.09446228593092], [26.166297198657382, -17.094076081934446], [26.18431328358293, -17.122675772230295], [26.18058172321518, -17.13335125718505], [26.13532759059114, -17.15390551660563], [26.133354853396284, -17.161581549933537], [26.123538699978663, -17.166259688706084], [26.09432791957687, -17.199094166394417], [26.062550204149037, -17.22583883626399], [26.039899372007852, -17.257232773949426], [26.016583034666557, -17.27012476183098], [26.003344302711366, -17.30289539860973], [25.991652112145943, -17.31550796924026], [25.98311944106353, -17.316687885175558], [25.984126979808103, -17.332127278034914], [25.976892255733624, -17.334453756996233], [25.97880325531226, -17.352395722104927], [25.968060130352946, -17.357495520397084], [25.970265798904343, -17.36439182188995], [25.9623955832417, -17.37134746032068], [25.96271882942026, -17.37797104234308], [25.9710471256907, -17.384793987907152], [25.976066921379832, -17.379622363342317], [25.991981957348578, -17.377354061368866], [26.005826576013458, -17.381014963777908], [26.014361878261337, -17.3874840834239], [26.01451399358167, -17.394415543152615], [26.02923112162748, -17.39153048965119], [26.039004515237597, -17.400185510191328], [26.04370106384984, -17.41439192072726], [26.06153958957293, -17.42849058412408], [26.07362718708539, -17.4302813863842], [26.07811921715522, -17.41836125034614], [26.094815994931984, -17.424827480010208], [26.081507665101835, -17.4495521481199], [26.08211691420566, -17.455345709294924], [26.089072361041445, -17.45914487327095], [26.083890282001295, -17.467789745357294], [26.094716143594912, -17.470090327727263], [26.075888409250584, -17.528524840595622], [26.08192884740932, -17.54663141709652], [26.11016664366226, -17.56694368985968], [26.169801683785906, -17.469903472222835], [26.212888425971133, -17.46984010677127], [26.20375047633847, -17.480977032921178], [26.21443655737893, -17.491169310299178], [26.209625919132357, -17.499511317199303], [26.218258446941757, -17.50926735410216], [26.22382965909501, -17.50817934586424], [26.235276314940446, -17.521543258373338], [26.228488182021252, -17.52377350308061], [26.23681647919002, -17.53586711705468], [26.264815001082177, -17.56216782721391], [26.26239067091253, -17.57256851739687], [26.277483303730246, -17.573588157219355], [26.279313433373744, -17.582877977394972], [26.29198173781848, -17.592779038900296], [26.283235141934313, -17.610019637072604], [26.271850306350096, -17.61767656237567], [26.273181307767228, -17.62895747816483], [26.259395912334096, -17.6463078657935], [26.25915823427959, -17.652038111007638], [26.266146003397605, -17.65357822500636], [26.267405701937392, -17.658742040398213], [26.262414439436633, -17.663951001730943], [26.257494480711546, -17.662546861573237], [26.25233683944037, -17.673530566791776], [26.25549797409426, -17.690129408985726], [26.244089369087646, -17.69307310780749], [26.242164166246038, -17.69816785739976], [26.24865280983264, -17.710847500738623], [26.23973983877135, -17.718975587771908], [26.23943085514454, -17.725812853624888], [26.21982231593504, -17.73101986908688], [26.21863392206926, -17.73926023014988], [26.225716762588753, -17.745915627635675], [26.20698763810981, -17.75487964982674], [26.20717778181107, -17.759406766396907], [26.214284390854665, -17.774051192952403], [26.223934167298534, -17.777695138931097], [26.22852137836426, -17.79045967458256], [26.24246126605994, -17.805961476572786], [26.243411983667848, -17.822095497876475], [26.25101771914118, -17.83030903175164], [26.2686535202575, -17.82381516601882], [26.281654575056518, -17.842368439024693], [26.30171470364752, -17.834426969855567], [26.324817126966863, -17.847956665325448], [26.325221181096822, -17.855626053258923], [26.332304024311277, -17.855128344330556], [26.354408192974514, -17.880622793115943], [26.367076499215845, -17.900640272355368], [26.369191843063753, -17.91423277513522], [26.374919913642014, -17.916087243397712], [26.38499751363824, -17.910161917868926], [26.38623344634885, -17.925246234296075], [26.394205068332372, -17.93668129415975], [26.347775113764964, -17.929669416418836], [26.3087892554119, -17.936599927579927], [26.2866918411813, -17.918944009910458], [26.24510149642666, -17.917433883927995], [26.225689957758995, -17.899040276255985], [26.226056212578424, -17.89024939259342], [26.217510253616346, -17.884246557193915], [26.150526194968016, -17.920066918214093], [26.12655681205954, -17.919215059014988], [26.087611644693897, -17.934547906375574], [26.09233227085071, -17.947324263697876], [26.10620928725631, -17.947750126614842], [26.095628572310464, -17.960719090398864], [26.091640456690833, -17.98177711404657], [26.05306154594128, -17.98108038008528], [26.043742380963007, -17.972487117780407], [26.032754714820395, -17.980306229913097], [26.003739143719763, -17.97662896810278], [25.99018769114617, -17.98324798506998], [25.98884475381387, -17.99706583106653], [25.968822789249387, -18.002445593934585], [25.962108105282773, -17.996291751876928], [25.94009208201016, -17.992305182008486], [25.91746563373906, -17.99609823090795], [25.90993704827728, -17.983751174255293], [25.8829969241478, -17.9805771807234], [25.88067730699758, -17.975235459362978], [25.857684602110393, -17.973996775601396], [25.878711147267207, -17.96477868462377], [25.884619842099653, -17.952720144183196], [25.904913863244595, -17.93474633301958], [25.92535526738489, -17.898470514043254], [25.926573111618946, -17.831455977183367], [25.936878906155254, -17.826351434835477], [25.946576237613602, -17.81279291576426], [25.955379896281258, -17.81185156410645], [25.961198295156294, -17.798110900101012], [25.977589641244904, -17.78851534180265], [25.989146578766174, -17.74916454260912], [26.00032145561062, -17.750695375882025], [26.016643397860385, -17.737105760012174], [26.013068695019342, -17.729006552652333], [26.020811349911675, -17.72841249987126], [26.02247016364395, -17.71622673783688], [26.01734388884756, -17.713140318841646], [26.027474748160365, -17.702996786944727], [26.02414540127459, -17.68988855392598], [25.98919064382583, -17.666183180238193], [25.92570319657253, -17.65053849183765], [25.924390887299833, -17.657640869054248], [25.90045084336856, -17.659977972406136], [25.86730825105421, -17.693058260982845], [25.866378889993875, -17.70201978666503], [25.788722410087278, -17.70007149282155], [25.786377016678284, -17.71868377077508], [25.768648759156303, -17.735460656183314], [25.77153055099451, -17.74380011689619], [25.76255153669181, -17.74976246296462], [25.616935149260588, -17.74447588969197], [25.62067881532509, -17.83953249076158], [25.61695437230934, -17.841501562381918], [25.6062944573965, -17.838345365268964], [25.58643635631959, -17.847202938665408], [25.576774693367895, -17.84106037470482], [25.550534905715395, -17.8385489917501], [25.525435976677095, -17.861828848671603], [25.513136074923647, -17.865018561591874], [25.454167850642154, -17.842689362885608], [25.432954978725743, -17.853582833646108], [25.417339450954152, -17.848153151143833], [25.39855090741073, -17.851784268960767], [25.368211148614378, -17.83342430006719], [25.34831739699716, -17.840449503179894], [25.30792380942361, -17.82527879233558], [25.227350541111985, -17.769370194194146], [25.190165620748942, -17.76814795201726], [25.169071588758083, -17.746032994857707], [25.156308213810235, -17.741799831859154], [25.16112715877824, -17.72772440660792], [25.15920195683496, -17.717706243227443], [25.149148125362835, -17.70463084799447], [25.134780415911383, -17.711559227427653], [25.1325343456301, -17.69369432924222], [25.12098313576705, -17.693320709322787], [25.10597368963955, -17.70663466961013], [25.094636390205242, -17.708604509297892], [25.09360248411046, -17.703645907333907], [25.103157098423004, -17.690264013331102], [25.095237938950408, -17.684408351215726], [25.101817975337383, -17.663611403607558], [25.08761296785189, -17.661390355953998], [25.082122576226464, -17.64093836605764], [25.06664965600623, -17.630031953720614], [25.065401840381046, -17.615421081744397], [25.056667128309783, -17.61385799005817], [25.054135843824085, -17.628842742374317], [25.04429592278066, -17.629046606241502], [25.042548980725737, -17.62072190807137], [25.051212389919623, -17.6009449598873], [25.04525852420146, -17.58857477292323], [25.02675519306579, -17.58442853320431], [25.02265522731186, -17.593128730919027], [25.010818801447776, -17.597716559766614], [24.99613022186169, -17.589254477272423], [24.986611169156273, -17.560500823174532], [24.975166911812657, -17.553385344624743], [24.979682819102738, -17.54384472596906], [24.974933330974178, -17.54113850289565], [24.979183690876372, -17.521883533070827], [24.971577955403035, -17.50730926304163], [24.977020810878585, -17.502707809636433], [24.987027107099138, -17.47384974792051], [24.99910121281435, -17.467297673759564], [25.008313230338796, -17.447884507139612], [25.018543440627056, -17.43997818565594], [25.01716629634705, -17.394340062751198], [25.022945382250306, -17.382160150380678], [25.019502522448565, -17.37460303159228], [25.02506028143212, -17.365804007278175], [25.015125172206258, -17.358199270728168], [25.01664986656832, -17.34965530231435], [25.00981333421824, -17.347610781666916], [25.014289049085892, -17.328267805756067], [25.027027626938665, -17.320285885929874], [25.02825722023829, -17.3138061913908], [25.038044774890547, -17.312256662964963], [25.043258247354927, -17.286898925588087], [25.05648866360552, -17.282484441987318], [25.06691560943261, -17.286805000758857], [25.067530404734974, -17.274617950084867], [25.076162142925227, -17.266375383317484], [25.072751181400918, -17.258879769792905], [25.075571939003765, -17.254233950963236], [25.0909664362997, -17.24542680166057], [25.10390175058956, -17.245074507700746], [25.111451447358863, -17.224569801287974], [25.11983726994346, -17.22207995615006], [25.114672980240865, -17.193303377062314], [25.104196850753663, -17.19130646567711], [25.101663890909975, -17.180687254030758], [25.089810618939392, -17.17706906421679], [25.087720312036783, -17.164428338155428], [25.097212767423237, -17.1591180367997], [25.098294807047594, -17.146664079815746], [25.104811648750953, -17.14948391640752], [25.112607263820838, -17.140107792655293], [25.110123489433896, -17.126524498727104], [25.11666491892491, -17.12029653127759], [25.116369817862513, -17.110683901862068], [25.126895128314874, -17.1138803326731], [25.133190642200237, -17.098367729300016], [25.164987904968676, -17.092256349361726], [25.16611913004974, -17.078152396992994], [25.17509515296254, -17.072275436374817], [25.17691495018366, -17.065434419606973], [25.171357192996734, -17.054008660321827], [25.178046177061354, -17.041289039050532], [25.160512188304402, -17.03186044325384], [25.156405347743586, -17.02229028269276], [25.17119734587675, -16.981358818231012], [25.162110657707487, -16.97137446340783], [25.164641915243738, -16.96362741007246], [25.19448573662958, -16.994051961977622], [25.25202221523149, -16.95855068138857], [25.265377853937743, -16.916601445347236], [25.227812833021808, -16.7819308601448], [25.24051263509534, -16.707166749248096], [25.222767261972226, -16.699188073143105], [25.215779491955878, -16.687030883362386], [25.194744878131168, -16.690787401253093], [25.176918933313623, -16.683684102652137], [25.161659926217045, -16.684367125937165], [25.16597817000863, -16.676984888193896], [25.114171610717875, -16.665788092685627], [25.08430249187527, -16.668111134944937], [25.102103447358257, -16.63482472616112], [25.10108736922861, -16.62298798590927], [25.085026192634487, -16.614327740683706], [25.084509240934544, -16.608366126598213], [25.072530204824183, -16.603224297111353], [25.07110413110727, -16.597535666796805], [25.055470777167216, -16.594665663826312], [25.05894683780351, -16.585474534881385], [25.042333058070774, -16.578709034252906], [25.039980031676805, -16.57112319108172], [25.032671395119078, -16.572455860419595], [25.021940178227155, -16.56046150093591], [25.0063603036909, -16.556223998690534], [25.011850694418026, -16.54991883191456], [25.008855934941263, -16.542912849126566], [25.01292025015485, -16.535052177602317], [25.025844059720885, -16.523363108423343], [25.021851048282976, -16.519722947163487], [25.02382972783343, -16.50726384474933], [25.039766122146403, -16.494650109041867], [25.04261827227515, -16.471317661142002], [25.054597306588885, -16.467095298772236], [25.075435834356767, -16.44640952063627], [25.072779770284846, -16.439810123307883], [25.084509240036247, -16.434185069012212], [25.086808787026413, -16.423079815622273], [25.104135605414218, -16.398387800056213], [25.111355112027766, -16.39744725383185], [25.124385876808187, -16.381953217948926], [25.155848668948536, -16.35859013131866], [25.180698035221134, -16.351371980273317], [25.200835178178092, -16.33096983335215], [25.212054518934142, -16.33059425005326], [25.230362043388986, -16.320995797068104], [25.250626427316053, -16.29136281604984], [25.290546397918977, -16.28155373018413], [25.301939680361798, -16.267110524572196], [25.295329836077073, -16.252749752975834], [25.29774592869557, -16.227160717600015], [25.32785722076232, -16.175250287802047], [25.34933920997158, -16.166061910277843], [25.358819115893514, -16.147099088033016], [25.373169433062763, -16.13356504028129], [25.433237939955404, -16.100076287096304], [25.44833793985678, -16.130676285736183], [25.469337939796965, -16.156876286856175], [25.479437939284818, -16.183676286994032], [25.48963794012839, -16.193576286956993], [25.528337939286693, -16.18287628537346], [25.537237939573597, -16.182876287098896], [25.561752000683228, -16.19639699875191], [25.609436843312068, -16.180687118652095], [25.63905200123731, -16.18765100040197], [25.668237938729906, -16.18077628704935], [25.67879199976297, -16.188116999600307], [25.684854001081803, -16.204185998415998], [25.67333793960086, -16.220876287845986], [25.6871379398439, -16.236176287784794], [25.685637939270684, -16.257576286828925], [25.66733794000296, -16.281476286279], [25.662237940030305, -16.296076286192523], [25.6705500118284, -16.310107282088318], [25.676245999974586, -16.311592999312747], [25.668637938763, -16.338276286056875], [25.695172000129542, -16.36180599958474], [25.681922000605724, -16.371052998895586], [25.67304800025808, -16.371277998893888], [25.668037939611693, -16.3836762866133], [25.67003794067542, -16.39667628614969], [25.658737939291694, -16.404876287400878], [25.659974002258018, -16.41244700006747], [25.673222001233665, -16.421700999857116], [25.67371000113029, -16.42975799972693], [25.658778002356716, -16.477468999880692], [25.66307799956826, -16.49705400035515], [25.668001924355327, -16.496568797378455], [25.675720001341443, -16.507384999801655], [25.688237938587392, -16.51337628498127], [25.676237940289862, -16.53787628682396], [25.684087999554198, -16.564481999101524], [25.999476594577484, -16.42493125340118]]]}}, {"id": "102004", "type": "Feature", "properties": {"DIST_CODE": "102004", "DISTRICT": "Kitwe", "PROVINCE": "Copperbelt", "Area_km": 806.795362127}, "geometry": {"type": "Polygon", "coordinates": [[[28.44070489937333, -12.708521117625654], [28.466328599047777, -12.745881543712201], [28.443454223843087, -12.77250972921769], [28.420212632621606, -12.788825860221447], [28.41403135928759, -12.817195732766649], [28.403399567931313, -12.823062194003317], [28.39837213117237, -12.82089242337949], [28.39861938257287, -12.84194643966148], [28.380899729114656, -12.863320090994867], [28.34685327711427, -12.87004731522606], [28.335570385941764, -12.941326473304821], [28.32617484799466, -12.94381649186946], [28.310268369377294, -12.958033217620155], [28.276971907332882, -12.966225540966889], [28.263785187832667, -12.986624857201447], [28.249444632655646, -12.98477774393536], [28.23123047639645, -12.99497684911619], [28.220845937338975, -12.991684270196355], [28.208545677157755, -13.011738722709335], [28.201629209120462, -13.003239719164586], [28.187415991931598, -13.000599639785404], [28.166500217134104, -12.965395921817725], [28.15514624586643, -12.963526224347408], [28.146986748427786, -12.952494366260176], [28.107896966674474, -12.927491317028387], [28.1060622906573, -12.920953767855309], [28.110649234923418, -12.92445502832396], [28.117898453315, -12.919682830871203], [28.14150368436012, -12.886985665803461], [28.15617890060805, -12.896655924200521], [28.176768318361102, -12.89116660696259], [28.173079495342996, -12.873321934812276], [28.138616048980992, -12.846582382705648], [28.136700520096692, -12.836889170282506], [28.129812817013125, -12.83619819293169], [28.10263287504212, -12.783185538772466], [28.16186816935592, -12.75386164026317], [28.136233253316814, -12.720951087679397], [28.11723808198669, -12.714135294138387], [28.144165031424205, -12.68222859538157], [28.164416938650287, -12.644551021887223], [28.171587254417208, -12.647830570929791], [28.180070460666812, -12.664681855980438], [28.191468407162603, -12.667398332022616], [28.204084454810616, -12.681829124605446], [28.218788676760727, -12.682635528054918], [28.215569407633243, -12.690444769936157], [28.22409611659712, -12.701012325615276], [28.242628657352547, -12.698168892116591], [28.23666866242916, -12.709415130946475], [28.24458631902028, -12.712513065372875], [28.23779975455959, -12.712979873125699], [28.238843840363174, -12.719769722431685], [28.229882097070167, -12.720278950983287], [28.22374808679814, -12.729190332980679], [28.235363553153462, -12.73343373560274], [28.230882679261153, -12.747733486170706], [28.24506485786034, -12.760929274764143], [28.233971437550927, -12.76457814864354], [28.252748355097953, -12.775677398004586], [28.277219157835056, -12.770178769095297], [28.309609033806538, -12.723313841109762], [28.32296058787319, -12.728941304589778], [28.37076243966106, -12.70715428433159], [28.429360920066536, -12.715837158788975], [28.44070489937333, -12.708521117625654]]]}}, {"id": "106009", "type": "Feature", "properties": {"DIST_CODE": "106009", "DISTRICT": "Lavushimanda", "PROVINCE": "Muchinga", "Area_km": 14200.7719821}, "geometry": {"type": "Polygon", "coordinates": [[[30.35209400638189, -11.753773039915338], [30.35886786417286, -11.763685694345705], [30.367139100354766, -11.764593172158802], [30.37305731463426, -11.775063864438541], [30.42767600680281, -11.799982505032165], [30.443757372134698, -11.815200838921637], [30.467358920985433, -11.822877969856188], [30.489915008711908, -11.822489742832058], [30.513429597049907, -11.844819520346816], [30.532714481347387, -11.84704449324099], [30.530132760051735, -11.852016253622757], [30.536436004838443, -11.865882040964545], [30.55107094332396, -11.874877543151127], [30.54330664532152, -11.881854100567834], [30.548065642117372, -11.88368071640402], [30.553218233958315, -11.90016879641633], [30.58425197275269, -11.928962462683751], [30.592017342445263, -11.925567331970024], [30.598733195120047, -11.930879251801354], [30.610756763414003, -11.92487353876306], [30.60876810537734, -11.92122096267029], [30.615616253842354, -11.916380179691393], [30.65683857499473, -11.91403242200961], [30.680462423624128, -11.917832190990582], [30.684963232030892, -11.922478018411011], [30.69733004300161, -11.916990109832865], [30.71232077093352, -11.919037560074324], [30.725288386844394, -11.929206577050905], [30.730613128233163, -11.946139068876], [30.75707423112722, -11.958538131143111], [30.760004494261516, -11.965233021930407], [30.77908425634867, -11.973382010661748], [30.786610816109516, -11.970462601350656], [30.794659037437302, -11.973649027041976], [30.82566507937481, -12.000161989833364], [30.852407104322875, -12.001312928638212], [30.856220867725636, -12.020291902006736], [30.8525368381179, -12.026510349150811], [30.8569339045841, -12.032147506733933], [30.884148178368605, -12.041968665684971], [30.89525968535794, -12.054230085418782], [30.90274658180404, -12.074219059907065], [30.933823143287988, -12.074393377933797], [30.9495099730386, -12.100713777416756], [30.98225028988724, -12.105826489660782], [31.032044094732225, -12.13644262021802], [31.04069845070467, -12.149262638246498], [31.057579685846946, -12.151637390079054], [31.096558528357665, -12.174986107671034], [31.101858627161484, -12.179827204011557], [31.091268805993604, -12.193764232748938], [31.091329585107417, -12.216802818825151], [31.07599927064193, -12.270806293305618], [31.088356632234202, -12.285114641668425], [31.090692425347754, -12.299440116980263], [31.10035408829947, -12.287666098729263], [31.134136452674323, -12.282313074701483], [31.125409742795593, -12.29124083922409], [31.118289191000464, -12.323526662323234], [31.12866526613132, -12.341242375307614], [31.16328385244121, -12.356753593873117], [31.18616079682762, -12.342082682170677], [31.203878267379654, -12.342732999030746], [31.227857550620875, -12.362668970588308], [31.246215828990977, -12.361027054738292], [31.250458025003873, -12.37204414227841], [31.27834644757817, -12.379682507655126], [31.29172183125439, -12.37156988429177], [31.307121093214572, -12.375755366671473], [31.31701061922797, -12.388981538720847], [31.329960750330155, -12.392249685890045], [31.34537834780363, -12.406092170638638], [31.357129926890778, -12.424840407972702], [31.36893761564888, -12.413502015269518], [31.39090260473189, -12.4118102419024], [31.399055769047802, -12.417766952717594], [31.402461841042015, -12.41358871407163], [31.415338739685566, -12.413608002693469], [31.421308731061426, -12.403717742383678], [31.426514725051064, -12.40451080331044], [31.427138738864883, -12.410399142787218], [31.428882709292843, -12.411079512396917], [31.438372122983772, -12.40057530820868], [31.446527330966948, -12.411932943828365], [31.451488561889445, -12.431837096372927], [31.48589658489337, -12.458527308155746], [31.492308905816774, -12.48454950473455], [31.50534365372717, -12.479105500760818], [31.51617286873172, -12.487513112995554], [31.559459081825814, -12.496021262830252], [31.55151667305532, -12.502476512432468], [31.533002384269842, -12.50569054067279], [31.53697886221496, -12.509803368998671], [31.527973501223318, -12.514726972286184], [31.527413692697834, -12.522714642949195], [31.533597436398885, -12.521070217737169], [31.52990071539283, -12.530232766895468], [31.524087902242208, -12.53111819828981], [31.522606094350145, -12.550540131750171], [31.515563039316266, -12.554714943649511], [31.509426628745835, -12.571877446567527], [31.497444426074104, -12.574226566089054], [31.49515346697806, -12.584930188894912], [31.492047843717156, -12.58126330285716], [31.48274856294769, -12.590960376793264], [31.484958181391384, -12.602065694309754], [31.477766498297104, -12.606194923875696], [31.475355782993905, -12.626802562900634], [31.484807174592103, -12.631009875837227], [31.485139346431357, -12.636251927594325], [31.49218884777571, -12.634941520059458], [31.496358855172353, -12.645535038716854], [31.508085366771517, -12.648372362196787], [31.515859886703595, -12.648456949404611], [31.53532569888579, -12.63550793228978], [31.534985901248138, -12.677122130299466], [31.547051776598664, -12.690240524694824], [31.554473476914694, -12.69082883201326], [31.55337628720309, -12.696072464672936], [31.567324596604585, -12.701534224101039], [31.564970669200395, -12.711761786368738], [31.571000221574504, -12.719520951181028], [31.578311741724292, -12.720387401347969], [31.577429361655003, -12.728084533670275], [31.590311883752246, -12.740361839616185], [31.590230551184757, -12.750669177970545], [31.59941317673139, -12.758501059386532], [31.60768161106797, -12.753418589312089], [31.614795058985795, -12.766390956971993], [31.612917124596162, -12.772721708005122], [31.633194312210957, -12.77310539931211], [31.63050210801683, -12.786726260749603], [31.63506242082803, -12.800839657912368], [31.644188587259073, -12.801441958082961], [31.650740933077426, -12.81277625017372], [31.660687420364685, -12.81302933483415], [31.669212044338792, -12.82053502805221], [31.69750184586014, -12.820360536807893], [31.707045015635995, -12.831441577313534], [31.712634072822357, -12.832011393234882], [31.723144828770472, -12.822138360681464], [31.7377882716068, -12.82662095127594], [31.772127772917493, -12.858507075799132], [31.786393885605243, -12.862443548572825], [31.867394974774296, -12.922126286595102], [31.90295179121135, -12.939546510356005], [31.90493326721725, -12.956758818986206], [31.910875247325922, -12.963997083422486], [31.904755004633977, -12.97227739980228], [31.890553670359676, -12.97667801500457], [31.901724593718523, -13.002501110332032], [31.882175476268486, -13.031042343568837], [31.878847964640787, -13.043893511872982], [31.869258304354098, -13.040593949755571], [31.87032786188753, -13.022069289196113], [31.862982875001833, -13.021548261727048], [31.861556797691666, -13.041520148793719], [31.866310383036257, -13.049682105094305], [31.8442062125764, -13.059927587699011], [31.83594685841074, -13.077291837760777], [31.819821019285786, -13.069362316215384], [31.810396337295973, -13.071214489026966], [31.808970261782434, -13.103393795087754], [31.77937919487646, -13.098648189653561], [31.765396951615113, -13.114234562264352], [31.7636098737316, -13.094423367646176], [31.751773446070928, -13.088456405012161], [31.741077182626707, -13.09158169815128], [31.739056910180267, -13.100725848624572], [31.7516776775768, -13.112809497754537], [31.7342320192634, -13.11361968311737], [31.729977561246884, -13.118457589260121], [31.72795728700384, -13.126443399251164], [31.73779720804725, -13.142506821707473], [31.733257533131404, -13.165766833199559], [31.715027535082196, -13.177199300330013], [31.72111212274223, -13.187034499070313], [31.696274639384196, -13.207235911805002], [31.682560546828437, -13.20816148035693], [31.667372841710925, -13.225700344901115], [31.64833473270685, -13.232086215915343], [31.64769299872577, -13.253903342994215], [31.659672032141167, -13.276852017429503], [31.655726556853164, -13.289690295074143], [31.646861121043422, -13.298202511683916], [31.65872131543161, -13.301718340710195], [31.65969579976698, -13.312751232428965], [31.647859373004586, -13.32207212871532], [31.63357485024339, -13.322118384797331], [31.63281427633675, -13.329704358733894], [31.642107533902234, -13.346610046951923], [31.616937299291582, -13.357849015894919], [31.618601052859635, -13.376325111190804], [31.586585657580667, -13.372602255991076], [31.576246611005857, -13.378706780630996], [31.570589845101548, -13.393088800739125], [31.541569206604404, -13.42171154976771], [31.537928773101303, -13.43247286104714], [31.512801665166414, -13.430224270716558], [31.486853641815234, -13.435006987294711], [31.46711601387214, -13.431116569022949], [31.464439119707, -13.42551293935585], [31.436521585129405, -13.428245380727459], [31.42250848142901, -13.401132968364106], [31.4340559066898, -13.358778981605324], [31.43611561966875, -13.330835618075838], [31.407237589621285, -13.30400623428909], [31.397373900952054, -13.303081027779363], [31.393095674411423, -13.277520866732523], [31.363623447431063, -13.25589093643294], [31.384182701553506, -13.199667260014339], [31.3777653617426, -13.180315682395637], [31.365227782832953, -13.177770071965059], [31.36576255980305, -13.155957713241106], [31.359761159731594, -13.155031948031418], [31.368554504841487, -13.123084351929844], [31.363930557172196, -13.102521659118736], [31.35959552925783, -13.091379589347941], [31.33735989215276, -13.070830482815504], [31.35578003210658, -12.999743232394717], [31.323990431069227, -12.965060539335022], [31.30988486618736, -12.965292158169515], [31.296894997210302, -12.975367418673617], [31.269502461740807, -12.957532771366093], [31.258925737111454, -12.965755398693458], [31.24612740602093, -12.947167243381193], [31.23168839189551, -12.960428093744206], [31.213446509135068, -12.960717623079768], [31.208514663902157, -12.970850972655766], [31.193422031982735, -12.98266304366789], [31.187123532097395, -12.999395847843713], [31.17411059258717, -13.002348580020824], [31.18005257269585, -13.010974984421017], [31.171199020698975, -13.019774766031267], [31.17078308275614, -13.029500475660905], [31.10705660728049, -13.036221138085052], [31.10164149088257, -13.042467497410072], [31.076150393323847, -13.025042905896946], [31.070683769324187, -12.995053534946344], [31.0551157777025, -12.988568868240712], [31.045014409182183, -12.969577089605693], [31.01698451812028, -12.969353679879319], [30.99434039729258, -12.961347152651255], [30.97787002101856, -12.954984859790956], [30.963806862008006, -12.938654686864885], [30.948968922234563, -12.957474864435087], [30.928610995838664, -12.96071762395515], [30.888205520858964, -12.928693527979412], [30.87772456382542, -12.930604664977709], [30.859185583047704, -12.947456787255367], [30.846849332762943, -12.947977969233387], [30.799907678945036, -12.914272654365872], [30.75356022475501, -12.906222086354697], [30.746251589095614, -12.895622743355105], [30.74387479687247, -12.88009939567486], [30.771338633422666, -12.850689284321016], [30.759621045687545, -12.833494621100156], [30.76088074602396, -12.793145113761824], [30.7398993448034, -12.775527921877273], [30.733053321752372, -12.756597269385544], [30.740896559210405, -12.727450183692845], [30.739097391799834, -12.712477755962277], [30.77673100178265, -12.694411013188384], [30.777421605013515, -12.683536294724332], [30.77136764361648, -12.67705566813118], [30.732077116244938, -12.664363448685704], [30.704857027665565, -12.64673671475278], [30.700258141196095, -12.617901416346617], [30.67736028762313, -12.600157823929026], [30.662295054319916, -12.598722986903974], [30.65007579073622, -12.628315799419843], [30.63733313183715, -12.637447137142178], [30.601683556262188, -12.641391315018486], [30.554901209676817, -12.585562820719558], [30.569999710289977, -12.53843665206226], [30.55582098032319, -12.529214488400982], [30.542072625124145, -12.52930453340526], [30.51984961473874, -12.524200065978984], [30.513491693093922, -12.517007234004854], [30.5043888199782, -12.517446342596967], [30.479054585336065, -12.48827602597187], [30.458528365859898, -12.486609513623094], [30.44286371192037, -12.479373393607005], [30.447398008622635, -12.461194216431247], [30.465686285774197, -12.428375585709537], [30.50003310476115, -12.406827535949056], [30.508054779973996, -12.379550991696322], [30.505707697732237, -12.331287744751002], [30.49287301900871, -12.310360266109067], [30.483662949031824, -12.301594030622141], [30.46533193542889, -12.29628189813146], [30.455517486115337, -12.27971386987234], [30.449122466744285, -12.275470981957636], [30.406614318653798, -12.277760038397592], [30.387046331192867, -12.269226089382196], [30.3792326267481, -12.275583872810195], [30.36972545695725, -12.271084087231475], [30.362030592438085, -12.27970619120431], [30.35115676619815, -12.282986578876837], [30.331607646951472, -12.27442264574869], [30.324685238355197, -12.257555235835186], [30.314920670692736, -12.254357201025293], [30.31125171212055, -12.245323217124703], [30.30305642400435, -12.257177813274234], [30.300761491659777, -12.250265963576934], [30.29120217287011, -12.254942288129852], [30.277513571807138, -12.248193905589535], [30.26684005011267, -12.253606772328855], [30.262107767416758, -12.243828633116278], [30.249903509291595, -12.2422150272177], [30.244795297818953, -12.234444265107921], [30.230593962646328, -12.232992503212044], [30.230059184777918, -12.226372367667347], [30.221680990686696, -12.22950824159737], [30.207277251605863, -12.222020903964271], [30.220964952556916, -12.215867200241657], [30.20125466476846, -12.209579572350428], [30.18962011999311, -12.2142618628058], [30.175932419940402, -12.207439071191802], [30.17022667788683, -12.212362797652704], [30.15991781201058, -12.198609311634588], [30.149788913720048, -12.201151242302466], [30.13281616809809, -12.196201143609242], [30.13569058476779, -12.177737804361929], [30.125972317173403, -12.17024506723272], [30.120770990830007, -12.181484091885759], [30.10542189438851, -12.174713816902331], [30.088617969157916, -12.153431205074545], [30.090091580821333, -12.144857269814215], [30.08298497267608, -12.13307637101594], [30.067821036082638, -12.119482381035766], [30.05985878083263, -12.122689231951396], [30.051516239078417, -12.116229016989745], [30.05139740005116, -12.101355982594832], [30.047653555221906, -12.098254383613316], [30.05238926678728, -12.087616404659766], [30.04847864972555, -12.08321468029356], [30.054598807077564, -12.072633232377312], [30.052792031834798, -12.065316990666362], [30.042969643210796, -12.052818448860569], [30.02748686487864, -12.05566852207229], [30.020713008884265, -12.050671074860665], [30.000754430344532, -12.002884215960917], [29.921512167043293, -12.017367514353397], [29.864730594876942, -12.045634426570857], [29.8546173021195, -12.057032941031038], [29.84493187244033, -12.085504848022573], [29.846357947953887, -12.112986081921147], [29.841604362609328, -12.132041176297662], [29.81183515618926, -12.14868409566177], [29.81018890270127, -12.128590502884862], [29.816820166415663, -12.119411558947972], [29.821241007694148, -12.121363564123255], [29.824431858617608, -12.101424558253004], [29.818371026006982, -12.09442347712642], [29.825085479106562, -12.090065864214115], [29.82149057225647, -12.08637636338603], [29.810052235708902, -12.087828928653112], [29.813528301735072, -12.08030455417224], [29.810616725355338, -12.075278503985997], [29.79983200660172, -12.076266289895653], [29.79641536233496, -12.067753776819673], [29.799861716583116, -12.064645044375517], [29.791245828267726, -12.064034914739157], [29.790205978919, -12.053778722681843], [29.797544339831212, -12.045062106381852], [29.787442952446238, -12.033090823255174], [29.791394377276372, -12.032219105723579], [29.787621211436257, -12.017341381311033], [29.793028425354596, -12.017661028758456], [29.782065447610965, -12.008391103088213], [29.786432813078925, -12.008071443757245], [29.78488789494489, -12.002114106715648], [29.797692889738162, -11.990489654628474], [29.7801937196816, -11.979678465065417], [29.785223616926093, -11.977257512431361], [29.782205085332002, -11.973095632901591], [29.786031728779275, -11.974537185992151], [29.780755237701076, -11.955773156377104], [29.787671720111426, -11.948611322761117], [29.78733896796052, -11.93970527494706], [29.801409608140773, -11.943379346136606], [29.805640305718008, -11.934752176282695], [29.79419602681483, -11.920465002119874], [29.796397184925176, -11.908705996249795], [30.251555888391547, -11.812503653007822], [30.332061671665738, -11.750172805636298], [30.35209400638189, -11.753773039915338]]]}}, {"id": "110003", "type": "Feature", "properties": {"DIST_CODE": "110003", "DISTRICT": "Limulunga", "PROVINCE": "Western", "Area_km": 3938.00406034}, "geometry": {"type": "Polygon", "coordinates": [[[23.677179226364764, -14.621141193270134], [23.68520743614048, -14.829174611158695], [23.911118584283333, -15.077133446237502], [23.855921574701146, -15.07398877516719], [23.756451700907338, -15.094389991421371], [23.70897952274388, -15.11672554891502], [23.630676271104086, -15.115112305047768], [23.58691406319884, -15.103210448569648], [23.555114746881706, -15.101318358365889], [23.53387451228172, -15.119689939622655], [23.519104003646774, -15.151611327253672], [23.50848388589762, -15.162109374952214], [23.452270508029923, -15.20361328090141], [23.349487304311847, -15.292175293264055], [23.33331298760263, -15.298583983592723], [23.31768798799467, -15.297729492305058], [23.241088869194936, -15.243713379192542], [23.23931884942039, -15.18060302497833], [23.194091798307216, -15.18798828096991], [23.18432617242936, -15.184692383352314], [23.173889160081192, -15.154296874954182], [23.145690919345167, -15.152893065372835], [22.933345328006645, -15.194013573051496], [22.94073545972695, -15.163642444771142], [22.95476807242461, -15.154612898150095], [22.946363715799063, -15.141581772656647], [22.951991972769463, -15.127778917963914], [22.942005463739694, -15.118669673859332], [22.94627755299025, -15.102989067706574], [22.93390273892866, -15.094842203816672], [22.951156219755013, -15.086225887778717], [22.942773507137915, -15.074894259890348], [22.943934188875506, -15.059701458262024], [22.937743877591394, -15.047745704152836], [22.950253465895038, -15.03952573436357], [22.95541205938041, -15.029561709625941], [22.949608642607707, -15.011874421057945], [22.958894109983063, -15.003154796639706], [22.978625728267914, -14.936375605983063], [22.992424963146323, -14.927403682714196], [22.982365706748176, -14.909458713590293], [22.988813946808243, -14.901856573690377], [23.005063513592212, -14.896622157656674], [23.00931935411594, -14.888147117737093], [22.99655183793461, -14.876306433007548], [22.99655183793461, -14.866459474240708], [23.037034895913806, -14.84606191839952], [23.062142544000263, -14.817740907307847], [23.071557083112243, -14.815160352978895], [23.077022809694935, -14.80655828582661], [23.09430975815552, -14.796481141109172], [23.115955296442014, -14.799860156382143], [23.15490306173543, -14.790530695367888], [23.148967023982394, -14.808893165606998], [23.163711776121527, -14.807664285104584], [23.169940160702314, -14.816266306613693], [23.178329415749626, -14.817003609952561], [23.180871613867687, -14.8269569193863], [23.190913297422227, -14.829291581005347], [23.210361117247608, -14.82216464133285], [23.22688540591342, -14.828431444667235], [23.232096913762277, -14.822656162335972], [23.23972350811654, -14.82548238492848], [23.257391786923602, -14.815651889010807], [23.259425544879093, -14.822901921984858], [23.267052140131643, -14.82585101687943], [23.272263648878823, -14.821918880847099], [23.268323240088982, -14.815529006844255], [23.289042158075095, -14.812948425296756], [23.294507883759472, -14.804837830033781], [23.323488946078452, -14.809630491432245], [23.340204220166964, -14.80124708001667], [23.35310555837618, -14.800782420333006], [23.36982464491471, -14.787118934984647], [23.392709950819757, -14.777628617147624], [23.414273716364267, -14.75286489457744], [23.429538264269514, -14.755997617878528], [23.45983220000321, -14.745036458192047], [23.486259985281745, -14.75654848277362], [23.50562923216415, -14.755879476251067], [23.508738075885383, -14.747025840072357], [23.518920257746984, -14.740406062408626], [23.518036089131954, -14.723166113047956], [23.532895797779673, -14.718366269601873], [23.536460983868565, -14.705869627803489], [23.55120660467857, -14.697455370169068], [23.561140543399656, -14.6968933866268], [23.564164878110486, -14.70097744307012], [23.57718970233191, -14.698420957953186], [23.578250897448378, -14.69155599370033], [23.593028647402832, -14.677029908574063], [23.60127136297278, -14.677802450631685], [23.62728298033975, -14.65277621873493], [23.632901716066474, -14.654211097344533], [23.634955265704292, -14.64678826214417], [23.64758078878192, -14.643237723607433], [23.649234086858336, -14.632502022041693], [23.661640943826132, -14.631835109275707], [23.66966261993731, -14.622147363324062], [23.677179226364764, -14.621141193270134]]]}}, {"id": "109006", "type": "Feature", "properties": {"DIST_CODE": "109006", "DISTRICT": "Livingstone", "PROVINCE": "Southern", "Area_km": 688.757547964}, "geometry": {"type": "Polygon", "coordinates": [[[25.863598319423577, -17.96996343730248], [25.856807196012813, -17.962639331010564], [25.86147789200949, -17.951132099832254], [25.84583459641419, -17.944115148197593], [25.846737038558707, -17.93746369220316], [25.859523353784002, -17.931781362699216], [25.84758006972362, -17.93071622836253], [25.858450406906968, -17.927700618923573], [25.84751529220849, -17.91910465317888], [25.84422543166933, -17.89568734959404], [25.81839199963055, -17.896405628614772], [25.768194747018427, -17.84902738410968], [25.729359495714366, -17.83925123982545], [25.709014838333506, -17.84247870872761], [25.698666727757427, -17.83117602017993], [25.70047087991956, -17.814780307145007], [25.688431901026917, -17.808335304410353], [25.671808034111837, -17.811266428078277], [25.648178694081146, -17.830965407986433], [25.62067881532509, -17.83953249076158], [25.616935149260588, -17.74447588969197], [25.76255153669181, -17.74976246296462], [25.77153055099451, -17.74380011689619], [25.768648759156303, -17.735460656183314], [25.786377016678284, -17.71868377077508], [25.78839683367885, -17.700260778071833], [25.866378889993875, -17.70201978666503], [25.86730825105421, -17.693058260982845], [25.90045084336856, -17.659977972406136], [25.924390887299833, -17.657640869054248], [25.92570319657253, -17.65053849183765], [25.98919064382583, -17.666183180238193], [26.02252789657064, -17.688265992236243], [26.02785503556285, -17.701388259589198], [26.01734388884756, -17.713140318841646], [26.02247016364395, -17.71622673783688], [26.020233312772408, -17.729354290139824], [26.012825310866173, -17.729716514795253], [26.016643397860385, -17.737105760012174], [26.00032145561062, -17.750695375882025], [25.989146578766174, -17.74916454260912], [25.977589641244904, -17.78851534180265], [25.961198295156294, -17.798110900101012], [25.955379896281258, -17.81185156410645], [25.946576237613602, -17.81279291576426], [25.936878906155254, -17.826351434835477], [25.926573111618946, -17.831455977183367], [25.92535526738489, -17.898470514043254], [25.899689477147813, -17.941333408285832], [25.884619842099653, -17.952720144183196], [25.878711147267207, -17.96477868462377], [25.863598319423577, -17.96996343730248]]]}}, {"id": "110004", "type": "Feature", "properties": {"DIST_CODE": "110004", "DISTRICT": "Luampa", "PROVINCE": "Western", "Area_km": 10265.9865382}, "geometry": {"type": "Polygon", "coordinates": [[[24.449285448927405, -14.748510235973942], [24.509689425985837, -14.812621214218536], [24.516032218692317, -14.811438475174663], [24.541867388781718, -14.786145272050861], [24.60861665508893, -14.756628861047188], [24.628554447929936, -14.767960914791017], [24.62317133924248, -14.770511100433337], [24.62496681637388, -14.775052600928708], [24.63978385332864, -14.772479531928328], [24.64502699197689, -14.780741863073299], [24.64161467908681, -14.789599415669993], [24.650654969843156, -14.789691711962922], [24.6536564836422, -14.798447423119507], [24.66246092314984, -14.797457797100249], [24.666368696136356, -14.808254507005739], [24.669314583195536, -14.80275637401218], [24.66870361975203, -14.819674718320714], [24.6802801128696, -14.822869449137086], [24.6902802869377, -14.806744524944092], [24.70326250587657, -14.801854252547983], [24.70166362194458, -14.81297573691317], [24.712921361943287, -14.81368260944289], [24.724401904421427, -14.822858453456547], [24.728422414346444, -14.834181604717944], [24.724232851958842, -14.848528050749097], [24.760317790817872, -14.87414199779971], [24.728979456061445, -14.92883299330979], [24.74060376928427, -14.951447366188678], [24.81641146572488, -14.937664719191455], [24.767516977232567, -15.02404098412018], [25.317014144752928, -15.203113013268592], [25.327337939730874, -15.212476286102596], [25.336237940017813, -15.24147628618261], [25.329406352893383, -15.262724303859908], [25.316237940160324, -15.283176285901499], [25.319137939052702, -15.301576286848082], [25.341637938667777, -15.344176285813443], [25.31219482428913, -15.372619627638665], [25.304077147918527, -15.389343261581953], [25.316833497142554, -15.412658689851716], [25.30603027489072, -15.450378417110041], [25.289062501443862, -15.469421385805655], [25.25848388779998, -15.462585449226413], [25.239807128813887, -15.479309081871365], [25.24884033398611, -15.497802731380045], [25.28405761689015, -15.521789549408371], [25.21813537409416, -15.590400357285503], [25.226037938988522, -15.597876285718385], [25.2284379400853, -15.608976285627483], [25.26113793964567, -15.619176286094781], [25.276337940902803, -15.636676285596657], [25.282037940026736, -15.650676286693718], [25.277893066593453, -15.675476074173808], [25.24516451498008, -15.696754243126747], [25.27063793998221, -15.723276287944495], [25.29243793909026, -15.758076288273628], [25.307737939906488, -15.75947628665188], [25.319437938628337, -15.754776287004702], [25.340637940381693, -15.738276286693484], [25.355037939776036, -15.71507628796452], [25.363037940437675, -15.710876286736138], [25.399037938923474, -15.738876285871353], [25.401637940036867, -15.768876286298962], [25.38771384921543, -15.794509615365182], [25.3833379398708, -15.818676285634062], [25.389637939044363, -15.846076285841152], [25.348737938805815, -15.924776285834595], [25.352037940426268, -15.956576286751549], [25.33783793925182, -15.972976287402101], [25.314737939587104, -16.015276284048475], [25.323537940314925, -16.050376285678738], [25.347737939621457, -16.063676286619348], [25.36003794018957, -16.0770762873932], [25.361537939864455, -16.08657628594579], [25.39223794015774, -16.08167628403133], [25.429547914991456, -16.097427039263007], [25.399137940279243, -16.10827628734714], [25.375037938735204, -16.106276286722313], [25.28023793987787, -16.06837628825322], [25.2148379389605, -16.048276288327504], [25.130837940098083, -16.058976287053333], [25.104437939711318, -16.056276286958227], [25.092497813229166, -16.050405320979387], [25.07752887483278, -16.018377925269668], [25.02931440617368, -15.992331002380276], [25.0100746891687, -15.94589176875698], [25.005988658081424, -15.912727232095389], [24.98903793915024, -15.853876286626045], [24.972937940064494, -15.82167628614717], [24.957037940096942, -15.804676286413411], [24.93613793881757, -15.792876287065745], [24.84113793994371, -15.755976287304543], [24.807137939826656, -15.72947628673585], [24.695137940445104, -15.55507628677335], [24.641337938690523, -15.489976288191574], [24.62283794030455, -15.477076287405321], [24.601437939432966, -15.483576288057332], [24.56498478400546, -15.509814825237257], [24.121471581167665, -15.322486660673047], [23.901487092148752, -15.078796094302318], [23.969677758686995, -15.060658397906847], [24.019544965554257, -15.032228130359234], [24.067693393903607, -14.957022127519602], [24.10713412776424, -14.928565604497265], [24.1083534203326, -14.905200355515424], [24.144712704386784, -14.887323457082502], [24.15172940832704, -14.870308204030044], [24.19089537395733, -14.864759461765983], [24.18489928149927, -14.820241060689897], [24.23340792010682, -14.80882122334523], [24.29743458249264, -14.770368944098745], [24.309845036875796, -14.746639673754515], [24.36625619316287, -14.708994836630707], [24.382051316923278, -14.714996622985614], [24.388538599896282, -14.723726199296422], [24.449285448927405, -14.748510235973942]]]}}, {"id": "105005", "type": "Feature", "properties": {"DIST_CODE": "105005", "DISTRICT": "Luangwa", "PROVINCE": "Lusaka", "Area_km": 3897.42291239}, "geometry": {"type": "Polygon", "coordinates": [[[30.161687097861588, -14.984147798747637], [30.182451454431384, -14.992291564990278], [30.18245603673764, -14.99592270199233], [30.194702091676323, -14.996372236429107], [30.194006201860002, -14.990887477414255], [30.215450459132388, -14.997451927231406], [30.232666738926167, -15.036337236774447], [30.21576782763406, -15.068136740118252], [30.22360357673589, -15.084338364748797], [30.22232624696206, -15.103495932813797], [30.23618770903847, -15.121462013130618], [30.231583309608084, -15.135062430079076], [30.234143578236417, -15.148899884247555], [30.24737835670603, -15.160948319229204], [30.2571258680562, -15.178912037270132], [30.259797938309845, -15.209933001709151], [30.270734504685795, -15.23945216496305], [30.2804096154173, -15.257911292899976], [30.304464041833736, -15.275078047865316], [30.375394386948802, -15.351241735230104], [30.375649026094177, -15.372148911806924], [30.38254723317837, -15.390495448721122], [30.378733365571062, -15.422581384801711], [30.383202766180542, -15.45367904464659], [30.400404285755904, -15.4809894087975], [30.39062699525412, -15.489249990255107], [30.375248849991305, -15.528815608411616], [30.363878323671244, -15.544256847062131], [30.363629558609514, -15.553287912108283], [30.373363626671434, -15.565746755909375], [30.39199005395046, -15.57570216180985], [30.40628601226523, -15.597773328203548], [30.40669423817137, -15.608264427686622], [30.422443513410638, -15.619093767897152], [30.39379978914206, -15.63942832962928], [30.35437543525105, -15.65509698923912], [30.317223997793622, -15.645955296716368], [30.274767456119548, -15.644681868814427], [30.266073674885906, -15.638636451267764], [30.262944519357813, -15.628729459350707], [30.257376491732252, -15.627484824073893], [30.235163062777627, -15.652678255231502], [30.214003772672974, -15.667254751021545], [30.19075092286603, -15.649868633372655], [30.176607803913704, -15.622948958102485], [30.16378421579068, -15.617777053932274], [30.10777034476444, -15.628090955676594], [30.066293883031655, -15.626897695418224], [30.044581024099475, -15.636004701276887], [29.969698292956867, -15.643719201103682], [29.914892670360825, -15.622314304405437], [29.89583650521955, -15.623311642305529], [29.87293434871638, -15.612007026385104], [29.830129508647104, -15.608697145352487], [29.77157593861592, -15.616656031894777], [29.757870768127574, -15.62342672037481], [29.752495854033548, -15.633542485721946], [29.74527365427079, -15.63119262382578], [29.72381388938168, -15.639221735697213], [29.681639062075654, -15.641572660268322], [29.66731130519648, -15.652560763817037], [29.633977281895113, -15.664236432406168], [29.608790494028753, -15.66076650332107], [29.575784981931854, -15.644512210294415], [29.55343978180315, -15.648123691294535], [29.51538539555138, -15.678850247874804], [29.47720816827773, -15.687707703362465], [29.43939117082292, -15.683077822006764], [29.383967158765042, -15.712786736766262], [29.351888734092512, -15.716383603977809], [29.34376101096376, -15.721347191153598], [29.33213137637979, -15.700703380193671], [29.31395968887396, -15.699355478652578], [29.309752088779312, -15.684531720200667], [29.670601231312666, -15.454339128001006], [29.778149716440325, -15.333534103109242], [29.941027677620283, -15.265637498290102], [30.087837938640515, -15.134876286408039], [30.102552464266978, -15.07172954967843], [30.13274688822675, -14.99777932066882], [30.142935760740606, -14.985864663975018], [30.154084334015202, -14.985232716178784], [30.157075289126738, -14.989754258589468], [30.161687097861588, -14.984147798747637]]]}}, {"id": "101007", "type": "Feature", "properties": {"DIST_CODE": "101007", "DISTRICT": "Luano", "PROVINCE": "Central", "Area_km": 9200.7885202}, "geometry": {"type": "Polygon", "coordinates": [[[29.271338341379572, -13.931496632581375], [29.307554717067877, -13.935908493349412], [29.316735078860038, -13.94294422911282], [29.345900390135387, -13.935578180147898], [29.366526029757328, -13.943798300638848], [29.38790557329494, -13.942388230393115], [29.379383459213745, -13.948017537411873], [29.349636203127695, -14.021607749858195], [29.31935786484226, -14.050454262305998], [29.313154722022603, -14.073057126678748], [29.326172933745212, -14.10690162168575], [29.32101529696565, -14.14331952427264], [29.326767134271392, -14.193972193898137], [29.345757705328907, -14.24813819938545], [29.35473167469299, -14.259022145981143], [29.3624087148403, -14.301449881714422], [29.366481058297573, -14.309603569776629], [29.387287915960126, -14.31707751397695], [29.40356869381029, -14.314882669694256], [29.44432195873873, -14.276466971593917], [29.52463136041038, -14.227333580858847], [29.55880026356379, -14.217856076159308], [29.566531914992176, -14.21162087272419], [29.561543754374085, -14.192665860968642], [29.55306387907755, -14.185433025791012], [29.567280137961987, -14.16597919634596], [29.578752909629383, -14.159993402205174], [29.586427915092568, -14.15980154576175], [29.599549510327957, -14.168541042996459], [29.611778134356882, -14.166397850858203], [29.61766070438425, -14.17210145901846], [29.620764803204082, -14.191517995656444], [29.648012406282263, -14.223498886834587], [29.66217455334894, -14.230302306291588], [29.720167288080248, -14.183687169158565], [29.72340959270661, -14.174708478822692], [29.75283974619231, -14.14877003904117], [29.794119475081253, -14.100552368963083], [29.829307604061057, -14.099112129253156], [29.833800026694664, -14.080450129272146], [29.850771186790137, -14.079551713392128], [29.856034727755194, -14.066825329428351], [29.860813375197875, -14.071997186964353], [29.884987427565754, -14.072768803410403], [29.8869263279188, -14.080968623106468], [29.895359948063014, -14.079777830972347], [29.910946134162486, -14.088113257732514], [29.921839859882528, -14.0645015971554], [29.922945482978054, -14.04298749298183], [29.92887796879246, -14.041770046078227], [29.935418914091542, -14.03125546179188], [29.940590825101008, -14.011737645231724], [29.939800764893434, -13.99025292630342], [29.944925714674774, -13.989729957768812], [29.973741181554306, -13.9555765554079], [29.991932714641386, -13.943310328905183], [30.008548518278445, -13.945524684387395], [30.015868572423447, -13.934621844327928], [30.038136909103137, -13.939810590156736], [30.046716159629685, -13.934118146264499], [30.054501839332502, -13.935543766356108], [30.05511826687373, -13.931265058297972], [30.08484755755248, -13.938302887668227], [30.08738268772587, -13.943144880359418], [30.096084207047433, -13.936888790685268], [30.11383646755378, -13.94597980327602], [30.11594943625607, -13.958089833060317], [30.123868909240684, -13.954133960365418], [30.13970785610828, -13.967648233038906], [30.153700033838355, -13.972314266773722], [30.1601387634345, -13.984277613837632], [30.15328409409886, -13.992817865241827], [30.15975609908975, -13.9955784476076], [30.167209721937734, -14.016854795416133], [30.163017059029595, -14.040017620833998], [30.176227271271127, -14.048087741219497], [30.183298229774433, -14.063678410130704], [30.193829797891038, -14.06343632669606], [30.194362198817206, -14.070375935676509], [30.204078526948894, -14.066405861023984], [30.234375500784903, -14.07909050024063], [30.252344053153813, -14.076153406067748], [30.262376493942405, -14.080494482348502], [30.263158459430926, -14.089240930103518], [30.27016286624635, -14.095808617658003], [30.27252539861263, -14.092226266928655], [30.27522068133323, -14.098535684934246], [30.28766556488534, -14.095808617658], [30.287049978167197, -14.109362949131397], [30.293472069167667, -14.12246470202942], [30.304536040007143, -14.126433804867478], [30.301294788206302, -14.136469662233898], [30.305558118882896, -14.148593942879884], [30.312255860623246, -14.15158597723209], [30.30117525478134, -14.162346189080866], [30.31488459524927, -14.169476363324906], [30.316651873365586, -14.184254681424372], [30.303005384424832, -14.183752173643414], [30.297315344922453, -14.188187976327779], [30.283646526558684, -14.184345140353395], [30.26746758172912, -14.208220594780133], [30.230299300860107, -14.228090164969881], [30.20128341894239, -14.275337888202529], [30.175595044160683, -14.292492970668796], [30.175829968878876, -14.300626266255254], [30.159556450314522, -14.313064445870685], [30.160337938797618, -14.321476286923758], [30.145514357695678, -14.329636334296127], [30.144915407776622, -14.336471072318519], [30.153766581932896, -14.339630459061889], [30.143251653310255, -14.347303066780194], [30.129123155337528, -14.371446648636432], [30.11543794002487, -14.36967628585481], [30.101537939324416, -14.356976286322626], [30.075902859791967, -14.368320795576434], [30.061394917036445, -14.391077031266915], [30.067317884302117, -14.407772056141598], [30.063258322074702, -14.422081084766232], [30.044025319078163, -14.42407911885528], [30.030715279754038, -14.436969231786229], [30.028718774035088, -14.45765630481813], [30.021265153882098, -14.462811660111662], [30.0146766841112, -14.480338978183994], [30.021731004018747, -14.49348355797638], [30.016601698306584, -14.502972919994916], [30.00123793866474, -14.510476287301902], [29.99551022920925, -14.519061705859547], [29.99697433400199, -14.52382909376453], [30.00453794028517, -14.522876286352101], [30.006037939960038, -14.528176285929321], [30.001837938714395, -14.536476286800697], [29.987337939760945, -14.545776287417068], [29.97833793991493, -14.577976286307514], [29.98057108433759, -14.59404369438007], [29.991317568097745, -14.614132329258766], [30.003962103120053, -14.614518710590437], [30.013146031223847, -14.62269697500668], [30.00695585917862, -14.6478259687703], [29.99498502738176, -14.653278924136382], [29.971152860336268, -14.643302271781529], [29.958641423299724, -14.64420371142122], [29.95795564761522, -14.659557316923733], [29.941837157607647, -14.667408257024663], [29.935091302100673, -14.661723024312781], [29.933618551921615, -14.669249315107649], [29.92206079423845, -14.674181193078711], [29.915117600423148, -14.670536928894284], [29.909394282831027, -14.649225938840008], [29.89915162279123, -14.646432776750354], [29.891891582395434, -14.675880446973839], [29.87875861538686, -14.684869173746815], [29.868859206108688, -14.682252239761176], [29.86366598077249, -14.692513727999348], [29.852257377562488, -14.690272121965926], [29.836834262636568, -14.696840558662293], [29.830435878176463, -14.690884860398585], [29.81214900509165, -14.694295502878884], [29.79563029586207, -14.708031923203986], [29.769842096692766, -14.719985930207713], [29.75128679981458, -14.707610109631426], [29.741795947920895, -14.718089425399905], [29.729083700587417, -14.718369009917826], [29.72402942126947, -14.728836068755143], [29.71407802738414, -14.730040668377802], [29.702555880715494, -14.745769910842354], [29.68184135459279, -14.743719584265287], [29.663797961780947, -14.75117862616501], [29.654399470173182, -14.74574206112531], [29.65263536760139, -14.750135956690675], [29.66146035766374, -14.757567811307082], [29.654748143165882, -14.764355883062075], [29.628566179169894, -14.772542473035221], [29.627650484179995, -14.78623830592168], [29.60855756357054, -14.779533327373775], [29.606378192300777, -14.78813421680585], [29.599237405953875, -14.78895974391221], [29.582244579392018, -14.803993098372484], [29.5875688824029, -14.817915244189722], [29.58302620621572, -14.821396146056642], [29.570191525695552, -14.810941306872769], [29.565215760031737, -14.811999029313936], [29.56654858233395, -14.816692674613105], [29.552653736166587, -14.813429327731997], [29.535817917150148, -14.82131169330236], [29.52634205813855, -14.807696372020594], [29.52023982487141, -14.808480290569973], [29.514316362634016, -14.818374687771627], [29.502800735937708, -14.81963991486481], [29.50291047143786, -14.981940693633627], [29.367076778773196, -14.98239989324281], [29.246216878102377, -14.867971493253465], [29.12595117795773, -14.973158316701271], [28.992586927059655, -14.99029466935358], [28.997153474178916, -14.967171086171534], [28.98370014458383, -14.94667124383127], [28.990497770898934, -14.929470693707], [28.987823878861896, -14.896225406384241], [28.991496022860087, -14.885268839917092], [28.981810594977546, -14.880801066142174], [28.968619395578973, -14.837209567592364], [28.88690537914591, -14.794654812780381], [28.905250775674862, -14.779235373321173], [28.9334529150992, -14.7815762008062], [28.93978094170965, -14.775311817196535], [28.938301888052226, -14.766537560355607], [28.96105491972664, -14.76907232958926], [28.95783833386689, -14.757586154393959], [28.96901777415296, -14.754309815307456], [28.975102239642123, -14.738502738307188], [28.985175219602844, -14.750687291630594], [29.005801624589402, -14.74217730702384], [29.022705266409808, -14.718397917903136], [29.02294469258587, -14.69370320357568], [29.009668754208263, -14.688516463808742], [28.99084139715635, -14.671711728018], [28.988891602933847, -14.666992186770457], [28.996660944976632, -14.66136038380267], [29.026870634008034, -14.680640930949682], [29.037470112065197, -14.682517483313463], [29.112237083605326, -14.679943182570641], [29.112950121362086, -14.657352318706096], [29.124774665209912, -14.616648400579558], [29.116455891979797, -14.559546724053142], [29.121981933247294, -14.55327786404924], [29.114316776912865, -14.529753674224324], [29.123467427825293, -14.519054803630363], [29.1185960508891, -14.507983631819423], [29.121283635047714, -14.504157943579258], [29.114050071596573, -14.4983058986697], [29.11654502192398, -14.48953819499584], [29.110127680316424, -14.470690608851184], [29.116133064416147, -14.441279739886983], [29.123390769192202, -14.443425968918305], [29.131827796646316, -14.438307689989339], [29.10565642109261, -14.343011882227009], [29.11217172308359, -14.34046289923089], [29.114102609565958, -14.323188208714374], [29.1241269888732, -14.309350803014604], [29.12598088704081, -14.298434064209003], [29.120823246667975, -14.291869947034419], [29.116045893697613, -14.26572673779887], [29.12369916621915, -14.256282189211055], [29.119397611328896, -14.229960772275367], [29.122982293554433, -14.22209286476403], [29.105948801158, -14.176956975568814], [29.092606703656323, -14.155402750777494], [29.098614091897456, -14.126376714058345], [29.095819916342162, -14.10159285278999], [29.080618182234886, -14.0847748312949], [29.081800693932202, -14.072729089670707], [29.104176202320236, -14.0457184131102], [29.095127557803252, -14.024508093867029], [29.10371584538154, -14.016732418588935], [29.10605792041389, -13.993609708292226], [29.120376126404956, -13.97964156963629], [29.121737143230668, -13.957155087237776], [29.131063755242664, -13.945098675317812], [29.144800249984975, -13.938202456646092], [29.157697225975156, -13.95061970699563], [29.16402258908078, -13.946944650816517], [29.19896500816914, -13.950988924431716], [29.271338341379572, -13.931496632581375]]]}}, {"id": "102005", "type": "Feature", "properties": {"DIST_CODE": "102005", "DISTRICT": "Luanshya", "PROVINCE": "Copperbelt", "Area_km": 926.602912545}, "geometry": {"type": "Polygon", "coordinates": [[[28.575158229094317, -13.169150313186444], [28.55132086439664, -13.19501927862443], [28.502752059765275, -13.210245338974591], [28.50210796501161, -13.215927925790435], [28.492849096751847, -13.217828623170657], [28.485361490636688, -13.225881928041307], [28.44969472040888, -13.219513764261952], [28.434565915129607, -13.223557046733168], [28.4150947301237, -13.237167864675296], [28.402816666414793, -13.236736814990154], [28.403581527980315, -13.227958893914627], [28.39472521995217, -13.222550911193881], [28.295513215645514, -13.181495827213187], [28.1801271838871, -13.12659516004486], [28.169601930926923, -13.113715602437242], [28.17970329944725, -13.106609034947375], [28.173737549916186, -13.09519642709019], [28.18208009077206, -13.095867770063046], [28.191064367405694, -13.088343978998932], [28.18500354557482, -13.07199919536179], [28.18909162841421, -13.066396344896605], [28.194510716263963, -13.072809515823556], [28.19011364979779, -13.05097626870646], [28.193845213758767, -13.043265871961427], [28.18928177211544, -13.039190607241016], [28.196174470730337, -13.035972029642814], [28.19111190265727, -13.023560428163515], [28.212761260580347, -13.009115170281689], [28.21975969988732, -12.992181599865383], [28.23123047639645, -12.99497684911619], [28.249444632655646, -12.98477774393536], [28.263785187832667, -12.986624857201447], [28.276971907332882, -12.966225540966889], [28.310268369377294, -12.958033217620155], [28.32617484799466, -12.94381649186946], [28.335570385941764, -12.941326473304821], [28.340350562317063, -12.91128365129535], [28.384074018697575, -12.95146470380698], [28.394278766239143, -12.94243714772871], [28.407152884596904, -12.942080964081649], [28.398033119560548, -12.968791183426948], [28.436817882850736, -13.017101569772937], [28.46048780966429, -12.968341563698589], [28.47506566829836, -12.969278766681878], [28.490844984099066, -12.956839141815532], [28.506802879588335, -12.996850661163565], [28.52615187305439, -12.98890879874403], [28.538586564321246, -13.021394021583168], [28.538135150111177, -13.028512634838828], [28.51955850297363, -13.041580650175549], [28.509667095887995, -13.059514588246518], [28.510266536287208, -13.102084304703213], [28.575158229094317, -13.169150313186444]]]}}, {"id": "102006", "type": "Feature", "properties": {"DIST_CODE": "102006", "DISTRICT": "Lufwanyama", "PROVINCE": "Copperbelt", "Area_km": 13548.7526261}, "geometry": {"type": "Polygon", "coordinates": [[[27.29837277681492, -12.368184974341501], [27.330017930551243, -12.385534061050226], [27.354950486209013, -12.388598391577426], [27.38149925659003, -12.404523045774535], [27.431079150107934, -12.453080259205844], [27.456609239939908, -12.463390823063884], [27.48749188120515, -12.491198313119002], [27.492248160597264, -12.52898250199059], [27.510271609013188, -12.543168651761016], [27.52910805881239, -12.536094612012231], [27.54578093870767, -12.547694034375308], [27.557194632670406, -12.527860377270919], [27.572565887854967, -12.51665847926837], [27.582408262197433, -12.516209112334794], [27.59082378578026, -12.520053267605986], [27.60553984662752, -12.541576562108165], [27.699520619674978, -12.577953075614102], [27.707785205628834, -12.573496198058102], [27.743352540439528, -12.730213468012659], [27.735026271666673, -12.771506023308383], [27.738537169868007, -12.788602006330537], [27.731095590733066, -12.807473981060328], [27.72249160329858, -12.812062904068288], [27.730073570247818, -12.825945048010613], [27.738891470805957, -12.82759045924383], [27.746663584151378, -12.873680786714779], [27.758167258762846, -12.890316644141482], [27.750460683805635, -12.900428803261294], [28.10302325591516, -12.870864286571798], [28.100853205564775, -12.897058717979114], [28.108257053661166, -12.927989244233654], [28.146986748427786, -12.952494366260176], [28.15514624586643, -12.963526224347408], [28.166500217134104, -12.965395921817725], [28.187415991931598, -13.000599639785404], [28.201629209120462, -13.003239719164586], [28.208545677157755, -13.011738722709335], [28.19111190265727, -13.023560428163515], [28.196174470730337, -13.035972029642814], [28.18928177211544, -13.039190607241016], [28.193845213758767, -13.043265871961427], [28.19011364979779, -13.05097626870646], [28.194510716263963, -13.072809515823556], [28.18909162841421, -13.066396344896605], [28.18500354557482, -13.07199919536179], [28.191064367405694, -13.088343978998932], [28.172263937354444, -13.09758084960181], [28.17970329944725, -13.106609034947375], [28.169601930926923, -13.113715602437242], [28.179964744229228, -13.123067256379997], [28.17863374011717, -13.137024630161337], [28.167605425207967, -13.152578185152262], [28.174260443971697, -13.157322748946786], [28.154461762857597, -13.165747014173329], [28.160475044945308, -13.175929805949686], [28.16841353167126, -13.179354833273573], [28.164444289655748, -13.185047674719614], [28.172073794551515, -13.187408082676448], [28.163802556572985, -13.19340156490362], [28.169292946401782, -13.197589973752168], [28.163848255668093, -13.213620733207993], [28.16938801870156, -13.234727134653955], [28.161972426031156, -13.241829986164655], [28.145358646298416, -13.242732286041553], [28.152964383568378, -13.248469922733282], [28.156173052575546, -13.261101496385454], [28.14474067994313, -13.268226710283384], [28.143908803159103, -13.282754093753296], [28.129148921593966, -13.297696964373003], [28.12344462133644, -13.311181764224184], [28.109920670685284, -13.30671775309863], [28.102481308592445, -13.290642009399928], [28.091761973716796, -13.287935625436079], [28.08710346157032, -13.29186796737005], [28.083276825309564, -13.304150333283483], [28.09763265184641, -13.30364146939389], [28.10212479061239, -13.311158633390946], [28.091999653567928, -13.323046842914422], [28.074141029836973, -13.324425860269647], [28.070489680939282, -13.32885196302222], [28.085273332825146, -13.33678462814928], [28.088743448410888, -13.343630102020482], [28.08273016272992, -13.342335026134661], [28.076193983891738, -13.347515282771015], [28.054707778888865, -13.34589646461664], [28.043726999231236, -13.35299605980686], [28.03590735063424, -13.374224222094712], [28.00346413270121, -13.363818493638599], [28.00681541015803, -13.340693046127333], [28.0020142895619, -13.33611394690361], [27.99630998660941, -13.33849601326881], [27.996856649189056, -13.344508897312556], [27.979387224148194, -13.366061543707543], [27.970735699665475, -13.364720341136618], [27.957544502063563, -13.33248298135507], [27.94473358916918, -13.333778109165387], [27.943568960234245, -13.36129792703734], [27.935891920985235, -13.363957237879053], [27.941643759189265, -13.370038858889096], [27.93563047261, -13.373391778670287], [27.932445572126934, -13.366269660724496], [27.924554618855964, -13.36786521942746], [27.914928610936197, -13.357991089183844], [27.93189891044562, -13.344855790759945], [27.918493799720046, -13.337177785014465], [27.90138089265924, -13.35040600504286], [27.889473163019513, -13.351469779337258], [27.87711384220159, -13.34413887918394], [27.870387517865556, -13.346798380837495], [27.856720962357972, -13.367518359054062], [27.84015471787681, -13.380259337368624], [27.838086908382177, -13.37454794805416], [27.82912640027268, -13.377715819967088], [27.8234934019942, -13.374640440106754], [27.81246508528837, -13.363124761625201], [27.81196595885863, -13.379912493959889], [27.82197225597751, -13.391681708803976], [27.81728997530693, -13.407380805938356], [27.800699964098293, -13.405877990901352], [27.7886971585655, -13.387057332207037], [27.779879261600612, -13.386594890185568], [27.77197073907928, -13.392522055358501], [27.769332501175857, -13.402071079934204], [27.77665302064819, -13.395319751224084], [27.78549468973043, -13.397631872115591], [27.785637297281784, -13.413168743075694], [27.765909918146733, -13.424404604768679], [27.765101809886815, -13.435177591165596], [27.751554090711558, -13.446782284957651], [27.750365694150855, -13.460420548053705], [27.757448537365274, -13.47026735288613], [27.74404342843633, -13.473734440646082], [27.737008121371783, -13.49097668240648], [27.737626087727072, -13.502024005983717], [27.71328773259545, -13.490237095866346], [27.696650185236905, -13.493611446027705], [27.69593714568351, -13.506137731706865], [27.709579937158544, -13.50493597842329], [27.717043065080524, -13.510759813169757], [27.714571200557636, -13.522129746347995], [27.707488359139806, -13.529524535384098], [27.680725673838538, -13.529293450282896], [27.6668452052073, -13.540708713623955], [27.645881896056594, -13.539137414827302], [27.638323695834835, -13.533822647688957], [27.63380779034138, -13.511453115610145], [27.64298220887961, -13.503040888967877], [27.647735794224197, -13.485383492816046], [27.638894125141917, -13.46384154879282], [27.569444247632536, -13.404336893867026], [27.548956296387466, -13.395874662998734], [27.533744825440795, -13.3957359327719], [27.493434422760867, -13.501700451199637], [27.476891947702136, -13.508541225351399], [27.45721210381866, -13.528230462916158], [27.332346768009565, -13.568179888178141], [27.329358373994904, -13.566492460122218], [27.33361283021479, -13.561871462694073], [27.329144461769573, -13.557481432432136], [27.33254327357964, -13.55551744542435], [27.32788476233149, -13.554570105153404], [27.332424434552387, -13.549024618665712], [27.32852649631258, -13.54352521711493], [27.335205281803788, -13.54107586431372], [27.34093335238205, -13.515610332238126], [27.334278332719986, -13.509439959940583], [27.328669102965605, -13.511820312274464], [27.32698696896855, -13.496616211591432], [27.322925496024514, -13.495891430166923], [27.323386596768284, -13.488021319615736], [27.30893566918555, -13.463474667134939], [27.312334489978785, -13.455361238248946], [27.30506148869005, -13.446808320893387], [27.307970689924197, -13.439577400308073], [27.299338163013125, -13.425984160277961], [27.315291225566174, -13.405639098307557], [27.31692646211553, -13.400219621785022], [27.31291442705485, -13.39827746136514], [27.32685196655439, -13.386568663327472], [27.330713728739383, -13.366944369395926], [27.115968828006846, -13.407650912690631], [27.11896358478862, -13.397235065787253], [27.113805945314105, -13.390691697277559], [27.11942705977969, -13.384552790702369], [27.11896358478862, -13.376933857954972], [27.114804198173584, -13.364412383592065], [27.108957288568067, -13.36527954388572], [27.104679061129122, -13.349612391777308], [27.09385277103912, -13.340130667712483], [27.093799295228575, -13.323299693392487], [27.08527255123041, -13.319928730571137], [27.073186559905697, -13.299701980183498], [27.073994669962243, -13.278004628297296], [27.05801923576535, -13.26773896936846], [27.050736431161923, -13.25589372308293], [27.02282823666821, -13.254309819142113], [26.988055650372537, -13.234931216932777], [26.974786858991305, -13.235340055181656], [26.95339623203971, -13.22073621286815], [26.960758701937493, -13.205617712271694], [26.99921879701599, -13.178274199420667], [27.007898338155783, -13.16359593615832], [27.02833144006624, -13.144825111423694], [27.074020802852175, -13.129850741208488], [27.086830490444516, -13.06989935601338], [27.082121409435732, -13.055077654214674], [27.090413064324057, -13.033342794038727], [27.088101744013766, -13.018270526637863], [27.098473115565824, -13.005693939892419], [27.113657179811483, -12.999357044322467], [27.117709735179666, -12.97849216261188], [27.090991204769562, -12.980282339226315], [27.071955709862966, -13.001976830320958], [27.03579616609109, -13.000165988648764], [27.03213242134082, -12.995357780776857], [27.04174630290253, -12.981186132947034], [27.021984169745778, -12.974369755882229], [27.019396943574097, -12.958626896949], [27.007431267208638, -12.957048419997447], [26.99714296107429, -12.946491314313118], [26.9492813111329, -12.943031602260078], [26.9361881565594, -12.927845421949176], [26.874126267390082, -12.888327611787142], [26.90252986030508, -12.86001688578187], [26.914138907299378, -12.835851074869788], [26.911191209662054, -12.828361303151215], [26.91848329655732, -12.822669309773945], [26.8906351867797, -12.790365245872547], [26.87316009875927, -12.786713504765046], [26.856552069142687, -12.761229378775573], [26.851517649779037, -12.741774801739163], [26.86722532313919, -12.720704342637715], [26.86805266971922, -12.67595105916652], [26.87568360742786, -12.66789163606944], [26.885761260424715, -12.636002583007595], [26.92598673817431, -12.62971742620669], [26.93536550996492, -12.633883025424446], [26.942310730379514, -12.626730673812064], [26.954248911110785, -12.62467533071375], [26.967703500143887, -12.593216639170501], [26.983513742244867, -12.58103958462011], [27.00110061661924, -12.558303527701055], [27.01312444093305, -12.555245193620184], [27.043416179387563, -12.533076341420106], [27.057303191347327, -12.534050412989039], [27.074495432224133, -12.527825334389554], [27.088987125354443, -12.53169700334726], [27.098592416327115, -12.525712719788345], [27.07177184628388, -12.498469007160665], [27.06546120207417, -12.483420863246872], [27.063811085830462, -12.453419004184088], [27.079596884772556, -12.431286198881876], [27.084626600557375, -12.415751282877538], [27.062094116963298, -12.353640198187893], [27.060620455892547, -12.333946541268727], [27.11875680069506, -12.34676330459074], [27.199757891660745, -12.347529504263925], [27.24793547369766, -12.35307858069009], [27.29837277681492, -12.368184974341501]]]}}, {"id": "110005", "type": "Feature", "properties": {"DIST_CODE": "110005", "DISTRICT": "Lukulu", "PROVINCE": "Western", "Area_km": 9430.17417839}, "geometry": {"type": "Polygon", "coordinates": [[[24.32706560730724, -13.907667607255622], [24.33568147855463, -13.906514045595639], [24.342217658291144, -13.924681954755458], [24.330274278111045, -13.93950360480647], [24.3350477593425, -13.94424268270439], [24.348932097915977, -13.946077884804222], [24.365985585912302, -13.956169614710097], [24.3707391676636, -13.953286307870489], [24.38511876362288, -13.961705462199285], [24.404192523167325, -13.946481561780265], [24.412511297295744, -13.94538586337055], [24.421364849292598, -13.968048456719954], [24.43616038409302, -13.965799597927058], [24.442280623191728, -13.949422621300776], [24.463790597617045, -13.963262394913025], [24.47103981331366, -13.957495922597573], [24.48363681308442, -13.956284945640924], [24.472049950884358, -13.941637382739405], [24.48809329861502, -13.931660359644773], [24.491183131289898, -13.92122151234806], [24.487380262654902, -13.915915397080242], [24.495520775996667, -13.908878839152457], [24.50461200694631, -13.916953559592383], [24.510613407916086, -13.9333905100267], [24.526121979574974, -13.940772339631856], [24.52939007034152, -13.951786974798202], [24.5393725989363, -13.962224442392213], [24.54929570756834, -13.969201710084278], [24.56379414075821, -13.970643267579865], [24.55915939533921, -13.983328591337955], [24.562665165956943, -13.988171893913572], [24.577282438174066, -13.979753707952526], [24.57829257574476, -13.987422340834287], [24.58797800632224, -13.996878051425679], [24.587859167294987, -13.987941263060495], [24.59748517611307, -13.989382704059249], [24.60360541790677, -13.985173672171513], [24.600515586130182, -13.970700930738102], [24.588750463143512, -13.964703989575183], [24.602714120261606, -13.95541995833061], [24.60835900055634, -13.967875468696771], [24.617093714424247, -13.967587152711408], [24.62279801468175, -13.961244146362825], [24.6258878473566, -13.974275955585298], [24.620064705376908, -13.976351749951519], [24.62030238343139, -13.99249618634098], [24.640873001242156, -14.022993084002742], [24.61189970126554, -14.096946044998273], [24.618406167427395, -14.133135053917135], [24.615999663426226, -14.14529280928044], [24.6250314726165, -14.15779560205799], [24.628774918593724, -14.182050216692467], [24.611840266031376, -14.233085880395047], [24.605947973120706, -14.280335926866611], [24.489400535771306, -14.332762466796412], [24.469673157638166, -14.348075652355298], [24.468128242682106, -14.366611265673919], [24.459215270697168, -14.376857001855438], [24.450302298761027, -14.401260682270532], [24.44040462556984, -14.410567942615367], [24.422850345230557, -14.455468736624445], [24.363192852119887, -14.48377597189955], [24.343227795112366, -14.481359641606964], [24.324332295438538, -14.487227826542854], [24.295870204153264, -14.506557220576203], [24.239480801702626, -14.52410178738215], [24.234073598648706, -14.520592984713142], [24.239421381633193, -14.516278808181442], [24.237638787051807, -14.510296343163787], [24.217198371172994, -14.517889443588153], [24.203828914450856, -14.5116194027482], [24.20965205470601, -14.493843731385176], [24.188617441530393, -14.497755652559109], [24.189842660174268, -14.480657217027876], [24.18041750756459, -14.484351285149623], [24.168592963823485, -14.473995424704688], [24.15789739834933, -14.474168026712988], [24.152606128004862, -14.459613563139776], [24.140725072027443, -14.457770272797926], [24.138365540945912, -14.440605432048306], [24.1064398403269, -14.441946731449017], [24.094157624030984, -14.446894820053235], [24.087422795344136, -14.440976318750145], [24.09105360336457, -14.430367622780604], [24.087722598851688, -14.42629470406451], [24.066153206794443, -14.422899449320951], [24.06145313918242, -14.428927946867006], [24.04511727304577, -14.422053114042749], [24.040105519058127, -14.42665272826971], [24.032699851821903, -14.411965227501979], [24.02170718585728, -14.414382313217157], [24.007030492260736, -14.403505226738956], [24.001176162956764, -14.409165464236118], [23.99797376688521, -14.404818355406032], [23.986055298086743, -14.410353823467416], [23.97942674798237, -14.40775816036905], [23.978033622930784, -14.413288873423946], [23.970784406111544, -14.415792266627395], [23.961336656585747, -14.41044014878755], [23.95705842971224, -14.416051236140444], [23.947462129234506, -14.41357662086596], [23.944402009575647, -14.418871114622863], [23.93914335583179, -14.41809421271185], [23.93747960175906, -14.427359307058184], [23.93020067411934, -14.426927711680987], [23.9307651624112, -14.431502577740236], [23.91886931592836, -14.429223787771653], [23.90949286978875, -14.435041560610413], [23.89658088932562, -14.431882397268405], [23.897938531266064, -14.43543176890459], [23.87577212514282, -14.440421858571503], [23.871196800345874, -14.450031262755326], [23.862254118019685, -14.451584841183177], [23.845735409043314, -14.442148128484316], [23.819769423165763, -14.44341210320746], [23.81412407000282, -14.447643336165484], [23.817971093883305, -14.44919314323824], [23.81337848394274, -14.461627957000653], [23.801675618319273, -14.469766642759561], [23.792049608469533, -14.466688499176387], [23.79014817438855, -14.45558381423961], [23.774609894238978, -14.45092313364586], [23.768311393292684, -14.460100553212232], [23.77166861289977, -14.473563920429104], [23.764092586301597, -14.480007635240083], [23.74831662596915, -14.482999296504126], [23.74371159078551, -14.491341216552616], [23.74210725528179, -14.497726888743513], [23.75125790691354, -14.516278807722152], [23.730460972695553, -14.52809945265669], [23.732499073375525, -14.543019598148163], [23.71598036414594, -14.550324004175044], [23.713217343063032, -14.571804461011588], [23.700620342394, -14.577325205057857], [23.69993701372032, -14.60078681881431], [23.68933057731291, -14.60438059558429], [23.679348048718136, -14.619962528873264], [23.66966261993731, -14.622147363324062], [23.661878623677268, -14.6316913760798], [23.649234086858336, -14.632502022041693], [23.64758078878192, -14.643237723607433], [23.634955265704292, -14.64678826214417], [23.632901716066474, -14.654211097344533], [23.62728298033975, -14.65277621873493], [23.60127136297278, -14.677802450631685], [23.593028647402832, -14.677029908574063], [23.578250897448378, -14.69155599370033], [23.57718970233191, -14.698420957953186], [23.564164878110486, -14.70097744307012], [23.561140543399656, -14.6968933866268], [23.55120660467857, -14.697455370169068], [23.536460983868565, -14.705869627803489], [23.532895797779673, -14.718366269601873], [23.518036089131954, -14.723166113047956], [23.518920257746984, -14.740406062408626], [23.508738075885383, -14.747025840072357], [23.50562923216415, -14.755879476251067], [23.486259985281745, -14.75654848277362], [23.45983220000321, -14.745036458192047], [23.429538264269514, -14.755997617878528], [23.414273716364267, -14.75286489457744], [23.392709950819757, -14.777628617147624], [23.36982464491471, -14.787118934984647], [23.35310555837618, -14.800782420333006], [23.340204220166964, -14.80124708001667], [23.323488946078452, -14.809630491432245], [23.294507883759472, -14.804837830033781], [23.289042158075095, -14.812948425296756], [23.268323240088982, -14.815529006844255], [23.272263648878823, -14.821918880847099], [23.267052140131643, -14.82585101687943], [23.259425544879093, -14.822901921984858], [23.257391786923602, -14.815651889010807], [23.23972350811654, -14.82548238492848], [23.232096913762277, -14.822656162335972], [23.22688540591342, -14.828431444667235], [23.2137930840782, -14.822164641332858], [23.190913297422227, -14.829291581005347], [23.180871613867687, -14.8269569193863], [23.178329415749626, -14.817003609952561], [23.169940160702314, -14.816266306613693], [23.163711776121527, -14.807664285104584], [23.148967023982394, -14.808893165606998], [23.15490306173543, -14.790530695367888], [23.115955296442014, -14.799860156382143], [23.09189467075181, -14.797341406036452], [23.05421054041575, -14.824643520004152], [23.037034895913806, -14.84606191839952], [23.016137156592325, -14.854725464680492], [22.99877196127724, -14.835878593974064], [23.001265297332075, -14.822901921984874], [23.021934428888493, -14.805436503039783], [23.018383475706962, -14.776308449643498], [23.044110188788306, -14.731712929732828], [23.039463839830795, -14.710673647403807], [23.049178934575583, -14.701685373026535], [23.06734193716919, -14.700051101408114], [23.071777087711855, -14.695556790100213], [23.078324217013353, -14.677782936374589], [23.072833077091293, -14.657964406273292], [23.082970566869204, -14.627313664915055], [23.090996078786592, -14.61525653181042], [23.10831429131401, -14.607081829191445], [23.112115850205292, -14.578876772420632], [23.12035256323251, -14.56538611894574], [23.125421307223146, -14.526135893155598], [23.143161913885365, -14.5218424762055], [23.16069132303101, -14.506303701255888], [23.163648090059443, -14.46990599012109], [23.179487919970942, -14.444955793700899], [23.212645958816584, -14.420411889371845], [23.233765731133605, -14.38890991603198], [23.232920939270723, -14.365792006261389], [23.209161197098425, -14.323948651309548], [23.20894999958186, -14.303075208654082], [23.19311017236533, -14.29284242038064], [23.184979058994696, -14.273705856729993], [23.182867082032494, -14.23624670520988], [23.17315198818602, -14.20768760336406], [23.177767583319806, -14.185046097632538], [23.189651544435417, -14.1799765307562], [23.202842742037323, -14.1850460976325], [23.199515232206313, -14.175022073823673], [23.207477485659727, -14.163269204065436], [23.216509299341535, -14.163845338983965], [23.223401997058104, -14.171911077789145], [23.21734117612556, -14.18781126782797], [23.22375851503816, -14.198065145767547], [23.23754391226792, -14.205323229268197], [23.256201733869542, -14.183778716976397], [23.27664214986301, -14.191267683128025], [23.288407271951414, -14.189769909347302], [23.301360790600526, -14.175943841427118], [23.294586931911205, -14.170989292929724], [23.296726045181522, -14.166956443846656], [23.322276567194606, -14.171680634102811], [23.33130837997813, -14.16246261202649], [23.337012679337313, -14.17087407108323], [23.34675752897929, -14.16764779469227], [23.372308049195766, -14.170297954005225], [23.386093447323802, -14.156816390146021], [23.390490511993388, -14.137456848807151], [23.39952232387856, -14.13157951792389], [23.406652701446266, -14.114638129377727], [23.4161598712371, -14.109105975386202], [23.452049438926736, -14.100461712899426], [23.496257778049866, -14.1050720272387], [23.52941403643454, -14.098502302741036], [23.535831375347193, -14.084901218983616], [23.548071855341185, -14.080866843786046], [23.591329479551376, -14.049050415589079], [23.5943004696057, -14.03602284781649], [23.616523479991102, -14.033025249947524], [23.629476998640218, -14.038098085985876], [23.655740556613445, -14.03106526014504], [23.674754897991725, -14.015384745673904], [23.68509394636322, -14.016883662601904], [23.69567067189089, -14.025531083364129], [23.700661936188297, -14.038443957041808], [23.728826927580695, -14.032448783687899], [23.759131033141728, -13.98897910138566], [23.772441069770913, -13.985750256243687], [23.796327834622705, -13.988748471341966], [23.80880599536616, -13.967875467825], [23.827582655994988, -13.971796507951407], [23.83031596889315, -13.993476346672589], [23.843626006420646, -14.008812443982533], [23.866680895386708, -13.999703155583703], [23.878743116390712, -13.981656476122446], [23.903045820083676, -13.99157367801592], [23.915583400789906, -13.987768289115166], [23.93049777192269, -14.002239955938057], [23.936855693567466, -13.988171893913565], [23.944758528854717, -13.98626918137033], [23.9606236202903, -13.995148377702407], [23.965770726119818, -14.004557132165926], [23.98164582478768, -14.001710741589108], [24.01499274789654, -14.013655210425396], [24.017785478960842, -14.007601737067324], [24.007624691376012, -13.99595555894017], [24.029847699964836, -13.997396950568808], [24.040959205157545, -13.97179650882312], [24.053496785863782, -13.966722208692483], [24.062528597748994, -13.969605346569493], [24.05679181530912, -13.984780067361191], [24.06413293404919, -13.989901620119126], [24.07774006959395, -13.984308793353854], [24.08302843280695, -13.97462192362974], [24.078461200273157, -13.960963449277047], [24.083206693593613, -13.956919267780298], [24.09164430674931, -13.958418568351037], [24.094080518036893, -13.94348279743177], [24.106499259715886, -13.945501199693773], [24.103350009773216, -13.963954360953435], [24.136209167445706, -13.969663009115864], [24.15783797730501, -13.940426320783574], [24.157778559138883, -13.932583108709288], [24.175663923020895, -13.938984574358622], [24.188379761818872, -13.936158723677138], [24.198956489143175, -13.9259507718766], [24.197589833592392, -13.91695355784848], [24.21458389982935, -13.921394533606248], [24.229201174741426, -13.906398689810937], [24.2353808347012, -13.90824438418509], [24.244120809103435, -13.903078818101173], [24.24845319507254, -13.90616797632503], [24.246499209310937, -13.910876821396963], [24.235737353579598, -13.916261450896906], [24.243877867819677, -13.926931216975785], [24.25059230564788, -13.917299612727307], [24.262773369272363, -13.915107932963682], [24.274835591174675, -13.942041068355284], [24.299078874006597, -13.948211601948705], [24.29783105838134, -13.934140237978974], [24.309596181368054, -13.944982183605681], [24.312745432209066, -13.934601607146085], [24.299435392884945, -13.926066118779916], [24.29188907557775, -13.91430046777171], [24.30918024162859, -13.916492154316206], [24.309952701144773, -13.897689117125628], [24.316370040057365, -13.894862762595142], [24.32706560730724, -13.907667607255622]]]}}, {"id": "103013", "type": "Feature", "properties": {"DIST_CODE": "103013", "DISTRICT": "Lumezi", "PROVINCE": "Eastern", "Area_km": 9897.59377801}, "geometry": {"type": "Polygon", "coordinates": [[[32.48775054959673, -12.12215465569181], [32.50343793899776, -12.119976288076032], [32.52227853092876, -12.125213391264719], [32.53684826969097, -12.147381220901849], [32.55186959693637, -12.150564499145823], [32.55755013316137, -12.162181981354603], [32.56979061495201, -12.16473775887328], [32.56727121517755, -12.182464889953938], [32.57223871005251, -12.185415422369465], [32.58573889307789, -12.182952773235087], [32.601657250118265, -12.167286475314185], [32.61509429864715, -12.16582700420127], [32.626477115716916, -12.153805828317337], [32.63460574614409, -12.158824581987128], [32.63641210906012, -12.151203471981612], [32.64011990539532, -12.153712886956095], [32.641355836309316, -12.149391106785812], [32.66935445432119, -12.145580443096119], [32.67349007061553, -12.160079255606798], [32.678528872859424, -12.159428684253827], [32.685754320930265, -12.172579197829792], [32.69726662475836, -12.174154647311495], [32.696639603384995, -12.18185692379702], [32.70391307000107, -12.187066558236893], [32.72100989811658, -12.173684741311675], [32.72832516693605, -12.183144019000691], [32.760736702187316, -12.180119155318133], [32.77823670228718, -12.155819156415353], [32.78933669916282, -12.159519157740215], [32.828574535851374, -12.153876494606942], [32.84019704769344, -12.158546726413665], [32.852176082007176, -12.147045267299813], [32.86522467115941, -12.14683614695258], [32.86598806397947, -12.151480499190239], [32.860738875397686, -12.148908171123347], [32.86137712032222, -12.164725579011497], [32.874591736105295, -12.167580532123715], [32.88284619265599, -12.18948786162049], [32.90886549870348, -12.196849209377875], [32.91843697708888, -12.204850443228523], [32.92760544608496, -12.19561823313834], [32.929746434139275, -12.202880932172205], [32.93596789540418, -12.201970029860467], [32.93954460418323, -12.212851432772746], [32.9456401261369, -12.212063656016468], [32.95328882084375, -12.243223457329998], [32.97074299518602, -12.254628736563387], [33.009514972754765, -12.330793423096143], [33.02373393916146, -12.338453721269687], [33.02735007499833, -12.345359092690506], [33.04249311228667, -12.34503466827938], [33.05503333493815, -12.361430301742846], [33.06322435605677, -12.360675998575676], [33.06854874889918, -12.36579383002743], [33.10792869008254, -12.358743012957317], [33.12874193297007, -12.37198858980445], [33.13422181700166, -12.390196640846655], [33.125781170235264, -12.410761423204804], [33.13485496039368, -12.422533341907918], [33.11909206669471, -12.438718019767716], [33.14111552801787, -12.437874536319681], [33.154618547024576, -12.44240089433505], [33.16423311040762, -12.455750327801253], [33.19163208410276, -12.413850604409761], [33.19672444300558, -12.410418301801316], [33.20832041771584, -12.422017112573197], [33.20406921160069, -12.459129074888915], [33.188433227393475, -12.489426920033793], [33.131319656762706, -12.487708491201754], [33.12256163430812, -12.497593164597019], [33.10339815193143, -12.504878140583441], [33.09977440107589, -12.53435487016059], [33.11064623844575, -12.555190914098292], [33.10478917518259, -12.56973952211879], [33.10697415193972, -12.589188051201546], [33.099343507980194, -12.590333897028344], [33.09704267999245, -12.604593061625625], [33.08965929012833, -12.591688433225006], [33.054992984412245, -12.60926049964449], [33.027331477177015, -12.649739200706339], [33.02022077720561, -12.648900712734864], [33.010795013644156, -12.676432288887796], [33.009350714906766, -12.701069152370081], [33.00010480215001, -12.710028157344794], [32.99438290209943, -12.727061104395228], [32.97535125288053, -12.734557140225219], [32.93818587895983, -12.771485969597476], [32.946807636867256, -12.787421876613541], [32.95452067340634, -12.821353278072843], [32.9460396806056, -12.846879660948629], [32.97605669807654, -12.881693445658682], [33.00806134231819, -12.883601200054601], [33.02287728324864, -12.891258499277342], [33.02158654881414, -12.898144470392007], [33.028210772431635, -12.907204233583352], [33.02584473483907, -12.920828378394573], [33.018550525224796, -12.929353171209486], [33.014991240168996, -12.966002148365607], [33.009990583086996, -12.973045777608332], [33.015194385187336, -12.986494747702686], [32.99710066516001, -13.009340617735212], [32.995865994582346, -13.024582032260362], [32.98978734658302, -13.023223183899633], [32.98673725627468, -13.029650494981603], [32.997096293059506, -13.042337397965012], [32.997519954717184, -13.053826385045559], [32.98078411010701, -13.081784622896917], [32.981770727088616, -13.10447427225951], [32.97281924884436, -13.113967733867415], [32.98223141191242, -13.144460529950353], [32.97896273364761, -13.15989292426347], [33.00767563088803, -13.180854704865407], [33.019749738399874, -13.19585010568613], [33.012144002028215, -13.214870729229592], [32.98205382665883, -13.22914347033509], [32.97110718927022, -13.258505930636566], [32.95879825944818, -13.259568669295811], [32.94385563001153, -13.274739931596109], [32.90194500262045, -13.225425527924871], [32.851270901797655, -13.213129076058857], [32.66797591226262, -13.028425345913455], [32.66122582299572, -13.02791591061806], [32.63660225186306, -13.047181074013958], [32.619536880952154, -13.037270815829867], [32.605513804769565, -13.037317128411537], [32.60156833127817, -13.04861663860541], [32.563183131439864, -13.065472326981526], [32.5413404075586, -13.08774415573355], [32.518214216613444, -13.083276058732135], [32.512652522110656, -13.089665643333083], [32.503858389178276, -13.090522204844374], [32.49416107658455, -13.072024438424894], [32.47619252511394, -13.064152627914186], [32.47086850956394, -13.05009850592411], [32.4639520442216, -13.04604650883502], [32.03804093681231, -12.950388832624618], [32.02597871580833, -12.936258774120283], [32.01570418533886, -12.938478048811092], [31.995503782121293, -12.926778045881829], [31.980819659077323, -12.924965732436876], [31.96679658289476, -12.906722052365858], [31.96765876164992, -12.8986319693171], [31.981455332125197, -12.903050702359144], [31.989877005574467, -12.892508190777914], [31.98296054023211, -12.875478584347158], [31.994369145238736, -12.880483322620442], [32.0037099380558, -12.877563903596306], [32.006062962653125, -12.868040801301486], [32.00228386433887, -12.86101988783151], [31.984101399744613, -12.855180561772515], [32.00256907944158, -12.851079049788284], [32.00570644287644, -12.83307331695384], [32.02018111113551, -12.83008382219357], [32.01939676870472, -12.815900623102467], [32.032374054979634, -12.803037717602603], [32.0303775519556, -12.789200671287631], [32.03708010597096, -12.787114617578872], [32.04877392428365, -12.796362653913345], [32.043925269334224, -12.77056465362055], [32.03544011913039, -12.770077875342489], [32.04713393744308, -12.76110704701917], [32.051554770636756, -12.748658624779575], [32.061679907681174, -12.74295579286244], [32.059326883982166, -12.739756587427186], [32.05005739314416, -12.74232986612357], [32.049201748734326, -12.730228274603004], [32.06018252929029, -12.716874128906042], [32.061893819906544, -12.702267227693271], [32.07094939941752, -12.699276187908772], [32.064032932278515, -12.689537671378174], [32.082500609280565, -12.679311828803122], [32.08616087305911, -12.669572550231148], [32.099756125689325, -12.669363847311807], [32.094146894138305, -12.653617878314343], [32.10130104023011, -12.630124665287775], [32.11052299491825, -12.617994550157183], [32.125211571809395, -12.612358371788245], [32.10995256381448, -12.602755710239801], [32.12333390511766, -12.590160371599625], [32.12264463678333, -12.574363134223141], [32.13307875565794, -12.566058173880569], [32.130036460929645, -12.549447450971694], [32.14512909374737, -12.547869842009115], [32.13284107670514, -12.534482964009863], [32.132936148106594, -12.515109042229387], [32.14719690324199, -12.50631488838682], [32.15468379878978, -12.490025192706586], [32.15223570279097, -12.480580411750836], [32.13954363072044, -12.467445328830888], [32.14879314302655, -12.450772565858044], [32.14343421714801, -12.425148173729365], [32.15473536208709, -12.411753747761615], [32.17425917309726, -12.412973177656704], [32.16733503165082, -12.400889478405377], [32.17153491970876, -12.397009272219988], [32.19457755924764, -12.39401593018636], [32.19435053880567, -12.389248684826319], [32.182885974146735, -12.386255254588185], [32.19661041888783, -12.375481138957408], [32.19349682128216, -12.34627421068867], [32.204667746437636, -12.343627318644662], [32.20687816438194, -12.331715964607884], [32.22175688587264, -12.337544004585368], [32.22736611383039, -12.327188116112934], [32.21940385858038, -12.323774761706582], [32.21987921828264, -12.31803930011239], [32.250815353324754, -12.297471734007484], [32.26219359707142, -12.297362746040895], [32.26263980374776, -12.271748398955935], [32.267436512717524, -12.266952243119801], [32.27245632637298, -12.273710439294543], [32.2793725141359, -12.274037441231805], [32.27669528036603, -12.247657741234605], [32.28528473934742, -12.2438422789163], [32.29011372029378, -12.226177428005352], [32.29480522217076, -12.22523956606943], [32.29651122530324, -12.230866688661045], [32.310692358263445, -12.217111285302112], [32.33468299980309, -12.212734418413437], [32.34481238228558, -12.215548128119536], [32.359633269339966, -12.206168977129114], [32.3707222753281, -12.211067019632672], [32.39983092267196, -12.201479277945552], [32.41561143233366, -12.207315336836672], [32.428193192185574, -12.202000361097966], [32.45826146213678, -12.200020245111084], [32.48075935340588, -12.18897300920235], [32.48481110568022, -12.18157318628694], [32.483208795081, -12.15704068189261], [32.48034963270311, -12.15037739080544], [32.4699933860855, -12.14704103699732], [32.46568062022054, -12.120362624698194], [32.472133353653675, -12.12406326965171], [32.47826868085587, -12.117192194437257], [32.48775054959673, -12.12215465569181]]]}}, {"id": "103004", "type": "Feature", "properties": {"DIST_CODE": "103004", "DISTRICT": "Lundazi", "PROVINCE": "Eastern", "Area_km": 1393.58163384}, "geometry": {"type": "Polygon", "coordinates": [[[33.311095623732975, -12.244367004338994], [33.31381346674362, -12.250623055143645], [33.329894883279444, -12.256967744860347], [33.33541559843559, -12.280316565611427], [33.350432882363926, -12.296227651420649], [33.35521023443596, -12.309719681220674], [33.38492014216582, -12.338698497224094], [33.429726137633935, -12.339310670418776], [33.45713809378158, -12.324982122639641], [33.473875127761175, -12.321848483416227], [33.48489105669923, -12.331992650692355], [33.51670131898814, -12.339199548043482], [33.537571284197675, -12.332097628623103], [33.540335415598285, -12.348722017580208], [33.54958223924674, -12.353978765359354], [33.548533763376334, -12.370101100809935], [33.52299773568034, -12.386929233048148], [33.511142729961264, -12.388927398950885], [33.50290142205136, -12.407792917675716], [33.47432158596582, -12.414045707337912], [33.46942642343752, -12.427436451853085], [33.48073081578635, -12.452783644818787], [33.47216794603905, -12.458841346043197], [33.46112963018579, -12.458821173969314], [33.430564944920405, -12.476752908791006], [33.42255673455537, -12.493573278694782], [33.40817554498477, -12.502721094640606], [33.41553772203177, -12.509299679898492], [33.41236971885921, -12.519224511873176], [33.40121396085895, -12.52341673426365], [33.36600707056446, -12.557641973300246], [33.35842086985527, -12.556930439760414], [33.350457438710556, -12.545818383916796], [33.33260232200243, -12.543624600868181], [33.32890092257036, -12.53342154527862], [33.318469327961694, -12.52528067407539], [33.2825728683972, -12.538082422055764], [33.273160646938635, -12.536994500820136], [33.265581389308316, -12.541796225792345], [33.2648757842122, -12.553250248822835], [33.23836725476269, -12.581890383416656], [33.236103315193745, -12.59043898695944], [33.20225396165154, -12.6064362366316], [33.19487770261418, -12.626099412937709], [33.1803975142077, -12.640644852311961], [33.17498282540787, -12.63620123543413], [33.18274784475747, -12.608460727770002], [33.15984850986263, -12.596353556812126], [33.143330876814765, -12.59266492077308], [33.13588243365274, -12.600405372931684], [33.12595513887149, -12.60177635932986], [33.11518403408601, -12.613520395767596], [33.10718861662898, -12.610562058369355], [33.09673794000704, -12.60447628716021], [33.09934350798019, -12.590333897028348], [33.1069741519397, -12.589188051201553], [33.10478917518259, -12.569739522118793], [33.11064623844576, -12.555190914098306], [33.09977440107589, -12.534354870160593], [33.10339815193142, -12.504878140583452], [33.12256163430811, -12.497593164597017], [33.1313196567627, -12.487708491201758], [33.18843322739346, -12.489426920033798], [33.20406921160069, -12.459129074888908], [33.208320417715846, -12.422017112573199], [33.19672444300558, -12.410418301801318], [33.191632084102736, -12.413850604409767], [33.164233110407615, -12.455750327801255], [33.15461854702457, -12.442400894335043], [33.14111552801784, -12.43787453631968], [33.119092066694705, -12.438718019767727], [33.134854960393675, -12.422533341907918], [33.12578117023527, -12.410761423204798], [33.13422181700165, -12.390196640846654], [33.12874193297008, -12.371988589804456], [33.10792869008253, -12.358743012957317], [33.06854874889919, -12.365793830027437], [33.063224356056764, -12.360675998575674], [33.055033334938145, -12.361430301742837], [33.04249311228667, -12.345034668279373], [33.02735007499832, -12.345359092690508], [33.023733939161446, -12.338453721269698], [33.009514972754765, -12.330793423096168], [32.97074299518602, -12.254628736563395], [32.95328882084375, -12.243223457330016], [32.94496935501255, -12.212924880600612], [32.95584549171936, -12.20355341064229], [32.96009742726656, -12.190505464682799], [32.96786665701993, -12.189600888429371], [32.98050240112884, -12.199848382572958], [32.99278215636541, -12.20144176266552], [33.01402037514588, -12.223948632413672], [33.03639090776561, -12.23392422559701], [33.04417473514234, -12.232742157701626], [33.06004225023258, -12.243674240812888], [33.07477668791559, -12.231934687824962], [33.10329514301612, -12.231138934893515], [33.12219402842252, -12.20919076124533], [33.13148695540797, -12.225695666325175], [33.1558648597683, -12.240942875579744], [33.156317164208794, -12.24876721662462], [33.17598310307, -12.247163054324163], [33.18275451474849, -12.25307932638027], [33.212981436161996, -12.259348877060184], [33.227465961634664, -12.27028157308477], [33.290500852020855, -12.255057902950202], [33.311095623732975, -12.244367004338994]]]}}, {"id": "104005", "type": "Feature", "properties": {"DIST_CODE": "104005", "DISTRICT": "Lunga", "PROVINCE": "Luapula", "Area_km": 3805.35897246}, "geometry": {"type": "Polygon", "coordinates": [[[30.110406435694326, -11.230171253204446], [30.36716324976454, -11.440680468107537], [30.46914472326126, -11.506032190058907], [30.436966609846664, -11.598683176793173], [30.442682202825633, -11.603594588422093], [30.442168814742427, -11.616040981560651], [30.446518354940206, -11.622180163056779], [30.33922571539533, -11.744626111655275], [30.251555888391547, -11.812503653007822], [29.795550461684453, -11.911240719847632], [29.78827452110812, -11.889198474773442], [29.794944503109527, -11.874002517706812], [29.788878914817797, -11.86888540069732], [29.783508502181704, -11.838830013139502], [29.794055836629912, -11.818922785055952], [29.786968227852878, -11.8070020058528], [29.7929577557895, -11.799589646654535], [29.785998493808727, -11.790962580402125], [29.783574160944127, -11.773428413789064], [29.78836578365277, -11.765721963742696], [29.78211956122538, -11.744258174236409], [29.789956075691816, -11.738038977422717], [29.79303034325775, -11.714525651137398], [29.797548506217506, -11.711613330910998], [29.792337399017246, -11.707110972149787], [29.79459842534971, -11.700420376661127], [29.792111972186586, -11.702775030842972], [29.784448256749865, -11.696718846703103], [29.780655274074604, -11.703029906993125], [29.77941978962331, -11.699528329721803], [29.77695895192053, -11.704464035073805], [29.770972634562682, -11.702442552358946], [29.771605204829555, -11.696556542117923], [29.768487321361643, -11.697626421632982], [29.761895575434952, -11.685894316339866], [29.769449829357654, -11.688331178659066], [29.77004467128094, -11.682302120129503], [29.77403999857567, -11.685346863609183], [29.775550838221083, -11.67999016383869], [29.783012520753765, -11.680455676629627], [29.77794884775291, -11.67605899764483], [29.777498056973656, -11.670972253287504], [29.782782485565697, -11.668339689058294], [29.77683942927531, -11.666927247319212], [29.7767428136699, -11.653555043175864], [29.780085204093602, -11.656821206152104], [29.78442234304885, -11.654054420582053], [29.781447886395863, -11.640244029632164], [29.788920973939394, -11.641964348829433], [29.79404840307091, -11.634600714361023], [29.788465832619245, -11.632790485623303], [29.80140545792415, -11.624741566127142], [29.793893368225916, -11.611764173796917], [29.7899195097682, -11.618076840295497], [29.785998279111375, -11.615067270073835], [29.799420975256975, -11.60446841072441], [29.787576216620316, -11.605515203000587], [29.787218448185364, -11.59512136530702], [29.792487219142032, -11.598368923809149], [29.799772039564935, -11.588618252816508], [29.793774313603013, -11.584452852949251], [29.782512714299358, -11.587028122838701], [29.793723018003636, -11.579290576279758], [29.794935599008443, -11.572266102660656], [29.79921240710924, -11.57575026260346], [29.804720488359237, -11.562909606356746], [29.80789418415577, -11.550348900852464], [29.80048315941858, -11.534916056066706], [29.828683236311026, -11.523690932633887], [29.827312398204302, -11.5161113221365], [29.83514575419424, -11.504693547956698], [29.834166584246336, -11.490684556588114], [29.840629102129512, -11.479745543397295], [29.817301940987374, -11.437420131975614], [29.875032547318767, -11.367315171207373], [29.99695227227696, -11.235112904746149], [30.110406435694326, -11.230171253204446]]]}}, {"id": "107011", "type": "Feature", "properties": {"DIST_CODE": "107011", "DISTRICT": "Lunte", "PROVINCE": "Northern", "Area_km": 7793.88345236}, "geometry": {"type": "Polygon", "coordinates": [[[30.967811281151693, -9.66493480470267], [30.985086609904066, -9.631961470587706], [31.035771548002458, -9.600982683846423], [31.052956004078982, -9.574351297433024], [31.06301644984657, -9.578156567577409], [31.089518559036755, -9.564623941859764], [31.115483239430127, -9.562541133245288], [31.13154343236902, -9.547319966200014], [31.16294783940582, -9.56420675841982], [31.16368739902303, -9.579016675298197], [31.152995750224424, -9.59974574341542], [31.15839385792073, -9.617666102035322], [31.15541912368829, -9.63286282890415], [31.161703741907598, -9.668691047414198], [31.153595388253002, -9.674947154157005], [31.152644625729344, -9.68752869420545], [31.139833760445676, -9.706318168682868], [31.140142555426255, -9.720632299581496], [31.129644675031066, -9.728071956919047], [31.131250917556304, -9.733710774257409], [31.123758979764872, -9.747888499131415], [31.12712596695937, -9.749888824562595], [31.12516875444925, -9.763312817915299], [31.08081051525132, -9.774098684799657], [31.062078395789218, -9.800473606312018], [31.02633145721051, -9.794946417240258], [31.02602226607287, -9.801738341562265], [31.014756326109758, -9.811106648990718], [30.99474378487263, -9.814572838303265], [30.972568473232126, -9.810942760139726], [30.945068899903283, -9.82644673706881], [30.936084624167982, -9.863657708332893], [30.937486853004007, -9.885762182664617], [30.928669030599245, -9.893091048681168], [30.934111699225234, -9.914491109138996], [30.931473460423515, -9.927929971236338], [30.926220852853753, -9.941649076065927], [30.909433854578037, -9.951994608859966], [30.899814584921234, -9.936568891562093], [30.82228374878017, -9.934602277409423], [30.78446697141262, -9.906806772438593], [30.77449490908919, -9.879814292367156], [30.75516564801671, -9.86442751576545], [30.72647061287743, -9.853809039975909], [30.72381320312922, -9.835088179816278], [30.698500363662188, -9.82166903774346], [30.63088084127344, -9.831036665388908], [30.61146222208469, -9.828952444011794], [30.60256158579057, -9.823113412018822], [30.546726312419228, -9.842733650264524], [30.54400705815528, -9.861443173055974], [30.56282507901643, -9.882763990421829], [30.56158285001399, -9.890365607580398], [30.56811896597011, -9.896734284742637], [30.57536824634542, -9.91860250864019], [30.57358577322608, -9.925040879582028], [30.602107162224296, -9.931713348182193], [30.614489998241407, -9.943676565096714], [30.620955061051806, -9.962147228563063], [30.619885569095338, -9.987007195418126], [30.615631110180527, -9.993397456275805], [30.62418994289894, -10.001903491274255], [30.617534923236875, -10.007872145795291], [30.623049258557906, -10.02126030665253], [30.63093983543479, -10.024139146257271], [30.633911015033647, -10.031839238806509], [30.648314375923768, -10.033688284766923], [30.65801168492425, -10.04658376493231], [30.656157791248237, -10.051826007073618], [30.67638448276429, -10.055664276008853], [30.684798152224378, -10.073496680949603], [30.677287484559233, -10.109018235083756], [30.678143130765694, -10.120296327265201], [30.68360974757883, -10.123805982743512], [30.66459541338706, -10.150852814894401], [30.66312180082532, -10.170972647103982], [30.625378335866387, -10.170551546436883], [30.60189562604289, -10.1859447207621], [30.534539692714695, -10.184821858020802], [30.505471578254767, -10.197828266309598], [30.47668000296854, -10.199037039213893], [30.465137351355217, -10.207746564819283], [30.47019979007086, -10.226716717604475], [30.464598232827328, -10.265309783421301], [30.4694227473501, -10.274454244610304], [30.456730932197768, -10.287971534091788], [30.461008901820218, -10.312993428395593], [30.45045619903986, -10.325830870132645], [30.439618026035287, -10.324755244967093], [30.421459330863463, -10.30284455172613], [30.39930755508341, -10.29617974156246], [30.395219659093616, -10.290590724314457], [30.39655028860822, -10.280277504661498], [30.385997586726194, -10.260772680375693], [30.390537246370698, -10.249733440973662], [30.373400703736458, -10.245850989647911], [30.349798593438653, -10.278975138668333], [30.32182080466324, -10.283466488695218], [30.31385475223449, -10.293594747315721], [30.299643965886773, -10.300043798187192], [30.299781992030162, -10.309320016136757], [30.284929743890906, -10.32413607722258], [30.286878344252383, -10.32738472039888], [30.279947837343816, -10.327282265842276], [30.280474479170717, -10.320376683737601], [30.270331376718904, -10.3026646461087], [30.273968430725482, -10.288070040801411], [30.270729870277258, -10.282273651437265], [30.235769819056507, -10.26933691476323], [30.23115865441371, -10.257168350959327], [30.216271392639587, -10.255036599365877], [30.210700125689144, -10.250891066644577], [30.209196530058144, -10.241013592121456], [30.199511815437937, -10.235111357262388], [30.199650251213104, -10.22004653267529], [30.19224868932913, -10.207964215143148], [30.195243816216834, -10.19636482998139], [30.1841742866024, -10.17592058056485], [30.166842770923942, -10.179035839960655], [30.13996118371332, -10.166050472776618], [30.133453450028632, -10.169751786011291], [30.111720900025393, -10.166532239775696], [30.08477705597233, -10.156739454179556], [30.086681413407756, -10.146607871949785], [30.039564928570968, -10.140507185291638], [30.02861669757104, -10.130386457315781], [30.015793216347497, -10.135577285691996], [29.986431336619987, -10.128557706661141], [29.98199238261043, -10.125729667860025], [29.98386366497539, -10.11592050971346], [29.97809761722021, -10.102077562401151], [29.98442007966576, -10.095454810772075], [29.985330478188768, -10.085246254010224], [29.978451628002297, -10.0732446528554], [29.92204568727034, -10.06879907783691], [29.934935259345934, -10.047702705260113], [29.91537668982244, -9.988415013508467], [29.90960613701608, -9.982151005585923], [29.910889604978262, -9.956691190329678], [29.924152001252995, -9.934516609328009], [29.925600079202773, -9.892539885257149], [29.934495646303763, -9.883718939379714], [29.93078111260393, -9.855449168249649], [29.922985460703135, -9.847908678511885], [29.923650735036233, -9.830719704980517], [29.908391785431835, -9.817557973574731], [29.89413097190596, -9.813436084058761], [29.883055347222317, -9.817651611105596], [29.878741178188868, -9.810055791365267], [29.867971434351062, -9.807256569115104], [29.857813809734367, -9.791701398283486], [29.870648464203374, -9.781067766539257], [29.863692614024025, -9.772004828708969], [29.851399817944486, -9.767235847288594], [29.846018889629672, -9.769765506728815], [29.84157889087943, -9.75886888269463], [29.821252522299435, -9.743820936884708], [29.816194822196906, -9.734619397618607], [29.816675982320966, -9.719385242768084], [29.812150719077213, -9.716393888659072], [29.815489571037013, -9.71067396571175], [29.806461576093472, -9.706183351812625], [29.820774545804756, -9.69690419626839], [29.83062232710692, -9.699743532909416], [29.837609535676215, -9.68922214820065], [29.8541256236218, -9.68471422741227], [29.8687249313299, -9.673879248711486], [29.87683840268666, -9.681982408301103], [29.901550987880846, -9.679347306377888], [29.87909541983801, -9.642109504651987], [29.863632045115995, -9.647608637341252], [29.841869233565763, -9.642164579007336], [29.82383050211192, -9.619177958394953], [29.80231192092789, -9.606034412225483], [29.81037542259864, -9.598385445974511], [29.81041472479065, -9.575418963878677], [29.81562214620328, -9.573451376039207], [29.817544540911296, -9.582713168049015], [29.82508758206264, -9.580697734247254], [29.83027984440485, -9.586368376388725], [29.834845531836386, -9.583025128271885], [29.829832928957746, -9.574843056416158], [29.833434053946213, -9.56990024997844], [29.839444344644026, -9.574483059611534], [29.84591895205432, -9.568899416996492], [29.859378522245695, -9.573630751429752], [29.864665107692733, -9.57109623481175], [29.86682667884515, -9.578814880734582], [29.873456807089003, -9.572363494598385], [29.879503030398176, -9.575934665326786], [29.881955992570877, -9.567294424439426], [29.892441577724764, -9.572766814900525], [29.89092286344755, -9.57893003261277], [29.895479567726245, -9.583509262312349], [29.907863405364882, -9.582414908803992], [29.910316928984635, -9.589326838385619], [29.921065271359126, -9.588347654096856], [29.92357718457401, -9.582818077214274], [29.942737127588508, -9.596641918136978], [29.94110163232436, -9.620083292994414], [29.951733193711913, -9.617549261912131], [29.953427640916583, -9.624748317434964], [29.961137993289594, -9.624978868905936], [29.976034305590172, -9.623711805009513], [29.975508230600244, -9.617261274572575], [29.981700430143093, -9.61524549272535], [29.98660747738259, -9.619564890972903], [29.991631305609033, -9.615187923404088], [30.010090561803583, -9.61754912374459], [30.012894428384143, -9.613402411340685], [30.041868464979313, -9.60712439906377], [30.041985245966245, -9.600673691410265], [30.053843569163675, -9.588981252381762], [30.065409378446716, -9.588578091295416], [30.0679796830534, -9.593070828050319], [30.083810244147795, -9.55073332725922], [30.0967864084269, -9.549508894744038], [30.097736938286914, -9.541305391302963], [30.110476733356883, -9.546930735669786], [30.114232252691558, -9.539242649048635], [30.125735741351757, -9.541399101441803], [30.153353883314963, -9.527284535889583], [30.171221935763153, -9.538879709733846], [30.1937359625714, -9.536097989290367], [30.19998879839592, -9.522355852125065], [30.210523790890434, -9.520886438321943], [30.21005273681332, -9.516603992612126], [30.233329770166016, -9.499721475992867], [30.24271267330865, -9.512751878105405], [30.25444242513104, -9.518461996359662], [30.27605252218464, -9.514185058396334], [30.28804166344365, -9.504864506801342], [30.30286049605098, -9.509232097009988], [30.321584755254342, -9.498259855654837], [30.33202430174991, -9.508094729168882], [30.35337501026523, -9.506774901965647], [30.369207255700776, -9.511723744647393], [30.370087604679213, -9.51622497132233], [30.379769186874015, -9.513070274242196], [30.381350794000916, -9.504594973881819], [30.386141061151815, -9.508025650618084], [30.3944858477959, -9.500079196752004], [30.41044554171239, -9.497759127110662], [30.41779712941881, -9.503336321204962], [30.444332240017587, -9.497458579414095], [30.455233857437435, -9.505069390271585], [30.461911147233703, -9.504233381659725], [30.46426529472515, -9.511566485810564], [30.47375936438419, -9.504337208392426], [30.481289492253318, -9.507918226174464], [30.50606109765997, -9.502844874608549], [30.51865997041807, -9.50582759625779], [30.525888600321647, -9.482707988900755], [30.524963335579, -9.467303558984549], [30.49377831959246, -9.413835561288312], [30.486266158927343, -9.390494300399205], [30.483470123859444, -9.343262590619378], [30.488447380726598, -9.339291121559144], [30.51191295518606, -9.340723458793635], [30.551487217236737, -9.329234402385598], [30.57089868763245, -9.336683687379013], [30.586703983609482, -9.358213474652167], [30.60537378244875, -9.368151639789952], [30.636600470382977, -9.382832303383596], [30.654649183017966, -9.379206821894508], [30.69641803559593, -9.39902599843263], [30.71064173612419, -9.41569052009838], [30.720847159198843, -9.445402843159405], [30.746480987378128, -9.4734310542776], [30.752185287635662, -9.506871970575762], [30.747443468424688, -9.546427171028967], [30.714358515612236, -9.583727938782348], [30.666622881338913, -9.602512567581883], [30.654104767124863, -9.616336685432033], [30.65065813529728, -9.627546239982468], [30.67091538480433, -9.66101197703551], [30.701412290384926, -9.67395002205845], [30.730279905365023, -9.6783920250665], [30.888206665312627, -9.677912312135685], [30.925260486441395, -9.690372051562642], [30.962932602708857, -9.664037107193957], [30.967811281151693, -9.66493480470267]]]}}, {"id": "107012", "type": "Feature", "properties": {"DIST_CODE": "107012", "DISTRICT": "Lupososhi", "PROVINCE": "Northern", "Area_km": 4122.39113876}, "geometry": {"type": "Polygon", "coordinates": [[[29.822420799292747, -10.222496023671434], [29.843077711964682, -10.228819196376259], [29.843991003961214, -10.23746009151434], [29.825583491625338, -10.259796641247636], [29.831806801623095, -10.275709296905237], [29.82262887785866, -10.277127923770065], [29.815944319793406, -10.28702321065594], [29.824799642369666, -10.291724915948908], [29.820199739007286, -10.319190747093927], [29.82557065200499, -10.334669843987703], [29.84720158997319, -10.363489781141936], [29.868070945226663, -10.37182995601268], [29.885448141135594, -10.389767636832323], [29.89141915479425, -10.390622095359195], [29.893358887885572, -10.396771104909057], [29.900797524139623, -10.397062365375893], [29.899967681141433, -10.403929480079952], [29.909006744227575, -10.417972904871224], [29.924723257010143, -10.428835753230707], [29.925454218851765, -10.440305613158966], [29.92077815721792, -10.445056858705575], [29.93391947137211, -10.465225249830423], [29.919794289979396, -10.493161017853664], [29.905788355449047, -10.501535257940288], [29.868831708677824, -10.50720630654748], [29.86050279795974, -10.513213294822137], [29.85123639642799, -10.528942120235463], [29.851094061066185, -10.542183215308892], [29.834691122218832, -10.572045429180168], [29.848661446632978, -10.561982647126696], [29.867187268888408, -10.557589782685184], [29.8878716277872, -10.579221046332163], [29.88654397169619, -10.591151493060424], [29.87074132485093, -10.622512585883829], [29.887845140961048, -10.678210973668957], [29.91844321930051, -10.68220010127473], [29.969952786575174, -10.652902378362983], [29.988614871581095, -10.668539618808925], [30.017297273712533, -10.683425962817958], [30.01554976482068, -10.707431401823515], [30.021792190967673, -10.725189842746458], [30.012296312999975, -10.749699203218317], [29.99696280861691, -10.77103334540901], [29.995873117142974, -10.804675514205597], [29.984120021699614, -10.828375689278058], [29.94683702956208, -10.839460608955662], [29.872888511280692, -10.892277426300673], [29.866680969411117, -10.872416866274396], [29.841292690324867, -10.859794641076514], [29.822667081411055, -10.841151394379052], [29.819437326249215, -10.8296627896018], [29.81350557435841, -10.826388003255904], [29.81008083267766, -10.80949215266572], [29.778635469650425, -10.795194919699158], [29.772564334261773, -10.775544672959427], [29.75948804555775, -10.777073922197332], [29.759410211029937, -10.772486152945351], [29.744232373905824, -10.763233943119783], [29.73761639412769, -10.750005082032052], [29.71449938126982, -10.745569841989012], [29.706482370109956, -10.733181414211884], [29.69924370961793, -10.732340206713642], [29.692627729839792, -10.724845706202148], [29.672390616069812, -10.715897946294769], [29.6593921591986, -10.715974422592723], [29.655189066850053, -10.710926853701537], [29.65005195298145, -10.714750777441173], [29.645226179918943, -10.70840303682916], [29.615776798892856, -10.709534993987921], [29.610557354428472, -10.715644332661734], [29.604140000244495, -10.714131021915255], [29.601630102849093, -10.741901878386873], [29.586815999871714, -10.76156131711297], [29.587329388853238, -10.777196043795204], [29.579949434146783, -10.771403164400622], [29.547910202970062, -10.775797728856205], [29.541136331704323, -10.786024353785079], [29.53134392704787, -10.783666191143968], [29.52564650608878, -10.790117708840196], [29.51918519284636, -10.787358613363251], [29.497547057576124, -10.794690096013902], [29.48470759981527, -10.812402771440137], [29.477809181626988, -10.809266918229113], [29.464939111077882, -10.81246515214704], [29.437695309669984, -10.829445623226073], [29.431419043986228, -10.842016937870937], [29.418565324571926, -10.84822676570833], [29.401537948804254, -10.847343457269266], [29.384390782693476, -10.8598365221775], [29.371302550887737, -10.87911914098624], [29.358551510707034, -10.881112438847842], [29.361955082689818, -10.88620999321977], [29.359906455819733, -10.917780437936518], [29.395142138017434, -10.957890660440105], [29.38805914927591, -11.001673729306837], [29.42946739923422, -11.037734481175802], [29.419660181358733, -11.065846572172891], [29.42370760285507, -11.069284005689207], [29.418959667015333, -11.072797785309067], [29.42590316895278, -11.100431919328768], [29.407984921341473, -11.100524617907867], [29.385412754669716, -11.11083557871539], [29.35365605173469, -11.077304531090638], [29.334508627642013, -11.080589063952376], [29.291076664689754, -11.067603487872598], [29.286484397905564, -11.053318689359664], [29.269360684111913, -11.042929307698827], [29.248189547923584, -11.013516199963284], [29.20650887577053, -10.982762990309313], [29.191992635276733, -10.963927456422072], [29.169031295067732, -10.956973668252985], [29.13220786935143, -10.965997391135078], [29.118280993752638, -10.964574975226267], [29.09731675933719, -10.954821084148941], [29.080048617107092, -10.937721971047266], [29.095379659207953, -10.909294743621597], [29.13946916199877, -10.89986588529819], [29.201711893712897, -10.856421628092292], [29.202670220949578, -10.841183203309244], [29.194684180107448, -10.833653342391681], [29.19146008073867, -10.819678502175405], [29.201300000883766, -10.789304601628068], [29.187942427206394, -10.766399576374127], [29.188631696439064, -10.755845400258481], [29.199455803622918, -10.73772607917474], [29.22357054921571, -10.725581824933947], [29.225044158184197, -10.720607659159441], [29.236800252203977, -10.717796151957675], [29.251022501054727, -10.704890628646282], [29.25565724557543, -10.705871508151695], [29.25962649028587, -10.698117809271686], [29.262977767742687, -10.701107209939552], [29.271486683775723, -10.688869162574683], [29.293947373113973, -10.68186242442854], [29.321530538273258, -10.652457779860866], [29.329514675585305, -10.632099815106178], [29.328693828316347, -10.618969111714014], [29.339202121083957, -10.599515650969442], [29.363799755159423, -10.599824033226218], [29.384221196937524, -10.617934026887651], [29.396905779753492, -10.620025984582156], [29.410837252929934, -10.587267738143506], [29.406146866760544, -10.574965686619915], [29.409470581209487, -10.557363463236412], [29.431476228042264, -10.513599053709125], [29.465369289114605, -10.503480154349976], [29.453177151059293, -10.498691672254356], [29.447686751348996, -10.485351744930032], [29.432627363383297, -10.483706416699441], [29.41947416721283, -10.46215741407261], [29.4245723984027, -10.459135294307993], [29.427764038945316, -10.444522502668658], [29.45225693484854, -10.430111999972075], [29.454271270329254, -10.413170332198138], [29.461318474681427, -10.406402758076059], [29.468454809876107, -10.386765442034388], [29.457236326112824, -10.37086766598864], [29.47187620802736, -10.367465514779184], [29.475298796446364, -10.359011215757809], [29.485167259661335, -10.354522115589774], [29.493165893985406, -10.336966545717635], [29.50437245620654, -10.3283452808388], [29.519227409173155, -10.325071673170124], [29.523715327653907, -10.317383227228584], [29.535853495825297, -10.314709586147858], [29.541320118926624, -10.305028539150944], [29.586146426201676, -10.283654351384524], [29.632018521587746, -10.282905993560767], [29.647657816086813, -10.259565730944734], [29.646783655602345, -10.243289784273173], [29.783990635181215, -10.200903455717613], [29.799478966000123, -10.20343901976693], [29.80588269633449, -10.211038947685903], [29.819327631173252, -10.212963853628686], [29.822420799292747, -10.222496023671434]]]}}, {"id": "105006", "type": "Feature", "properties": {"DIST_CODE": "105006", "DISTRICT": "Lusaka", "PROVINCE": "Lusaka", "Area_km": 418.723730205}, "geometry": {"type": "Polygon", "coordinates": [[[28.43665249582042, -15.491256993869474], [28.420980469407347, -15.478355181335461], [28.340096511568195, -15.477176532274854], [28.340555912699426, -15.490379346848378], [28.331560454735488, -15.490577172055566], [28.33101609274131, -15.47615656566676], [28.310096474052738, -15.477287301020086], [28.309300158875878, -15.54010059236457], [28.294224553624346, -15.537419359655786], [28.287862231132983, -15.549041939697348], [28.268361295721505, -15.539030762915278], [28.26536685335005, -15.54491052233185], [28.25275875579228, -15.5457812959736], [28.247360178277095, -15.533739310713445], [28.23659110637912, -15.543416425647221], [28.224236124424042, -15.519558211969123], [28.237309031869327, -15.51487204868341], [28.225554590749677, -15.481583837986484], [28.22952015685903, -15.480736744622305], [28.202149756776453, -15.409807150625827], [28.206073023914012, -15.377256256147053], [28.22474196396389, -15.332605423323676], [28.24903199063157, -15.343936873297913], [28.276434397687694, -15.338792138998345], [28.27514781975799, -15.31913558258778], [28.30924532391429, -15.303968594666788], [28.30891252774592, -15.31781765534594], [28.332886317789193, -15.321292917589496], [28.34565343422022, -15.342400183960327], [28.34407818177565, -15.349260044814002], [28.378881689880046, -15.361952048676129], [28.38178624772246, -15.3568065976617], [28.403549860569903, -15.365555830846514], [28.401093658174005, -15.370430416370068], [28.412085680247408, -15.390458079915511], [28.425557639104856, -15.446861973656553], [28.44896856455403, -15.458610538110282], [28.489509996857013, -15.466233242584059], [28.477994038682365, -15.490113418860311], [28.43665249582042, -15.491256993869474]]]}}, {"id": "103014", "type": "Feature", "properties": {"DIST_CODE": "103014", "DISTRICT": "Lusangazi", "PROVINCE": "Eastern", "Area_km": 3705.96475886}, "geometry": {"type": "Polygon", "coordinates": [[[31.465973871644014, -13.427333226293328], [31.46711601387214, -13.431116569022949], [31.486853641815234, -13.435006987294711], [31.556601277700626, -13.429397129133344], [31.556312357945686, -13.442688040332364], [31.564512293046874, -13.442318171399327], [31.562111731347184, -13.45015463479985], [31.566878513895702, -13.454923354404606], [31.561541301901208, -13.45803707096572], [31.566508798638456, -13.465295156884658], [31.55633612548391, -13.482168198286534], [31.56149910912364, -13.485944319730871], [31.55754828767703, -13.511126956135227], [31.569429756824732, -13.52045944699704], [31.575255391056704, -13.534028000660074], [31.5696699307359, -13.545604785811403], [31.572816556782925, -13.558708805918087], [31.56263462284159, -13.55722721611378], [31.565819524143244, -13.573816500744194], [31.588907383277512, -13.596894425075014], [31.600013725651674, -13.591684425991831], [31.62509672666166, -13.600384668223448], [31.6418952032668, -13.596410881237238], [31.758149851008376, -13.80863585701451], [31.875437938893782, -13.8095762870108], [31.866402082270636, -13.830638565033592], [31.86849366092782, -13.836592818958332], [31.861315746969485, -13.846331626771931], [31.864880935648195, -13.850670110604911], [31.85580158895312, -13.847623947695896], [31.850667716192856, -13.86377737563178], [31.842871837850346, -13.867884782123514], [31.838641144728278, -13.8859749681723], [31.833507273254618, -13.890266563642205], [31.837072463913323, -13.901987291784865], [31.822954315929643, -13.928564384972482], [31.82718500633759, -13.934516127283144], [31.809311527223784, -13.953016301832848], [31.814588005631666, -13.95606107610802], [31.81088021020997, -13.964872242181105], [31.798093065253536, -13.968285901971083], [31.79985189198566, -13.974605651099804], [31.799519142170748, -13.975113069346708], [31.79928146207153, -13.97589725675023], [31.79909131902547, -13.976312415079352], [31.798283208200495, -13.976865959493017], [31.79814060174812, -13.977373370688369], [31.797903821887537, -13.97810862998715], [31.703448421899385, -13.978581743204355], [31.70351980498354, -13.958023200972248], [31.584808497289444, -13.959308107940656], [31.585379565789424, -14.05489105826237], [31.546543393893437, -14.056959077369077], [31.546662234731237, -14.078169787964312], [31.49342207992061, -14.078285057897206], [31.493497632138904, -14.123719339233565], [31.489087122781438, -14.116700187071162], [31.457727301147354, -14.101911370924244], [31.41717482491599, -14.10076700111976], [31.40455164925945, -14.091349165614801], [31.390384940867573, -14.099129118823871], [31.37122331315823, -14.093255013348822], [31.36609615499912, -14.097204191120966], [31.339093882328488, -14.085266241799317], [31.336072781011968, -14.074082099235614], [31.321873601902492, -14.066462893954343], [31.313494186944883, -14.067347845353204], [31.31379051513318, -14.072607119187735], [31.306336615191515, -14.078987946296545], [31.305454513857423, -14.095203514337236], [31.319173497286517, -14.106229151645737], [31.31529113296921, -14.151438339604047], [31.309323613392394, -14.158815909136738], [31.284389494213436, -14.163181070426775], [31.286423493308632, -14.179110023646158], [31.301133285288124, -14.18930208555446], [31.30990469831284, -14.204763025262553], [31.245357680345908, -14.216371772801283], [31.24272364963498, -14.226889657892745], [31.276486312731734, -14.244549359554735], [31.259874097989453, -14.259435271892617], [31.261770993843886, -14.265110426283387], [31.25159473791139, -14.294270734729668], [31.225744459548558, -14.292660781846], [31.211796471883083, -14.288572492901382], [31.21564315335985, -14.260705684334638], [31.200759723415743, -14.2411838580998], [31.203433393482964, -14.235741631566345], [31.19228802627175, -14.212106601785107], [31.19049387347249, -14.194906798087578], [31.1773367537822, -14.189302085780854], [31.15720574223964, -14.169070500034366], [31.148146610828572, -14.175769510139867], [31.139968478325624, -14.176382057832202], [31.13954728632334, -14.178117600521482], [31.137757223161948, -14.1810101427152], [31.136283053063256, -14.181418498078438], [31.135300273420537, -14.182609532224069], [31.13438769177169, -14.18349429606713], [31.13287842319083, -14.184379056643705], [31.14062293988247, -14.175258647295527], [31.09824106116769, -14.179900434071268], [31.089685556691883, -14.165805743864558], [31.077759034788844, -14.169183747213722], [31.071681770578547, -14.163128735058345], [31.064988099019406, -14.163648195180619], [31.057193745058303, -14.137461651076498], [31.049852395856355, -14.135717372244956], [31.042489938266776, -14.124509901231614], [31.029956772157707, -14.124067300339085], [31.036928769291713, -14.10191564494875], [31.069395035880774, -14.059279047147927], [31.10097201982553, -14.04206439497057], [31.09971757632718, -14.025162417073888], [31.11046139318872, -14.024430976028759], [31.129841351922902, -14.00296635311957], [31.1403452987355, -14.002572110318976], [31.173404197774957, -13.98122142305276], [31.165891131628623, -13.972543541902692], [31.125521516703916, -13.96604910507773], [31.12196535865696, -13.955750521354592], [31.12503765995866, -13.948490024927086], [31.11756179905604, -13.950001237314629], [31.097062598981214, -13.933710884160904], [31.093392862563714, -13.912689947187257], [31.096882390949784, -13.89404295278465], [31.083513668082748, -13.892805193798834], [31.080058031005873, -13.87687021215848], [31.063148880308365, -13.861696205072718], [31.0668229413936, -13.849968490607582], [31.061927299977913, -13.845902374902801], [31.056055217207504, -13.848198891116075], [31.048085960226263, -13.840859373697173], [31.045761574880288, -13.832184960782612], [31.050252679626706, -13.830559108807183], [31.042622815180675, -13.824431012235452], [31.042202294079907, -13.802906351880772], [31.031525125240954, -13.802723987124313], [31.024295888040335, -13.788947905841853], [31.04568214112714, -13.76782548560191], [31.053073518743158, -13.76755788402351], [31.065492261609364, -13.777830508218397], [31.077554484195595, -13.775118119111548], [31.07274147711375, -13.74989715334086], [31.108918552048426, -13.729085818226597], [31.120752686788354, -13.728944948962377], [31.130887131859996, -13.708009412226033], [31.14202744896025, -13.702555057874063], [31.144639451783103, -13.696271938960605], [31.133052590185905, -13.687034926049012], [31.12835842460751, -13.6760077709828], [31.124674395312113, -13.644078067012849], [31.144983935675963, -13.617980347878506], [31.196441197090422, -13.58847581899609], [31.216885853189208, -13.602163693872182], [31.26676061662354, -13.53415633033114], [31.282091825892387, -13.524013954318944], [31.30595291763689, -13.524463098154277], [31.315726920191764, -13.491032867042867], [31.326184806093377, -13.479823243895892], [31.33840394462346, -13.474027878172869], [31.362541831873877, -13.473967061844247], [31.373245299716164, -13.459482791027892], [31.38558431419056, -13.45399843018358], [31.39990505527112, -13.457207814034124], [31.406605649846348, -13.463652128097786], [31.420626144887507, -13.463763435822726], [31.42818460504151, -13.45718779833], [31.426256086672307, -13.438491178084], [31.432387780171197, -13.429082129806355], [31.465973871644014, -13.427333226293328]]]}}, {"id": "107004", "type": "Feature", "properties": {"DIST_CODE": "107004", "DISTRICT": "Luwingu", "PROVINCE": "Northern", "Area_km": 4904.27531851}, "geometry": {"type": "Polygon", "coordinates": [[[30.286701435430228, -10.327565889809089], [30.29132397993102, -10.334938632116987], [30.29639856297103, -10.334216861571113], [30.312164604366767, -10.346466569051074], [30.32031700421637, -10.344900006398442], [30.322598724139706, -10.3572919932754], [30.33056097938976, -10.357716997880715], [30.336907012730048, -10.376580432388804], [30.36258017903393, -10.384552639995139], [30.362673848165244, -10.400252149009926], [30.36984935799115, -10.414312192220727], [30.39000323296858, -10.420216355373547], [30.39495553823042, -10.427492150097745], [30.403053149830818, -10.426561174365192], [30.406879785193276, -10.44025889403979], [30.414703616346255, -10.441141320834708], [30.41985707326482, -10.448252847218065], [30.42002275673918, -10.45713474203866], [30.43524650765577, -10.457615731767742], [30.436898673854994, -10.467372052163888], [30.44305456798561, -10.46407652739955], [30.45212089494066, -10.467966929686861], [30.45854068266075, -10.482445950873782], [30.47145724012748, -10.48401274907622], [30.47623459309784, -10.49546439483697], [30.474681527244154, -10.506252235355289], [30.481298963191353, -10.509254319865406], [30.482385110811503, -10.519296816285406], [30.48987155091342, -10.522167643857966], [30.486740012154876, -10.527643583401455], [30.49244431600566, -10.528414721046264], [30.48892666337172, -10.540355424953335], [30.503686543140226, -10.538088831147842], [30.506229540758877, -10.545264114131694], [30.52053619890699, -10.553498655583939], [30.53314703632634, -10.550885329998462], [30.559420959061345, -10.561973394937121], [30.56779707894256, -10.560290487047993], [30.569045966257885, -10.565707418962432], [30.598956645657065, -10.57920601689368], [30.60374714367498, -10.569846879234959], [30.615485938837352, -10.566060418579069], [30.631137666019914, -10.574534808780403], [30.648745861009232, -10.571349429038122], [30.652475373218135, -10.576458043886714], [30.663998827833826, -10.566969126131552], [30.67704741878271, -10.564562538276999], [30.707850650773498, -10.57082430227028], [30.70770804232382, -10.584842716403935], [30.70187613997345, -10.591542984725482], [30.713125820429894, -10.599776285735361], [30.714485692801947, -10.616013710747136], [30.708183402026084, -10.628809646683033], [30.692258889729388, -10.641377140678653], [30.691450779672838, -10.676016818565003], [30.700648966735166, -10.688885988261758], [30.69976950529223, -10.701143544223976], [30.709803111195736, -10.709261486726577], [30.708706294284998, -10.729521873004394], [30.71452943536641, -10.736667618310081], [30.71905635690017, -10.7593502030452], [30.72932780255493, -10.760311236246519], [30.735492745415446, -10.775078948845385], [30.73220136223187, -10.788600303793547], [30.762865510762147, -10.81304638085061], [30.777561972166538, -10.83357861382718], [30.78455528927976, -10.864959852274737], [30.779505595861355, -10.86569547875144], [30.776470412196808, -10.8825113314001], [30.78545392436411, -10.894525461781338], [30.770740576429016, -10.917939947093762], [30.77867906315497, -10.927694954069926], [30.77817993403027, -10.940039942260116], [30.76620089881821, -10.947554029686836], [30.761670632856653, -10.980246823821268], [30.75604579217928, -10.98258760637905], [30.744072961630863, -11.010856146365427], [30.735397667725746, -11.016058774358541], [30.734898541296012, -11.026090490805137], [30.7273508693294, -11.030361614616165], [30.627237940132684, -11.031776287343487], [30.61067401869485, -11.028350464947314], [30.601263922650254, -11.018000970053368], [30.592930058621707, -11.024548857623733], [30.566602739127894, -11.01869751478202], [30.56362566388586, -11.003489478036784], [30.552098792977105, -10.992663467685558], [30.559594014110925, -10.980251740245059], [30.54867715767062, -10.965914220622981], [30.552676986423204, -10.952836754610935], [30.57591013527766, -10.923608266956611], [30.565392827017806, -10.87459596425444], [30.568660915089417, -10.852362727679246], [30.549022668593505, -10.807891296423252], [30.531315562803183, -10.793299491835283], [30.509449073092778, -10.789914095374437], [30.495663676761314, -10.79645138290265], [30.482234799308273, -10.811509951279936], [30.46417117463956, -10.813961274916233], [30.443803496132944, -10.823480798107767], [30.443300145824722, -10.81979286034387], [30.38062898509372, -10.809023196058428], [30.35537298023808, -10.797831153265602], [30.32878445401589, -10.79716309401381], [30.32511806642202, -10.771399638862842], [30.311301270378117, -10.745266541945806], [30.249407814426238, -10.741619800581962], [30.231037939704155, -10.727776285079647], [30.216785803005575, -10.73841717505975], [30.204762954262176, -10.736775638379765], [30.199392335013588, -10.743696314328952], [30.18861217880329, -10.74231983861084], [30.167791300235812, -10.77003931297908], [30.149227639144005, -10.778909006968048], [30.14303975420945, -10.789651691373574], [30.14058794727022, -10.813238372889911], [30.132065009433926, -10.823062424751061], [30.129963462810466, -10.800585134377926], [30.1225302164481, -10.795653665401815], [30.117393099884545, -10.782273305132808], [30.122919389087077, -10.758722430350895], [30.116653668726418, -10.737731544147733], [30.11034902705945, -10.726987009879748], [30.09746732512406, -10.723851519897579], [30.09197995363461, -10.690773974313567], [30.070133650865248, -10.674276536086056], [30.02100265088469, -10.724184097825372], [30.01554976482068, -10.707431401823515], [30.017297273712533, -10.683425962817958], [29.988614871581095, -10.668539618808925], [29.974825207353756, -10.65382323171391], [29.963470169785825, -10.65386766279032], [29.91572620273993, -10.68300108091541], [29.887845140961048, -10.678210973668957], [29.87074132485093, -10.622512585883829], [29.88654397169619, -10.591151493060424], [29.8878716277872, -10.579221046332163], [29.867187268888408, -10.557589782685184], [29.848661446632978, -10.561982647126696], [29.835056939558708, -10.573313259955679], [29.835355985123524, -10.566571070947166], [29.850999384923426, -10.542394406058776], [29.85123639642799, -10.528942120235463], [29.86050279795974, -10.513213294822137], [29.868831708677824, -10.50720630654748], [29.905788355449047, -10.501535257940288], [29.919794289979396, -10.493161017853664], [29.93391947137211, -10.465225249830423], [29.92077815721792, -10.445056858705575], [29.925454218851765, -10.440305613158966], [29.924723257010143, -10.428835753230707], [29.909006744227575, -10.417972904871224], [29.899967681141433, -10.403929480079952], [29.900797524139623, -10.397062365375893], [29.893358887885572, -10.396771104909057], [29.89141915479425, -10.390622095359195], [29.885448141135594, -10.389767636832323], [29.868070945226663, -10.37182995601268], [29.84720158997319, -10.363489781141936], [29.82733222402264, -10.33775550105205], [29.820199739007286, -10.319190747093927], [29.824799642369666, -10.291724915948908], [29.815944319793406, -10.28702321065594], [29.82262887785866, -10.277127923770065], [29.831806801623095, -10.275709296905237], [29.825638014871505, -10.259413722969475], [29.843991003961214, -10.23746009151434], [29.83722349456432, -10.222673792139805], [29.847985632366633, -10.201883488227194], [29.882185366598883, -10.182533849569277], [29.89619135772308, -10.162882608209385], [29.904636596677193, -10.14180624517115], [29.90687080919676, -10.111017893422215], [29.92204568727034, -10.06879907783691], [29.978451628002297, -10.0732446528554], [29.985330478188768, -10.085246254010224], [29.98442007966576, -10.095454810772075], [29.97809761722021, -10.102077562401151], [29.98386366497539, -10.11592050971346], [29.98199238261043, -10.125729667860025], [29.986431336619987, -10.128557706661141], [30.015793216347497, -10.135577285691996], [30.02861669757104, -10.130386457315781], [30.039564928570968, -10.140507185291638], [30.086681413407756, -10.146607871949785], [30.08477705597233, -10.156739454179556], [30.111720900025393, -10.166532239775696], [30.133453450028632, -10.169751786011291], [30.13996118371332, -10.166050472776618], [30.166842770923942, -10.179035839960655], [30.1841742866024, -10.17592058056485], [30.195243816216834, -10.19636482998139], [30.19224868932913, -10.207964215143148], [30.199650251213104, -10.22004653267529], [30.199511815437937, -10.235111357262388], [30.209196530058144, -10.241013592121456], [30.210700125689144, -10.250891066644577], [30.216271392639587, -10.255036599365877], [30.23115865441371, -10.257168350959327], [30.235769819056507, -10.26933691476323], [30.270729870277258, -10.282273651437265], [30.273968430725482, -10.288070040801411], [30.270331376718904, -10.3026646461087], [30.280474479170717, -10.320376683737601], [30.279038859057284, -10.327100256693909], [30.286701435430228, -10.327565889809089]]]}}, {"id": "106004", "type": "Feature", "properties": {"DIST_CODE": "106004", "DISTRICT": "Mafinga", "PROVINCE": "Muchinga", "Area_km": 4191.26311255}, "geometry": {"type": "Polygon", "coordinates": [[[33.37401563486568, -9.90504113024015], [33.37766252542465, -9.918099998617118], [33.35682932017483, -9.932709446199732], [33.350933129891146, -9.956294203638942], [33.353226091331955, -9.966317728829226], [33.33090214983446, -10.00796141899143], [33.325317383900206, -10.04388427686319], [33.31613921669232, -10.057156025419346], [33.315917969722655, -10.069274902027502], [33.34355650164618, -10.083725731015525], [33.35096359176242, -10.092938528422746], [33.347720687061475, -10.106352358656313], [33.35206912592473, -10.109116199325614], [33.35789161303259, -10.099571741181885], [33.363345587854745, -10.104546651642142], [33.385050936871174, -10.100345616322786], [33.395185013949316, -10.110037477214677], [33.40649832926389, -10.11154837515849], [33.40502428101922, -10.115786264403292], [33.416448149300855, -10.128426220396898], [33.435758171154895, -10.14099247570985], [33.43763758237489, -10.161960798711432], [33.45359414386597, -10.163287444036913], [33.45411006160503, -10.172463388040894], [33.4586059050232, -10.16966269824488], [33.498515742629735, -10.17721718975035], [33.56025907123302, -10.20847431504545], [33.56693506116709, -10.228262313937176], [33.56433931357661, -10.246525396677075], [33.55410775042549, -10.25752659273669], [33.54591344326958, -10.299041396954985], [33.539258397556374, -10.303613910640514], [33.53851318394277, -10.319091795845068], [33.54272460996223, -10.346008301393006], [33.55608112183092, -10.354633793120374], [33.54958050819316, -10.371567800272432], [33.56397713621024, -10.379309382083656], [33.566150212086484, -10.385375886403867], [33.56121551739748, -10.39664871591492], [33.567372565863266, -10.399863056960008], [33.56153242506342, -10.407831002040592], [33.573484342831996, -10.41991873411625], [33.57398233828279, -10.438887877401408], [33.588514780791044, -10.436397894983035], [33.58914859702122, -10.441242041883031], [33.6086610057155, -10.453193957570221], [33.62265018127589, -10.450341797282027], [33.63392301221554, -10.459396278359039], [33.63867661372977, -10.469718388801834], [33.634602098146146, -10.48515628233368], [33.622604908880504, -10.496610201741767], [33.63365137694499, -10.495931114787867], [33.644581384721064, -10.506883974929275], [33.65172621169011, -10.52477508280885], [33.66601586293324, -10.533604463205338], [33.67165040272077, -10.52669198827804], [33.67490333082364, -10.528608894194813], [33.67002393732185, -10.541504434418433], [33.67362539378865, -10.550508078150218], [33.68164154166753, -10.55300586116603], [33.67774964280138, -10.573917548892913], [33.683093741986156, -10.576473421382936], [33.69487979212575, -10.571658199036099], [33.66239049061861, -10.597849484825582], [33.65388159524685, -10.59035523565183], [33.637828038162944, -10.599147816805221], [33.629592546844506, -10.597322441428771], [33.62252996692795, -10.59470067130923], [33.61810745657966, -10.581890909312147], [33.6119135583226, -10.583023661342846], [33.58353684569582, -10.61516381307036], [33.57748698870131, -10.644752416906886], [33.544841587845625, -10.681465595017928], [33.527647693170366, -10.716800675012328], [33.45116021609584, -10.753455198128059], [33.41782650001829, -10.780196314077948], [33.41383443181144, -10.788201116329173], [33.379750414960796, -10.796230308093579], [33.366667517351225, -10.789969777790935], [33.3605493928867, -10.791916036826171], [33.3549570891889, -10.76807582112405], [33.34741275176861, -10.773414120024059], [33.33965738481672, -10.76341120873667], [33.32509628964418, -10.76662461700183], [33.32092844179745, -10.750142587733619], [33.31238171297915, -10.746410682570952], [33.30689492090307, -10.75045357693858], [33.28901009780684, -10.74755099385629], [33.2855808546682, -10.751075557917254], [33.28515879470668, -10.743767223415215], [33.27355212465463, -10.745996025260796], [33.27634827740185, -10.751282883154316], [33.26848739613332, -10.752475006019008], [33.26242027262074, -10.76631364270891], [33.247806421188194, -10.769993471951999], [33.24242514612367, -10.779633378828343], [33.24775366223324, -10.785593378964881], [33.24139950812274, -10.787076113937744], [33.228173214241, -10.760717280795658], [33.23339621693221, -10.755430588231164], [33.23012524886181, -10.737392933635588], [33.23482067996983, -10.715466406152299], [33.22379435123571, -10.671764118274734], [33.22891183781369, -10.666454990986166], [33.22817323400393, -10.654343664984872], [33.22463847475203, -10.653306701435556], [33.23054732768793, -10.642573923609818], [33.226304430989124, -10.622797831872866], [33.21930996672731, -10.616336652808963], [33.21879358366096, -10.599332770128711], [33.223899879925405, -10.597927739102934], [33.221684064902895, -10.581073536431537], [33.22838428329848, -10.56743392131635], [33.2226337072274, -10.548866469926194], [33.22585192532601, -10.541293948698685], [33.21250425377802, -10.522984273302985], [33.21424525617227, -10.511987573114622], [33.20596231494221, -10.504414144347077], [33.20627886328205, -10.49419491081677], [33.19725731644561, -10.480810835254651], [33.197626622842044, -10.460059186667591], [33.214506509613095, -10.416414660784751], [33.207974440567334, -10.415489168604585], [33.187683106283444, -10.431701659658748], [33.168273926591695, -10.418579100975576], [33.144714356014134, -10.42620849521303], [33.12408447364913, -10.419494627795073], [33.0941162122402, -10.426574705775423], [33.039916991986814, -10.423095703063861], [33.03143987092494, -10.414362882223092], [33.03263822081902, -10.349347260563848], [33.00541654132331, -10.327966374071481], [32.99107083520642, -10.337695557441439], [32.98772565910703, -10.320058579578813], [32.99933647308749, -10.316580815411646], [32.992364366994764, -10.307068915608184], [33.002144683920775, -10.30134828063814], [32.99752981193079, -10.298382304054385], [33.00167596995497, -10.292601530101566], [32.996599147414955, -10.273317311809437], [33.00803959141023, -10.269438674821663], [33.01047099311779, -10.260751867802199], [33.02241352888152, -10.260577406317877], [33.0230521870311, -10.245347533747575], [33.033691408353064, -10.241088866809143], [33.033874511957436, -10.230895996009027], [33.04272460903368, -10.224182127728307], [33.037902834372524, -10.216979979128258], [33.04949951156535, -10.205078124242569], [33.04327392613498, -10.200988769310515], [33.04272461083031, -10.192993164188385], [33.049682618762986, -10.18768310475551], [33.04968261696636, -10.169494628188373], [33.06072997975285, -10.15789795040264], [33.05792236360428, -10.147888183711988], [33.06152343738878, -10.12908935500538], [33.06372070399732, -10.12268066274274], [33.077087404558, -10.113891600864688], [33.07952880900627, -10.09899902122543], [33.091491699696036, -10.078491209899667], [33.08581203663346, -10.067313603676887], [33.076911129946424, -10.062601357927045], [33.0737114548719, -10.052827811271362], [33.077055485619326, -10.047902585946236], [33.0710353673523, -10.042239801313348], [33.07683669194874, -10.030396429079598], [33.07510270090524, -10.019859598136764], [33.08099901335983, -10.019251447739412], [33.0923267601094, -10.004761546015697], [33.090181354140526, -10.000468878420891], [33.097718551750944, -10.005447873823876], [33.104262669899605, -10.000995412964585], [33.09880318031994, -9.991551132062435], [33.08870248104448, -9.991983326257117], [33.09678789262503, -9.968499783299315], [33.09525661540858, -9.958483189290325], [33.102809555994334, -9.955369542831104], [33.107417257631724, -9.917102020889418], [33.11585279927233, -9.919419457989306], [33.12890310780004, -9.912516051362726], [33.141930910834965, -9.916013693182942], [33.1726850948112, -9.887184567022643], [33.180823805234205, -9.888843301013946], [33.18153674417626, -9.88078613993347], [33.189983447384314, -9.88377103564723], [33.18678537939582, -9.875480950764729], [33.193709634928325, -9.875131891420635], [33.192976132651076, -9.870041377067531], [33.19963633020244, -9.865910726671242], [33.209171852620244, -9.864019920847586], [33.21395428466522, -9.870186821123566], [33.22724533809582, -9.872921162729886], [33.23152898956245, -9.869459599316022], [33.234932436679365, -9.875917278185566], [33.24487872094738, -9.875830012393674], [33.26228915362356, -9.853937396210926], [33.284333904120615, -9.84955416337998], [33.29379353776156, -9.858414833127338], [33.30577257207529, -9.854880019327837], [33.32217244137933, -9.862809729826845], [33.34498562873675, -9.877241786073105], [33.35996068016862, -9.895955550315227], [33.37401563486568, -9.90504113024015]]]}}, {"id": "103005", "type": "Feature", "properties": {"DIST_CODE": "103005", "DISTRICT": "Mambwe", "PROVINCE": "Eastern", "Area_km": 5782.63232007}, "geometry": {"type": "Polygon", "coordinates": [[[31.96459804876333, -12.901161805087597], [31.980819659077323, -12.924965732436876], [31.995503782121293, -12.926778045881829], [32.01570418533886, -12.938478048811092], [32.02597871580833, -12.936258774120283], [32.03804093681231, -12.950388832624618], [32.456478473384415, -13.044474719940421], [32.43798705570608, -13.055439722651341], [32.42800612072262, -13.087425271315928], [32.40571916735697, -13.100404775298086], [32.40416717139681, -13.111357198191211], [32.38742943942618, -13.133254147329954], [32.367107861561614, -13.14795157935467], [32.36936581565581, -13.16970679280065], [32.36229485984754, -13.179253017326694], [32.34726164429765, -13.1816250536511], [32.336625498807194, -13.190245181984524], [32.33834867413463, -13.204823496178916], [32.322305323708974, -13.220152931194148], [32.33472406628635, -13.22402852226404], [32.334545807296294, -13.235712764730488], [32.34648918837473, -13.246297513643498], [32.362116598162544, -13.237563683914281], [32.37548605565281, -13.250114850678406], [32.38136861939196, -13.24837970315491], [32.383804830679544, -13.252139171631391], [32.39093520824726, -13.247454289056522], [32.398065585815, -13.255146703011881], [32.40133367568319, -13.251618633966125], [32.409760756092176, -13.25785818095483], [32.41149446326804, -13.271109133033688], [32.42690878368732, -13.296592960037847], [32.427716072683694, -13.311895314376486], [32.42113235679729, -13.324107281313406], [32.421203660572964, -13.335462930898668], [32.430330544757965, -13.351165689098925], [32.43180415462473, -13.379585317053353], [32.402236857141204, -13.405134685606876], [32.3419247010924, -13.423110437671896], [32.35294217962432, -13.439188574784684], [32.350237666714165, -13.455780914295048], [32.291074269962486, -13.469262025374876], [32.261126685974745, -13.468268111731762], [32.256040349377585, -13.45788957420048], [32.24974184769562, -13.456387076395394], [32.25069204607729, -13.44468967406817], [32.257513439119876, -13.435279226208431], [32.25209487229295, -13.433362997840431], [32.24327697442974, -13.39995566564662], [32.23296169278572, -13.392926819193166], [32.23612231090834, -13.389041665812963], [32.23317560321446, -13.378914754764745], [32.21867717182118, -13.36367628918702], [32.11452574499218, -13.46829110516611], [32.113313958098054, -13.48072638710646], [32.116451324227846, -13.486735714570289], [32.118020006394445, -13.482090056142457], [32.119564921833536, -13.482783442727792], [32.12175157215206, -13.495425855979311], [32.1177110227676, -13.502243696686657], [32.125292992411794, -13.50917689629373], [32.12234576998323, -13.533094883270115], [32.129476146652635, -13.530183258354755], [32.13613116541637, -13.542430336084216], [32.141716628443284, -13.540235152011878], [32.148775702235305, -13.5467513234223], [32.1578075141205, -13.544325109595887], [32.15688056324007, -13.548946448226591], [32.16384456742723, -13.54970896042022], [32.16439122910854, -13.559644502354422], [32.176046456695, -13.566519266300684], [32.18186065414941, -13.564080703801318], [32.18357194386738, -13.572929749861412], [32.19298408357921, -13.578966803013067], [32.19581242655635, -13.58713836785135], [32.20192078363877, -13.582818112714936], [32.207720156196075, -13.587970065405822], [32.21235490161508, -13.58637597498995], [32.21886731282747, -13.590257217760835], [32.21782152471643, -13.595524519620017], [32.22761390871163, -13.597441969959888], [32.22618783409639, -13.601346134291903], [32.23816686841013, -13.60421068506964], [32.241660754316634, -13.607421714772713], [32.23978308672666, -13.621974753728727], [32.25332533156855, -13.631210815173509], [32.19184318274418, -13.62814219917011], [32.150178010123064, -13.619087316036428], [32.06176328032273, -13.618087552774325], [32.04881538872053, -13.647688866431407], [32.04503834126008, -13.686627386620053], [32.03530762571081, -13.698351946236246], [32.03998990817802, -13.70998995989752], [32.053038500025195, -13.716155103413184], [32.06016887579631, -13.725598770806748], [32.06555964425673, -13.745159413788404], [32.088191259637334, -13.771703347184442], [32.05534898759722, -13.776111561177366], [32.05055976159377, -13.767508084748812], [32.03473719640369, -13.762954101922556], [32.02917218082926, -13.757745324281174], [32.030314193778636, -13.740967341317434], [32.02322420087284, -13.737593110258278], [32.02136842792125, -13.729457781696171], [32.015896284672465, -13.731445414792073], [32.01589628467248, -13.726314508991981], [32.00771185898471, -13.73019736884329], [32.0048092424016, -13.714665549092418], [31.991771263251152, -13.718363698150581], [31.992770524020358, -13.725066433993902], [31.98185002580989, -13.742642881054797], [31.986013614743847, -13.753758926968812], [31.95886702003285, -13.787612236867163], [31.95032571524225, -13.79013082099624], [31.93447342120618, -13.764716158365735], [31.916362261285876, -13.759129437061782], [31.907401753176433, -13.760999388911353], [31.894163020322885, -13.749017600892818], [31.88872016394902, -13.76450838939562], [31.89330737411645, -13.768640629005565], [31.88969465008104, -13.774504133925324], [31.892784480959246, -13.784891865768717], [31.88708017710847, -13.78692319327736], [31.887507999762523, -13.800172540356135], [31.876051861300922, -13.812174783595742], [31.758149851008376, -13.80863585701451], [31.6418952032668, -13.596410881237238], [31.62509672666166, -13.600384668223448], [31.600013725651674, -13.591684425991831], [31.588907383277512, -13.596894425075014], [31.565819524143244, -13.573816500744194], [31.56263462284159, -13.55722721611378], [31.572816556782925, -13.558708805918087], [31.5696699307359, -13.545604785811403], [31.575255391056704, -13.534028000660074], [31.569429756824732, -13.52045944699704], [31.55754828767703, -13.511126956135227], [31.56149910912364, -13.485944319730871], [31.55633612548391, -13.482168198286534], [31.566508798638456, -13.465295156884658], [31.56139869367712, -13.458430030872467], [31.56674754504518, -13.455687600124008], [31.562111731347184, -13.45015463479985], [31.5652728651569, -13.443728292882255], [31.556573806320923, -13.443173491676374], [31.55588896129102, -13.42881976326471], [31.539867217899598, -13.43079714128243], [31.540720674156688, -13.424267686610584], [31.567286101998025, -13.39734312671573], [31.576246611005857, -13.378706780630996], [31.586585657580667, -13.372602255991076], [31.61810192822654, -13.376625710636734], [31.616937299291582, -13.357849015894919], [31.641917390200963, -13.347234447792996], [31.63281427633675, -13.329704358733894], [31.63357485024339, -13.322118384797331], [31.647859373004586, -13.32207212871532], [31.65969579976698, -13.312751232428965], [31.65872131543161, -13.301718340710195], [31.646861121043422, -13.298202511683916], [31.655726556853164, -13.289690295074143], [31.659672032141167, -13.276852017429503], [31.64769299872577, -13.253903342994215], [31.64833473270685, -13.232086215915343], [31.667372841710925, -13.225700344901115], [31.682560546828437, -13.20816148035693], [31.696274639384196, -13.207235911805002], [31.72111212274223, -13.187034499070313], [31.715027535082196, -13.177199300330013], [31.733257533131404, -13.165766833199559], [31.73779720804725, -13.142506821707473], [31.72795728700384, -13.126443399251164], [31.729977561246884, -13.118457589260121], [31.7342320192634, -13.11361968311737], [31.7516776775768, -13.112809497754537], [31.739056910180267, -13.100725848624572], [31.741956595560655, -13.090516787022873], [31.751773446070928, -13.088456405012161], [31.76420407066449, -13.095002112729063], [31.762064959190806, -13.110338416003597], [31.765396951615113, -13.114234562264352], [31.77937919487646, -13.098648189653561], [31.808970261782434, -13.103393795087754], [31.810396337295973, -13.071214489026966], [31.818989140705153, -13.069188672852363], [31.83695699418477, -13.076655171127062], [31.8442062125764, -13.059927587699011], [31.866666902812945, -13.048929596103406], [31.861556797691666, -13.041520148793719], [31.862982875001833, -13.021548261727048], [31.8700307611753, -13.021374587411], [31.867713388016625, -13.038046892396844], [31.8782537668096, -13.044414491433445], [31.882175476268486, -13.031042343568837], [31.900773876110634, -13.005916968581824], [31.890375408674707, -12.977488647373626], [31.91075640740037, -12.966371189095165], [31.90493326721725, -12.956758818986206], [31.904940557944116, -12.928151001084034], [31.91147673678227, -12.926239846173788], [31.914982503806723, -12.934810977611328], [31.920508548667485, -12.936085040208607], [31.927341826421284, -12.909328372296157], [31.937502614006085, -12.921780424902332], [31.94237503927621, -12.918942569663738], [31.945880808097296, -12.904868650050641], [31.95324886641442, -12.908401681640697], [31.96459804876333, -12.901161805087597]]]}}, {"id": "104006", "type": "Feature", "properties": {"DIST_CODE": "104006", "DISTRICT": "Mansa", "PROVINCE": "Luapula", "Area_km": 7675.62771499}, "geometry": {"type": "Polygon", "coordinates": [[[29.083917721222893, -10.927640982875177], [29.080048617107092, -10.937721971047266], [29.09731675933719, -10.954821084148941], [29.118280993752638, -10.964574975226267], [29.13220786935143, -10.965997391135078], [29.155685445303117, -10.957346676253053], [29.17662021228231, -10.957011877383168], [29.19386068011346, -10.965111874928116], [29.20650887577053, -10.982762990309313], [29.248189547923584, -11.013516199963284], [29.269360684111913, -11.042929307698827], [29.286484397905564, -11.053318689359664], [29.29208851983925, -11.068214586937083], [29.334508627642013, -11.080589063952376], [29.35365605173469, -11.077304531090638], [29.38377821790797, -11.11083557959688], [29.410709151373773, -11.099837207866022], [29.42590316895278, -11.100431919328768], [29.427542841382998, -11.109579898127047], [29.433867498412827, -11.113108116640111], [29.44806791101563, -11.140417752098575], [29.46633122218883, -11.155475153173663], [29.45546094070104, -11.178901923951447], [29.461260324936447, -11.196529051099283], [29.466037687788273, -11.198394292780389], [29.465039433132166, -11.2050391181726], [29.476305452147024, -11.214574758859886], [29.473572135655612, -11.223876950981161], [29.48135745603236, -11.255552465412949], [29.500250565271454, -11.250083201883795], [29.507937125764165, -11.252698714680278], [29.51325639910776, -11.247677469067273], [29.51933149337185, -11.249327916339567], [29.524536544130477, -11.26259021817836], [29.543385814685383, -11.258358250202816], [29.568566035867022, -11.26678602481056], [29.58015449706827, -11.262173416313457], [29.606837939283377, -11.261576286936252], [29.58003793976184, -11.309776286346938], [29.53307842114791, -11.33931112235594], [29.510558266931096, -11.345311845376509], [29.499339783167812, -11.356101176095061], [29.49980657024734, -11.38276600485457], [29.475268088436717, -11.422709524769115], [29.490215207653137, -11.44611951484179], [29.490227027685645, -11.457681691854663], [29.470819146957794, -11.468840181986], [29.460885466053217, -11.488754602254874], [29.451651607789277, -11.49200378321383], [29.44156210511551, -11.517469538968951], [29.452305229176527, -11.559759866865154], [29.467619251796048, -11.59249001867416], [29.39972595704465, -11.600929472061228], [29.32147703820819, -11.590475461893474], [29.297661528623063, -11.560969292156079], [29.286595160180113, -11.555771858571223], [29.268369879184466, -11.5354841889372], [29.260090891439976, -11.564593656425718], [29.23814303322945, -11.581506369148507], [29.22424411679555, -11.59949505410235], [29.20875215229128, -11.605511202747739], [29.17817703219557, -11.603758058695973], [29.174012882712855, -11.599641734338237], [29.181162290191537, -11.596140016573848], [29.166312059668392, -11.583436610802755], [29.17081846907096, -11.566839355240944], [29.167703794385254, -11.558168133021333], [29.1755614848379, -11.556924655896696], [29.18634382575094, -11.545827055914941], [29.17516099522299, -11.542101107685305], [29.17303376217233, -11.532145595296099], [29.146093424243805, -11.526045359992342], [29.131290730768868, -11.514149257632281], [29.11790460863174, -11.47304467868933], [29.127216898803162, -11.447679737259849], [29.12529258529368, -11.436916304426134], [29.087092698915328, -11.430374704437225], [29.063567074774053, -11.416487039935744], [29.043770786771887, -11.4219053700609], [29.01803007165019, -11.43860901390654], [29.006764054432, -11.437141367718901], [28.98015391294741, -11.422604958343904], [28.951289604665863, -11.458652083575114], [28.88580238811422, -11.491127424580005], [28.87236561536812, -11.512338291634805], [28.846170137117014, -11.517808568637804], [28.818636424214116, -11.51424439892175], [28.7858081003154, -11.507227141196935], [28.779428380151955, -11.499135475285893], [28.759974278407785, -11.528524630815639], [28.74750008462459, -11.561302482690355], [28.726480284018916, -11.568387201906388], [28.69940856298854, -11.561238568843988], [28.69153082124045, -11.56919387362841], [28.670329831340286, -11.571825070795768], [28.658303259978346, -11.585702478724366], [28.635518071311687, -11.58552773635445], [28.589527045270188, -11.599660598223366], [28.583466210862923, -11.583176070318554], [28.54819454035831, -11.57335008335749], [28.551223134880246, -11.546471750840139], [28.52370933223728, -11.550402563744644], [28.495815236801946, -11.546024642383339], [28.48883696018153, -11.551278140870261], [28.46094286923778, -11.553867597154957], [28.46014426515355, -11.5495828736528], [28.444661806621664, -11.545153705673924], [28.43491693721675, -11.531064667918416], [28.42766770714708, -11.538307219612001], [28.411220270252134, -11.539797626402484], [28.40206959957674, -11.53621132392765], [28.400287000693265, -11.53008655898456], [28.395200655112927, -11.533929107746864], [28.389947932558837, -11.5316934487367], [28.389525241081696, -11.517291203224124], [28.398271837864158, -11.50494757871743], [28.396703154799265, -11.473317485337985], [28.422610193894112, -11.449091744866742], [28.42184961998747, -11.435254188664048], [28.43321068974251, -11.416383705736227], [28.427221171687343, -11.387726130347968], [28.456408183565003, -11.37057679999129], [28.461922341019605, -11.343778904666435], [28.452320100725643, -11.331800598043074], [28.45626557691198, -11.312690198372488], [28.453746176239182, -11.298706171735235], [28.457121222220106, -11.292552982658375], [28.471286905055724, -11.286026730065666], [28.476230634101537, -11.259640510806157], [28.489540669832405, -11.240059065602612], [28.480461322695625, -11.220616173793788], [28.481126825200818, -11.200705668873749], [28.498667554915688, -11.179068342275734], [28.49971334302674, -11.14660932834983], [28.49600554669154, -11.131544501597153], [28.478084531370808, -11.10994866999042], [28.476801063408622, -11.102485377381745], [28.493200930916032, -11.084339446666434], [28.497669301157877, -11.04781093770397], [28.512643094050045, -11.020283258196589], [28.51031383707851, -10.970213609014099], [28.514164240965066, -10.963213447333892], [28.54030895811442, -10.947719165657205], [28.543476345042674, -10.923341235869236], [28.563095987429065, -10.941789735659295], [28.57896823933579, -10.945556122867021], [28.583203690797554, -10.955622925058842], [28.589164699020536, -10.954866875642152], [28.58982069375678, -10.964093333769656], [28.607846325078853, -10.969329465328606], [28.613514988270733, -10.976154496561556], [28.626417046030483, -10.978909138151803], [28.635904922703965, -10.987063097352767], [28.642845171841753, -10.982947248309612], [28.65232383898696, -10.989928290569232], [28.65803765869153, -10.987436413061047], [28.667269140013254, -10.999708938862778], [28.680816884341326, -10.999279642694864], [28.68922124096687, -11.009806557720257], [28.710070506297328, -11.008005437086542], [28.729360591840287, -11.016189716079353], [28.735939643673706, -11.040454926316762], [28.746290839962786, -11.048994882334654], [28.764304951289645, -11.051248459268432], [28.767345576049845, -11.041648635311118], [28.77843095823409, -11.034220911002041], [28.76379830057108, -11.011816567043045], [28.76988007830088, -10.985345519604886], [28.73155340819491, -10.969968693021476], [28.72730763958212, -10.960055003037738], [28.740790824685686, -10.898875692573618], [28.757142771564236, -10.87656407971167], [28.756167395201807, -10.849630163676236], [28.760355785722425, -10.832386675834947], [28.767470316110195, -10.824891646918731], [28.768789951144026, -10.803363529898746], [28.764945805820076, -10.794796938434898], [28.773265217752353, -10.794176977608045], [28.779232243789423, -10.768024767768244], [28.772748840974185, -10.74395596502787], [28.77727800200798, -10.734244517386871], [28.773593949942356, -10.69916208492049], [28.796528268827625, -10.700809744944417], [28.814351948992353, -10.715640847957458], [28.821006967756116, -10.714029455677936], [28.821981452989792, -10.708354480176624], [28.86390807488449, -10.71358573662609], [28.866950368714495, -10.703309969939333], [28.87351031607678, -10.708681438392501], [28.87391437110507, -10.71877019509678], [28.878454044224295, -10.708891623423977], [28.88660644227724, -10.712698296571993], [28.894203869232523, -10.69557615036396], [28.90241329233972, -10.693765280750847], [28.917871981449203, -10.652302310955676], [28.926162250237045, -10.647275546798426], [28.934604635243517, -10.649181615791468], [28.936943402678953, -10.642585069752702], [28.964572245373844, -10.661330190664662], [28.968479698569137, -10.656523140583921], [28.976836519044774, -10.660265078628788], [28.98064414785248, -10.654280759900898], [28.99417763232373, -10.663838797094341], [28.99922595042144, -10.658429152593529], [29.003960531007866, -10.662451357108967], [29.00986449261707, -10.65820491614232], [29.028931161758976, -10.665786806431523], [29.037587458092474, -10.663011939665038], [29.039141882198845, -10.671112232676856], [29.047883743063142, -10.668407488437797], [29.04621523111904, -10.677937054168687], [29.052147716933476, -10.683080091927264], [29.058565070219135, -10.679380475864454], [29.05618351872163, -10.688629431079816], [29.068818573822732, -10.70796724123409], [29.065966417405768, -10.713852418819226], [29.078268063687478, -10.722071806716425], [29.04067418529138, -10.775214976433253], [29.04262263204092, -10.784173182987962], [29.03243532169735, -10.824520668209], [29.044444531319815, -10.84009177118928], [29.04441531541181, -10.860400757221734], [29.062532576689485, -10.865636406841782], [29.080792149972797, -10.883019826704926], [29.083917721222893, -10.927640982875177]]]}}, {"id": "108005", "type": "Feature", "properties": {"DIST_CODE": "108005", "DISTRICT": "Manyinga", "PROVINCE": "North-Western", "Area_km": 7432.335388569999}, "geometry": {"type": "Polygon", "coordinates": [[[24.10251476610353, -12.490232206655325], [24.11820361257194, -12.49670025902389], [24.137483755561323, -12.49751330839104], [24.132171199819425, -12.521534067779632], [24.145411613420823, -12.555717694340073], [24.14768317699157, -12.587895452763119], [24.153703167697813, -12.581542950160127], [24.18415420530002, -12.578781700146855], [24.228310985617366, -12.558903055824347], [24.300153699260857, -12.514302286151967], [24.319625849057385, -12.52406313097454], [24.323213375349088, -12.545360256171113], [24.336811336399883, -12.550395653171732], [24.353433067121195, -12.547715713848008], [24.388672188968105, -12.521238052770757], [24.396582939311312, -12.525737009989834], [24.413899539362767, -12.504438237974828], [24.425826716630127, -12.501291216699686], [24.42639266963213, -12.510853426227424], [24.432983252240554, -12.511131537244584], [24.42870359378538, -12.518262005772323], [24.439870007601538, -12.520854649290019], [24.44070578576883, -12.527388581355737], [24.44817342862341, -12.527603036782256], [24.45354671227516, -12.545343616734376], [24.468777618272995, -12.550507799666306], [24.464195465620634, -12.556225628664851], [24.479014132039673, -12.551345269740118], [24.478098578983534, -12.55540055623719], [24.486940012707205, -12.559595297399017], [24.488673980394484, -12.553945962982148], [24.495444447943594, -12.55338773913702], [24.496712700241485, -12.563153047961828], [24.491883280018943, -12.569299405825403], [24.50192586817701, -12.570158235388968], [24.50336486775255, -12.56479288009978], [24.514239398271606, -12.577827036606955], [24.51288807875939, -12.586731346111975], [24.532604419396243, -12.583949571415456], [24.53121562935687, -12.589196098595062], [24.52642700432633, -12.586020168422852], [24.52078513608275, -12.590605689618714], [24.521601995730148, -12.59678098920601], [24.528227559634043, -12.591152701876267], [24.536200811161475, -12.594740484076608], [24.544373614446116, -12.587619881254454], [24.549732744242224, -12.589701067431836], [24.55333605483181, -12.599846476831413], [24.558470256362252, -12.600012962971563], [24.557274260952536, -12.605500525129635], [24.543369689623933, -12.606138021638287], [24.55143033824534, -12.610849867710051], [24.54860334184284, -12.618880363716897], [24.56830284625464, -12.63103780789031], [24.57300458443427, -12.62551038391223], [24.576952418698237, -12.641719712829236], [24.584812690909, -12.647876288301967], [24.591141870956285, -12.640676081738105], [24.594002603589267, -12.645072929097152], [24.58925284506782, -12.65398281904756], [24.59677486833642, -12.654590802350263], [24.607434783249314, -12.669304789941915], [24.60021924539265, -12.672693504631601], [24.606956749262444, -12.676125536881473], [24.609037655295605, -12.69136176996432], [24.61448167768271, -12.689055308735634], [24.61922110108681, -12.693818711822711], [24.62071844713839, -12.688704845135456], [24.625510289934265, -12.690139459793128], [24.620707593693112, -12.69756773438697], [24.628200054304067, -12.699266631419942], [24.61929034592385, -12.717706204771316], [24.625243571143248, -12.71881408401349], [24.62338208221151, -12.724581896839627], [24.629507297078554, -12.724039826137245], [24.629859821148866, -12.731455925272936], [24.6203948182775, -12.732826365685323], [24.63414287164258, -12.742161342033324], [24.63200087028864, -12.746874974726493], [24.638344971352744, -12.752146409210315], [24.633826953920067, -12.758893221708009], [24.646595961304804, -12.768049897378498], [24.649607148273116, -12.77921274020185], [24.64033132521068, -12.783935339164346], [24.6576996143236, -12.797119949649261], [24.653187408990842, -12.810874538043299], [24.665264079396152, -12.82219475380924], [24.655750854061974, -12.823448943621536], [24.66814090534743, -12.83520227389941], [24.66541005293486, -12.84070073184368], [24.67540162936119, -12.83254111190746], [24.688839685799845, -12.839090966992194], [24.687574512028412, -12.844220089601091], [24.694843737697997, -12.848659234681325], [24.690517927396773, -12.855411136025776], [24.695601901424727, -12.864992715366073], [24.68926740963923, -12.869750680071713], [24.698433374132293, -12.884162696669673], [24.71267983707154, -12.885974509858075], [24.71089724088298, -12.89535791878181], [24.717626401200377, -12.900251849210786], [24.71470011041626, -12.9065364630257], [24.730112928852385, -12.920562887067662], [24.722068166936783, -12.924895988309835], [24.726288690195123, -12.942204395762921], [24.719417365195806, -12.949681032105829], [24.725157996916682, -12.952693332570526], [24.725662153013683, -12.947365467163685], [24.735211148364183, -12.954232606342742], [24.729649452963027, -12.956664712263821], [24.727296430162312, -12.953329247866819], [24.721877343210856, -12.959513720269483], [24.72765362816707, -12.968154260641889], [24.72772425281638, -12.981957195071608], [24.736210083044934, -12.987319848873637], [24.734211917239318, -12.993764156853588], [24.712286984933137, -12.987168239718416], [24.713147641043943, -12.993626655566908], [24.7171886683321, -12.991639510661093], [24.712858096061563, -13.010594496858609], [24.685476766176937, -13.01329128986908], [24.67364034121118, -13.04680952286445], [24.667520777645564, -13.053027467903114], [24.658452636093646, -13.049136528318792], [24.656472744715877, -13.058444924364967], [24.660549640834997, -13.059270795769162], [24.657518551691563, -13.060769083891307], [24.653140504356582, -13.056916204006704], [24.652534420915845, -13.069731296689996], [24.645476028046815, -13.06929247176424], [24.644465889577784, -13.074617438869383], [24.639474625280414, -13.072823168979022], [24.635100648211967, -13.078100684813009], [24.634483361881358, -13.08370434308797], [24.642151990204347, -13.087017041050379], [24.633948584012916, -13.09336966130303], [24.64565428613854, -13.098462610821745], [24.642761117137255, -13.103404393059328], [24.649612833710584, -13.107438681254267], [24.65424203023603, -13.120607704315237], [24.639124811427298, -13.122549390396431], [24.63460497131292, -13.133505070712193], [24.610551451296633, -13.14380155523888], [24.59198285126738, -13.17178972842946], [24.598827090264255, -13.185432677070237], [24.570516955376448, -13.187635233404729], [24.554144261906444, -13.203106809379083], [24.535556439726708, -13.20451326643136], [24.533437622093626, -13.213514405832905], [24.545317729436704, -13.212978917687916], [24.553175207886948, -13.232465493297594], [24.54250157390304, -13.252547530670526], [24.572924579576743, -13.253981897074413], [24.593679235239815, -13.273756105988124], [24.60972387115462, -13.272783639926063], [24.61621056000716, -13.265839868161175], [24.607565242883105, -13.351099507915528], [24.634419474596665, -13.351009760052198], [24.651747266758253, -13.385181585217257], [24.666406259432136, -13.396550297188895], [24.673248232877874, -13.409804855194697], [24.64632569416838, -13.448791731908388], [24.638314060323847, -13.495817603727984], [24.63045187919308, -13.51271688407569], [24.619557074596358, -13.519604932407757], [24.618173566650867, -13.53487625632766], [24.624099572917125, -13.552336346710176], [24.615187361830575, -13.578643393018238], [24.593866817844155, -13.594264038719682], [24.579586843253274, -13.614253954099647], [24.507896832428322, -13.648089444240755], [24.484400870657733, -13.673179549779789], [24.468403981098565, -13.654214081097814], [24.25390330264734, -13.584650021364702], [24.274500196180224, -13.539594955279162], [24.291638802244652, -13.533816079066963], [24.29929207296957, -13.522169394086148], [24.305804485080266, -13.520690410375511], [24.314075723058792, -13.503958754282747], [24.345056260927077, -13.505554346711165], [24.262329102058743, -13.3819890811646], [24.190018621273754, -13.401248995350386], [24.14944983527035, -13.319690805311192], [24.177381465013198, -13.295983521313234], [24.165418761173008, -13.257467886668211], [24.04814022075783, -13.177342023320785], [24.024552800609815, -13.167217469078944], [24.014963602955437, -13.156096534159063], [23.998138181040115, -13.101202333345336], [23.946899416297697, -12.997589665817875], [24.056017493585315, -12.998319201930247], [24.024333868598674, -12.972175325024349], [24.029858202168782, -12.954480249015283], [24.02410746080772, -12.940557179030565], [23.995897136832816, -12.929104818905712], [23.987316308864678, -12.907699188231916], [23.977060067196085, -12.901056449954785], [23.93977081829257, -12.894148697159514], [23.92609583029943, -12.881016822794], [23.922541238042687, -12.861439116813793], [23.90886625004955, -12.857598440721002], [23.90730404114289, -12.846848649613465], [23.89360641201136, -12.841065203407458], [23.901123128033294, -12.820954554929974], [23.896844031025182, -12.811284978991964], [23.901823264185946, -12.774677433269744], [23.899311871095616, -12.761054609968683], [23.90549227036887, -12.758758624690248], [23.911372324215115, -12.731035746816], [23.929809815128625, -12.706651968998509], [23.931246942615147, -12.697116940742058], [23.92395240242082, -12.6927768346458], [23.91941987270473, -12.678969732021853], [23.934152343975622, -12.652876251939318], [23.951110841418853, -12.59768732226379], [23.95217840379408, -12.574464184407573], [23.94606003858107, -12.557741991020528], [23.947447547622822, -12.538058513588819], [23.955700242577258, -12.530234466364329], [23.95558759923054, -12.520992264757213], [24.004797906077634, -12.499409517610038], [24.02394552510473, -12.504015193342392], [24.10251476610353, -12.490232206655325]]]}}, {"id": "102007", "type": "Feature", "properties": {"DIST_CODE": "102007", "DISTRICT": "Masaiti", "PROVINCE": "Copperbelt", "Area_km": 3679.70055419}, "geometry": {"type": "Polygon", "coordinates": [[[29.0440230588565, -13.404597557799757], [29.072643380215258, -13.403785096778163], [29.02874463916665, -13.430546890317558], [28.951298629141206, -13.510311827974181], [28.935855028135233, -13.520834791728966], [28.906442263338477, -13.529376966194526], [28.84571668912115, -13.57688537114778], [28.843163022211844, -13.583031955281344], [28.83621644084958, -13.584317398284083], [28.8331155615917, -13.594851859940448], [28.70103444897411, -13.633490228629332], [28.711435339166382, -13.643088845722996], [28.712136140970657, -13.656170188400237], [28.699072912872527, -13.66240135064175], [28.686492039657796, -13.676032709739141], [28.675148404405757, -13.701555367208291], [28.656526671722382, -13.71617489357132], [28.644191780588624, -13.733514965167341], [28.653533859793196, -13.830230514599029], [28.650989505718428, -13.859980933655978], [28.553643133373587, -13.859625209858084], [28.539589559387103, -13.868260993376177], [28.53314530155868, -13.71007417128378], [28.50633484025735, -13.682696309353739], [28.47948845263283, -13.66909101669494], [28.478894253903313, -13.652173511628858], [28.468139269385585, -13.634273125795405], [28.462494386395903, -13.60944130968718], [28.46397988187222, -13.584895676706553], [28.47366531065309, -13.551913898311533], [28.467545069757772, -13.535998981740292], [28.475655874016443, -13.525022561424581], [28.494655359056562, -13.513265672691851], [28.50168175303684, -13.47549239328147], [28.50979255639722, -13.466867980391756], [28.50575200970773, -13.45377908228866], [28.511812832436906, -13.446136336854936], [28.506910697185397, -13.431326921749509], [28.509629153745358, -13.423669010177598], [28.500849875354525, -13.410317656397542], [28.50756431497936, -13.40320819102978], [28.502335370830835, -13.397601389848596], [28.500909295317296, -13.383034660050068], [28.50581142967051, -13.372889451820175], [28.498770182945318, -13.369507621113563], [28.49761149726428, -13.375201787239016], [28.48899562422027, -13.375577539769004], [28.4882825855652, -13.37017242915742], [28.480676850990164, -13.372051224282034], [28.470813159626008, -13.362830533368264], [28.4650197294243, -13.368611571106518], [28.454324161276123, -13.369189667956354], [28.447936534141522, -13.358899346597163], [28.428060605099517, -13.358176696889418], [28.423544699606097, -13.347452294365784], [28.41121508787125, -13.340716781618145], [28.397489109705965, -13.342133277924745], [28.38468414096381, -13.311662307221738], [28.380019685563433, -13.306747272988519], [28.377405214387487, -13.31053474870291], [28.37226540018311, -13.304752320736586], [28.359906077568592, -13.303104301880209], [28.353845258432678, -13.280377869295474], [28.347784436601803, -13.279770643766494], [28.33358310232751, -13.2691295207754], [28.332246154961524, -13.261929148137458], [28.319144087303755, -13.255480439896814], [28.312162256948085, -13.262391830277359], [28.304110874448813, -13.262970179090779], [28.303486964839596, -13.267943933269096], [28.29846599235743, -13.266787253565594], [28.292613141294648, -13.276156186034152], [28.274816907356804, -13.270228353365027], [28.263319173304307, -13.258487930836777], [28.255624306988462, -13.260714605953606], [28.244364252787097, -13.24813506660752], [28.233579553796446, -13.257533634384632], [28.222676021168425, -13.256608254232168], [28.215723901692424, -13.249118318241662], [28.211594225058757, -13.255769624881077], [28.199324033286715, -13.248771290404157], [28.191777717776187, -13.254612889001782], [28.18393430155339, -13.248308583227775], [28.169435868363486, -13.254381539766758], [28.173595254978554, -13.262102653168755], [28.155620762050653, -13.267249927331783], [28.152964383568378, -13.248469922733282], [28.145358646298416, -13.242732286041553], [28.161972426031156, -13.241829986164655], [28.16938801870156, -13.234727134653955], [28.163848255668093, -13.213620733207993], [28.169292946401782, -13.197589973752168], [28.163802556572985, -13.19340156490362], [28.172168865952965, -13.188241163272464], [28.164444289655748, -13.185047674719614], [28.16841353167126, -13.179354833273573], [28.160475044945308, -13.175929805949686], [28.154461762857597, -13.165747014173329], [28.174260443971697, -13.157322748946786], [28.167605425207967, -13.152578185152262], [28.17713636172625, -13.140311327702962], [28.1801271838871, -13.12659516004486], [28.295513215645514, -13.181495827213187], [28.39456419603919, -13.222472532369414], [28.403581527980315, -13.227958893914627], [28.402816666414793, -13.236736814990154], [28.4148129376022, -13.237246237899333], [28.434565915129607, -13.223557046733168], [28.44969472040888, -13.219513764261952], [28.4846167558251, -13.226136649663884], [28.492849096751847, -13.217828623170657], [28.50210796501161, -13.215927925790435], [28.502752059765275, -13.210245338974591], [28.55132086439664, -13.19501927862443], [28.583706773407773, -13.160566083081493], [28.580908983930115, -13.15088382122828], [28.59193911433452, -13.127440976822076], [28.58658507259617, -13.125069126599916], [28.583424980886306, -13.115405068895637], [28.61012119355152, -13.108506128172042], [28.632451611902226, -13.081039179410247], [28.677973458650587, -13.138892894069446], [28.685775735626645, -13.131596560598888], [28.689439024931087, -13.112464609854127], [28.72178551676592, -13.09267054630536], [28.741950080796915, -13.095878580971958], [28.79260124403724, -13.087916988050807], [28.77306294230319, -13.01720488203836], [28.711220395675088, -13.00917407172874], [28.71729265934769, -12.974204290278376], [28.69537576696334, -12.973090284004266], [28.680365540199862, -12.962503160054444], [28.669902215298723, -12.969422993125335], [28.65999001221428, -12.897553570989292], [28.649770048110113, -12.870735754357959], [28.63138994696684, -12.873901616311164], [28.626628055799156, -12.853331046852464], [28.62614252357459, -12.824611633564292], [28.634548315707963, -12.817293578709286], [28.653641474370946, -12.814717572868796], [28.675496534816013, -12.846623062353904], [28.692248079282418, -12.853179285401497], [28.69939300237119, -12.866818018943743], [28.712421982199107, -12.865822944703437], [28.718306037141634, -12.879460990828523], [28.728993400077986, -12.881333972092076], [28.727612447839483, -12.891693633303978], [28.74424391001029, -12.924291573998849], [28.75186916497642, -12.927159053019533], [28.753910572086564, -12.941671503325423], [28.781169354698424, -12.937516816220272], [28.7856724609957, -12.95577351556803], [28.793396679763436, -12.962711184247045], [28.800862928432704, -12.983390086862142], [28.807227314354268, -12.988187568154952], [28.81719418172038, -12.986490907589921], [28.82878216861116, -13.026622575089323], [28.828121713739556, -13.06224421991003], [28.83664758906683, -13.063998846618908], [28.841510938657656, -13.071192691787637], [28.823258360555474, -13.079848423589539], [28.824459189799708, -13.08774358787086], [28.84043019530228, -13.096749616162082], [28.847575120187674, -13.110550420111055], [28.8378011462659, -13.127910374337981], [28.842051311233654, -13.137272661959457], [28.838388788192134, -13.145633726826958], [28.844993342298196, -13.146744617778356], [28.847455036095447, -13.155573085290731], [28.866908441645265, -13.150135722347299], [28.86726869212533, -13.158379420193906], [28.87327282936345, -13.163348892290209], [28.895488136695327, -13.155163825779178], [28.91650261837619, -13.185681035962954], [28.92310716978728, -13.215668375748757], [28.91713822584704, -13.226013300597714], [28.939798673555018, -13.274638564660355], [28.94880487896303, -13.323428640854425], [28.960633031343345, -13.33902770565022], [28.9582313764481, -13.360584305093674], [28.96243427116729, -13.37664826975982], [28.97636387225468, -13.379276817435166], [28.9882520644353, -13.369580257632363], [28.99719822824638, -13.368587215215793], [28.996657856568675, -13.37962728596109], [28.983148545761686, -13.389323443097364], [28.989212724596776, -13.39837672724474], [28.986210657325188, -13.403458100005281], [29.00560402127805, -13.42325690597571], [29.0440230588565, -13.404597557799757]]]}}, {"id": "109007", "type": "Feature", "properties": {"DIST_CODE": "109007", "DISTRICT": "Mazabuka", "PROVINCE": "Southern", "Area_km": 3921.2520003}, "geometry": {"type": "Polygon", "coordinates": [[[27.792422605897737, -15.65624542671395], [27.815115416312114, -15.663077124071906], [27.82994836055428, -15.662208205270467], [27.83224088990542, -15.669934601426299], [27.825809845396538, -15.676675141629604], [27.8245471401955, -15.686840288712588], [27.838104571057308, -15.683976007383938], [27.831175842812993, -15.70808784498511], [27.80402586504664, -15.719030043759775], [27.803158252382318, -15.743744251234345], [27.807758648021473, -15.745497187200938], [27.82047030965338, -15.743775458640966], [27.83171988410864, -15.74814743458325], [27.870827963645965, -15.715405083081931], [27.884692244635776, -15.721518055199848], [27.888693953562285, -15.712821753805523], [27.89875273115836, -15.721720939260743], [27.901321116963615, -15.743049600305994], [27.9197920826979, -15.753759194653744], [27.922618178090165, -15.761592135594848], [27.939032445591547, -15.754131552611438], [27.948495735375705, -15.755788269013976], [27.97745223865316, -15.726382628802654], [27.983246373134026, -15.71170739631486], [28.020346497924123, -15.718938688673397], [28.022625416900407, -15.737822160950387], [28.020342560608245, -15.762023872893193], [28.016748843127573, -15.7631767306521], [28.03971386912423, -15.837301638960046], [28.07072000358822, -15.845258534003191], [28.072074774427787, -15.853215328874995], [28.082770340779334, -15.859228445646332], [28.091041580554492, -15.874523365304919], [28.161280207629414, -15.931044501704768], [28.102255406552988, -15.970061268104063], [28.051098683148883, -16.024158108421464], [28.0190730892965, -16.023137727715696], [28.00192107407979, -16.02959795036669], [27.9667597813708, -16.02738677714338], [27.944667449808048, -16.017346539806546], [27.903520315848315, -15.986348210278441], [27.914326177350457, -16.028708087992555], [27.90486842478174, -16.03584623925706], [27.905042947678503, -16.04883396669074], [27.896555232784465, -16.063685853048778], [27.893813405654086, -16.08153685997785], [27.914944446438, -16.08877204135393], [27.94790624291995, -16.111206504843896], [27.958889457011978, -16.13380946776087], [27.98124623103479, -16.162254776914178], [27.980473830807426, -16.17704425894033], [28.028156883992214, -16.218732014170378], [28.027722377872447, -16.226128196049494], [28.03434005726309, -16.227975586268762], [28.041049734918612, -16.245153680833702], [28.042003752936886, -16.26444968301221], [28.037062511326102, -16.267500355739152], [28.039855722090753, -16.28033614258716], [28.055021377161296, -16.299805959396387], [28.054395719430524, -16.314647825250628], [28.04372460432271, -16.31856178383171], [27.838895978737757, -16.263361679276127], [27.81308574299626, -16.252202731617583], [27.659694759276174, -16.152499039101123], [27.641203312851733, -16.144896611094524], [27.634191775209583, -16.132510647277737], [27.61660351114147, -16.128046944367462], [27.620667826355056, -16.092995962132502], [27.61149340691853, -16.07869977801422], [27.60538504983608, -16.07883680615891], [27.59749409926004, -16.06894763805209], [27.602271452230397, -16.060199995106665], [27.597018742252732, -16.05951478578745], [27.598658726398344, -16.049213507889256], [27.593263407970994, -16.052456982780452], [27.593262453061847, -16.049105664903344], [27.571603154381823, -16.045986876155744], [27.29965284375546, -15.741330381769599], [27.303226000595867, -15.65505199932484], [27.31628000119941, -15.639244999702909], [27.332389001404305, -15.647764997276418], [27.353873999969778, -15.611452999121502], [27.373156404018726, -15.620768911685483], [27.380524462335885, -15.608980195402102], [27.380405620613676, -15.593299002768232], [27.396567810964875, -15.584713902953379], [27.39169538479641, -15.565481974789225], [27.40108371466167, -15.555979823350706], [27.407976415073197, -15.555979823350706], [27.41177928280988, -15.5785324082796], [27.42770379330995, -15.577960037678379], [27.436022565641725, -15.572007294649492], [27.439944273303958, -15.58631648203476], [27.44933260586418, -15.587003297937102], [27.452778952925815, -15.573381020678058], [27.462999161371727, -15.569488774389672], [27.454205030235983, -15.5642226781259], [27.454799228067206, -15.55632328226127], [27.489619238223344, -15.558155053725905], [27.48474681385154, -15.543958399618434], [27.50185972091231, -15.544645357838526], [27.501503202033927, -15.534913248062448], [27.517190030886237, -15.53239427484014], [27.506850984311406, -15.505828677080508], [27.520042182811647, -15.5051415912947], [27.52527112606184, -15.493575288197373], [27.53311453958968, -15.488879874118409], [27.535847853386134, -15.475823765694098], [27.552841919623063, -15.477656252706588], [27.56032881606914, -15.469753542415807], [27.567696872589643, -15.474220328411247], [27.568291068624205, -15.479717779898506], [27.558783899731722, -15.489910584348923], [27.568528750271998, -15.50697381584261], [27.592296676096534, -15.508118949985766], [27.597525619346726, -15.517852325098753], [27.61309361096841, -15.520256971171564], [27.62367033739441, -15.51327197070723], [27.62949347757749, -15.526325711861347], [27.62723552527993, -15.542126503581748], [27.63650501521964, -15.546362741201568], [27.647913620226255, -15.560673711027897], [27.655519355699592, -15.561933030281201], [27.652025726711294, -15.591288140578229], [27.66324393199681, -15.592612208787376], [27.663719289902446, -15.599480053849492], [27.65979758224021, -15.610239215942602], [27.651478809010104, -15.612642782213438], [27.640545563705754, -15.626262451835045], [27.652786043699766, -15.644115439651747], [27.672869940814905, -15.651553723786366], [27.67191922500363, -15.676155356203004], [27.705907358375747, -15.657046440325018], [27.716365243977865, -15.66219572474988], [27.716484085700042, -15.672493906047443], [27.721118829322418, -15.673866957657943], [27.754869283741737, -15.641712245254514], [27.769130039775465, -15.657160868854726], [27.792422605897737, -15.65624542671395]]]}}, {"id": "107005", "type": "Feature", "properties": {"DIST_CODE": "107005", "DISTRICT": "Mbala", "PROVINCE": "Northern", "Area_km": 3362.74412844}, "geometry": {"type": "Polygon", "coordinates": [[[31.78721863785074, -8.889583824389092], [31.792435804187583, -8.913226411617], [31.790391763217052, -8.928066040746803], [31.812448395730385, -8.971125728344918], [31.816679087019427, -8.990235643716819], [31.830416948997613, -9.007278771904215], [31.83764239706846, -9.03145703718661], [31.835840178080847, -9.068896112918221], [31.80069505414865, -9.060683508917935], [31.78367721938762, -9.067959553003513], [31.763688393673963, -9.094903106787841], [31.70887955690583, -9.116235894060841], [31.682782375008056, -9.118136773621696], [31.659513577409886, -9.108280251303613], [31.626072105719082, -9.11161272558736], [31.585904312387136, -9.127687952887106], [31.523473018006662, -9.109293644726328], [31.443411766949094, -9.135182684259425], [31.429803575883867, -9.195526459301167], [31.400477829092004, -9.247426280023273], [31.402277308218007, -9.259562746781905], [31.414006878580718, -9.27704385710827], [31.47095021666849, -9.276660121134679], [31.43364895908628, -9.309952015592925], [31.408529529594883, -9.318779717763707], [31.38515343272761, -9.344175124338333], [31.364879585049014, -9.339797383262802], [31.349015338928126, -9.326971099248318], [31.32121771716441, -9.327429606931798], [31.294502568013012, -9.316218569578734], [31.278553025059225, -9.302847206714251], [31.263222714187002, -9.252367720177533], [31.246917917182742, -9.245353498389063], [31.22438592406882, -9.245611549411558], [31.125792761974854, -9.17764869977636], [31.134731839874924, -9.154335916604152], [31.166360565221325, -9.10907012333338], [31.177436417178736, -9.061097941629967], [31.166696751631573, -9.031148124250867], [31.17341038726424, -9.00396833191876], [31.16291421636303, -8.995818275251638], [31.146175250107248, -8.999911918094382], [31.14552689015263, -8.982940825189598], [31.135249828230684, -8.96281372799227], [31.137705011937104, -8.934743359414359], [31.15373916091929, -8.942966709885518], [31.16226005778325, -8.93697703915418], [31.157159946419522, -8.926098453015994], [31.16137875389566, -8.920874100885358], [31.160012100141557, -8.902089284695354], [31.147353759809967, -8.859090609083909], [31.151898365578422, -8.849397570722978], [31.16307255700828, -8.8510302312055], [31.16936993399956, -8.873513627748823], [31.205609752123483, -8.876456426255434], [31.22119185897323, -8.862645846188757], [31.204951314868026, -8.8256074745654], [31.218940750041522, -8.821085857835683], [31.261675480196143, -8.828366693269908], [31.271111345312974, -8.828366693269908], [31.2775731598153, -8.822788334187829], [31.287562245213326, -8.82678024243637], [31.30604943541995, -8.815456028874275], [31.302127556179506, -8.810629594852408], [31.3064550220758, -8.806741380283388], [31.334473573703836, -8.789999460585573], [31.333098868349843, -8.774539059837446], [31.32222201478742, -8.760074034637094], [31.307315624287668, -8.755611995222374], [31.289357256119136, -8.73605386031416], [31.26076602400585, -8.733011356562805], [31.25867482417786, -8.72801290189297], [31.24646563070856, -8.727768066121278], [31.23321272333817, -8.716258534851645], [31.216564731267844, -8.71778348975979], [31.20738711832047, -8.69132375539283], [31.22479228417413, -8.678647346727713], [31.226209141176216, -8.67163810604757], [31.22464694933755, -8.641310723208793], [31.211231056133624, -8.583532236682702], [31.227175045702317, -8.588745946262753], [31.23566448356502, -8.598103015405627], [31.244422897685073, -8.591546941913087], [31.25255152631562, -8.598244728122353], [31.263303700004798, -8.623580411363454], [31.278751514109455, -8.632311088163771], [31.294913143013602, -8.629910430840596], [31.294929739388476, -8.624047724246601], [31.31235162827947, -8.606728421286515], [31.325328914554348, -8.608373435441392], [31.325685435229364, -8.616809901125158], [31.331009448084405, -8.611357943832449], [31.334574637766586, -8.614483430991127], [31.340088797017813, -8.61124044626911], [31.347979747593858, -8.61690390205784], [31.355859427906353, -8.60720380473406], [31.3629535386894, -8.607621429020222], [31.35917444307007, -8.594437580838477], [31.363642810616994, -8.589008801654153], [31.37455228739727, -8.587481211067528], [31.376738935919157, -8.601440823571872], [31.388123772401677, -8.607691932322522], [31.391166067130015, -8.623906728168485], [31.40728072133131, -8.637559519294898], [31.45973653170547, -8.639509875166622], [31.476231470614326, -8.65849596831126], [31.484835461642103, -8.68051205803325], [31.491419175731856, -8.684553290368795], [31.537489048702458, -8.678862886581234], [31.541624666793425, -8.686710391682478], [31.55215385976444, -8.68772068892937], [31.562706815869713, -8.702404912651584], [31.569837196132333, -8.703908546174723], [31.58145970887276, -8.737315809649544], [31.567507937364173, -8.771495248726747], [31.573402384916186, -8.802124872570225], [31.56762677998468, -8.813023145883617], [31.57927306124917, -8.836861996827082], [31.584715915826425, -8.843226590858844], [31.595672927858253, -8.845199359079986], [31.602042733315933, -8.856143329271207], [31.61810985136736, -8.86772103578786], [31.65366666780437, -8.881670164010414], [31.668260173294055, -8.902616337940076], [31.67415461904947, -8.904330489571786], [31.679050811047084, -8.916611097867154], [31.693097653957118, -8.916798943627931], [31.700299337097118, -8.924054401636592], [31.717174565205095, -8.919287884844898], [31.73580861558763, -8.923256073018871], [31.754466438087533, -8.908885869153641], [31.76002813259033, -8.89787302665391], [31.78721863785074, -8.889583824389092]]]}}, {"id": "104007", "type": "Feature", "properties": {"DIST_CODE": "104007", "DISTRICT": "Milengi", "PROVINCE": "Luapula", "Area_km": 6066.37603037}, "geometry": {"type": "Polygon", "coordinates": [[[29.435301969581, -11.59630197940955], [29.460223944881356, -11.631895188351539], [29.48686779025711, -11.692858312037004], [29.483945867081907, -11.70717546912091], [29.491504066405334, -11.724525311402068], [29.51284055908128, -11.747266947780899], [29.515451981375143, -11.80576387959601], [29.507745628301784, -11.818815171958619], [29.500597289818316, -11.851379123318274], [29.470972670836474, -11.896880737773603], [29.464234463585868, -11.921613850730376], [29.47058050141775, -11.939682600695207], [29.4960002960991, -11.9581686838077], [29.46804921603372, -11.97372391938957], [29.416248301756227, -11.989108408068178], [29.395461973292882, -12.0087024850952], [29.4250886907392, -12.126786899142212], [29.43599817021441, -12.14836208686004], [29.447513727740454, -12.155297842981623], [29.474823074723034, -12.149198570371636], [29.50131242873453, -12.160246862869057], [29.522667908202294, -12.160943903405872], [29.536893011899014, -12.172375064203896], [29.56132377043574, -12.181983400007653], [29.55853370916448, -12.192552648898328], [29.565500728097742, -12.198218234028435], [29.562268289668168, -12.202585681742487], [29.550859684661557, -12.203236148200864], [29.546201173413372, -12.215130082986372], [29.53003898216388, -12.231901483068656], [29.5058432363802, -12.232551874833167], [29.48245559795815, -12.24960088840853], [29.477369261360984, -12.271944116913744], [29.459638389741514, -12.309844296978323], [29.46144475265754, -12.33510804580884], [29.483501386069207, -12.389528284401335], [29.49842764191317, -12.401460214944715], [29.525808291773128, -12.392453283166972], [29.53117984257471, -12.404199375675722], [29.530324198164884, -12.422165693980089], [29.51458983226437, -12.44064139004123], [29.475040005287745, -12.460229762864534], [29.462157788617684, -12.452060383935512], [29.41314832710182, -12.436834945978731], [29.374847284134248, -12.412760032785632], [29.35750069742028, -12.413681225047208], [29.34257441013529, -12.432157560831401], [29.334303155088783, -12.430904181604193], [29.32989485429164, -12.419261909352208], [29.32228255303189, -12.422220976962192], [29.300129757664, -12.410545396267834], [29.30488335289005, -12.393971087302086], [29.269284870793506, -12.360598745061724], [29.259753915410577, -12.364847427161113], [29.2621651418552, -12.373773751251969], [29.254406122353334, -12.377407329611048], [29.23480892706928, -12.379458885385977], [29.226722449188475, -12.375286223895792], [29.17989583182926, -12.371736004943214], [29.13575870575199, -12.385595610358514], [29.125205726290563, -12.395136719026143], [29.107160058944395, -12.375227816034617], [29.099744465375657, -12.379406606421826], [29.091615834050184, -12.3768064776711], [29.079018833381127, -12.388413989651132], [29.039991899561716, -12.383074599385555], [29.030294587866273, -12.371048962285277], [29.03557106726637, -12.350432297139589], [29.02040713157127, -12.340169791359234], [29.01303907415244, -12.324566300351783], [29.008237950861353, -12.288108095561238], [28.975010392294212, -12.25280616785414], [28.95067203806088, -12.20857919336353], [28.915590581326104, -12.170339203212563], [28.863015930128064, -12.144966742172658], [28.8321176249392, -12.0925877406315], [28.816383259038684, -12.08449991540873], [28.81063142083465, -12.070368878638774], [28.775740106902806, -12.045358834109026], [28.777166183314673, -12.025181745140335], [28.7628103558795, -12.011838001110176], [28.76561497075667, -11.9935690144266], [28.779185036422955, -11.973706061014845], [28.793035280338124, -11.981673080400638], [28.81147549135031, -11.97532923411714], [28.817607615160235, -11.98723331233378], [28.825165815381997, -11.987512306985497], [28.831963442595413, -11.973283169048939], [28.846699557433073, -11.968260938134271], [28.867710402733678, -11.946310847306153], [28.879594364747636, -11.948543143164258], [28.891145578203933, -11.943520453803936], [28.899987244591255, -11.948822176875092], [28.904075329227275, -11.940218452197731], [28.91415292832517, -11.940311465739526], [28.92779571710528, -11.954216805774053], [28.936589850037652, -11.955983989092951], [28.938586354858277, -11.943985521676998], [28.95522390221682, -11.94133462665376], [28.951135821174088, -11.937009425024852], [28.95227137972808, -11.922367420887188], [28.96079217957402, -11.908518585919554], [28.952592247167793, -11.900111269664222], [28.962895642303955, -11.885179788647243], [28.961362610677767, -11.877643964285792], [28.985549808991493, -11.862061437245316], [28.997480094429708, -11.83854022025776], [28.993113175424426, -11.829569631399329], [28.99708788638337, -11.81139721990687], [28.96146767404013, -11.777727253618714], [28.93646381460665, -11.76818739772966], [28.90261828968418, -11.77428363722226], [28.88543971128457, -11.766338435560261], [28.876954544012698, -11.76754839980051], [28.84802892122143, -11.75651893612432], [28.841920553359216, -11.744790921855346], [28.824118341133158, -11.729362236658906], [28.82312721640545, -11.703906513783965], [28.81706875983873, -11.69692428183506], [28.818023175810684, -11.670934460405576], [28.829603223390947, -11.657873408433609], [28.833085883051325, -11.641071619410809], [28.84349584532966, -11.638641819063652], [28.860221367398907, -11.619856506162115], [28.85655159225809, -11.607657067940353], [28.8590470537269, -11.574750567153641], [28.842922861213893, -11.529732482346347], [28.846170137117014, -11.517808568637804], [28.87236561536812, -11.512338291634805], [28.88580238811422, -11.491127424580005], [28.951289604665863, -11.458652083575114], [28.98015391294741, -11.422604958343904], [29.006764054432, -11.437141367718901], [29.01803007165019, -11.43860901390654], [29.043770786771887, -11.4219053700609], [29.063567074774053, -11.416487039935744], [29.087092698915328, -11.430374704437225], [29.12529258529368, -11.436916304426134], [29.127216898803162, -11.447679737259849], [29.11790460863174, -11.47304467868933], [29.131290730768868, -11.514149257632281], [29.146093424243805, -11.526045359992342], [29.17303376217233, -11.532145595296099], [29.17516099522299, -11.542101107685305], [29.18634382575094, -11.545827055914941], [29.1755614848379, -11.556924655896696], [29.167703794385254, -11.558168133021333], [29.17081846907096, -11.566839355240944], [29.166312059668392, -11.583436610802755], [29.181162290191537, -11.596140016573848], [29.174012882712855, -11.599641734338237], [29.17817703219557, -11.603758058695973], [29.20875215229128, -11.605511202747739], [29.22424411679555, -11.59949505410235], [29.23814303322945, -11.581506369148507], [29.260090891439976, -11.564593656425718], [29.268369879184466, -11.5354841889372], [29.286595160180113, -11.555771858571223], [29.297661528623063, -11.560969292156079], [29.32147703820819, -11.590475461893474], [29.396662266242913, -11.60084798469783], [29.435301969581, -11.59630197940955]]]}}, {"id": "110006", "type": "Feature", "properties": {"DIST_CODE": "110006", "DISTRICT": "Mitete", "PROVINCE": "Western", "Area_km": 6423.04827562}, "geometry": {"type": "Polygon", "coordinates": [[[22.00503177695112, -13.71470172437182], [22.01753993513685, -13.72302972886841], [22.040374143970226, -13.728442773029954], [22.04953120705716, -13.74085823424357], [22.062390062139944, -13.743204984991129], [22.072910944796305, -13.752932394623189], [22.08467874296595, -13.751607674761665], [22.11674794912704, -13.765725028762745], [22.122514949994773, -13.756149543210695], [22.128281951760812, -13.757247149068784], [22.12726882998676, -13.75206186557209], [22.138763867296753, -13.747784866319616], [22.147336436154212, -13.753802923054778], [22.154350357925104, -13.752516053756217], [22.162455333914206, -13.767049671317729], [22.173424325878692, -13.769434004121399], [22.19573249116316, -13.755581815346694], [22.211825543576822, -13.763624511962027], [22.222502290223197, -13.76216738575623], [22.227295134640624, -13.75134272797023], [22.24101124660915, -13.744813631634056], [22.276821210988196, -13.752156488110401], [22.29406420398356, -13.770831069703995], [22.308231763399817, -13.771493801923064], [22.316003314399897, -13.781108373295407], [22.31691365632902, -13.797408652312832], [22.326671325828425, -13.794565341805415], [22.331069333729005, -13.800445424566808], [22.338874926386737, -13.80071195315472], [22.344817275703008, -13.794827554348409], [22.35093497436608, -13.804004127248087], [22.369599797436976, -13.811610000844148], [22.389180326277604, -13.833347808324104], [22.397908760023363, -13.83037766328019], [22.404420672670785, -13.837494958109414], [22.411927825228187, -13.836872491432587], [22.418619311999215, -13.85485659367976], [22.428945360850204, -13.857712933379325], [22.43108850306456, -13.867757123868328], [22.443577180385056, -13.874358439693944], [22.450980761681812, -13.870878116103881], [22.459728679886062, -13.87694973715087], [22.476075013192414, -13.873658596294748], [22.487005039833146, -13.882718574769406], [22.48766746560847, -13.88869531873743], [22.514748994445114, -13.906586802261247], [22.508202667339194, -13.912752044771466], [22.51467106200096, -13.916647789009216], [22.52059392775703, -13.913584149935604], [22.527374050398826, -13.918122858301487], [22.526438861068925, -13.922056332729225], [22.533141052164858, -13.92198068962144], [22.536920778401495, -13.930528205867457], [22.543077439693402, -13.92795642060119], [22.554767308113796, -13.940550332814102], [22.562015028115475, -13.933894175673835], [22.57684167606578, -13.94020996675904], [22.582842474266013, -13.933270152575735], [22.58763532227669, -13.947244114570857], [22.599032943582323, -13.945599048644803], [22.600591590668877, -13.941136518686987], [22.609242092868808, -13.943216524351097], [22.610021419106992, -13.95868360425036], [22.627049659952267, -13.948624445929113], [22.629855227941977, -13.962238238224497], [22.63827193191111, -13.962011346588723], [22.638194002161875, -13.975094967898789], [22.654793613665955, -13.97910309539862], [22.656040532772494, -13.985909190606536], [22.6492604092324, -13.994227477759658], [22.652299774554567, -13.999596395382332], [22.66827592830201, -13.983867384316218], [22.67614710516201, -13.99090020022518], [22.68814870425736, -13.990824578830196], [22.700617897119383, -14.005116418421172], [22.710515318425813, -13.992261363649444], [22.709502196651748, -14.002772313876529], [22.71924375306987, -14.00307478009809], [22.727894256168113, -14.010182623399526], [22.72395866683977, -14.00311258921943], [22.728712546831776, -14.002923547037106], [22.75486972630905, -13.92282600870652], [22.800156347403654, -13.92717277806715], [22.853680769385292, -13.875016351994956], [22.963150044829906, -13.940602552653479], [22.980891786064273, -13.964085917685605], [22.99435292291753, -14.00571673260617], [23.028880528753767, -14.008594215775041], [23.066561450307645, -13.991317507322057], [23.090362476355452, -13.990692661690362], [23.098021434314422, -13.986311010844389], [23.101056566774986, -14.008010052035127], [23.12265850802413, -14.036887856066794], [23.14867507959988, -14.040025829299116], [23.17458286429641, -14.032720730708158], [23.17692400238591, -14.02132579733344], [23.2141168854156, -14.01703993284107], [23.221909471366367, -14.0031250028265], [23.241474447674467, -14.03564284270653], [23.24205904970179, -14.066931106780377], [23.2167643139827, -14.121681469350303], [23.19247657712068, -14.13642769034146], [23.17315198818602, -14.20768760336406], [23.182867082032494, -14.23624670520988], [23.184979058994696, -14.273705856729993], [23.19311017236533, -14.29284242038064], [23.20894999958186, -14.303075208654082], [23.209161197098425, -14.323948651309548], [23.232920939270723, -14.365792006261389], [23.233765731133605, -14.38890991603198], [23.212645958816584, -14.420411889371845], [23.179487919970942, -14.444955793700899], [23.163648090059443, -14.46990599012109], [23.16069132303101, -14.506303701255888], [23.143161913885365, -14.5218424762055], [23.125421307223146, -14.526135893155598], [23.12035256323251, -14.56538611894574], [23.112115850205292, -14.578876772420632], [23.10831429131401, -14.607081829191445], [23.090996078786592, -14.61525653181042], [23.082970566869204, -14.627313664915055], [23.072833077091293, -14.657964406273292], [23.078324217013353, -14.677782936374589], [23.071777087711855, -14.695556790100213], [23.06734193716919, -14.700051101408114], [23.049178934575583, -14.701685373026535], [23.039463839830795, -14.710673647403807], [23.044110188788306, -14.731712929732828], [23.018383475706962, -14.776308449643498], [23.021934428888493, -14.805436503039783], [23.001265297332075, -14.822901921984874], [22.99877196127724, -14.835878593974064], [22.991515978571577, -14.834842025386704], [22.87659260074409, -14.731640276697844], [22.885928259689276, -14.727414161242574], [22.887945245200083, -14.712723350835793], [22.904641995129104, -14.697146808095825], [22.9024245074435, -14.685889326616035], [22.91710617359515, -14.68203118627671], [22.923227399044066, -14.67111302712419], [22.90497363157242, -14.657132846134862], [22.90535391807661, -14.64830279714759], [22.91313406775057, -14.638830004071544], [22.900980621931144, -14.630457654888728], [22.89648745189922, -14.615169421012899], [22.906664305852917, -14.596420609395917], [22.89029171119754, -14.591934021943834], [22.886125668066214, -14.562927355969805], [22.87714139233092, -14.545121300855381], [22.878067876087417, -14.531929266686419], [22.861446670880554, -14.517607635259148], [22.875572709266027, -14.497079203652703], [22.868584939249686, -14.478853613424125], [22.876998785677902, -14.452479085332024], [22.874859672407595, -14.429139849572191], [22.866445825979373, -14.413532961246462], [22.851899854842966, -14.400411282175208], [22.842772973352947, -14.379967545728206], [22.83052681061643, -14.378171726359474], [22.82993829283275, -14.373474888952533], [22.817246220762254, -14.366705746343346], [22.80512457979551, -14.369192393967213], [22.78701341897692, -14.362561272210497], [22.77531959976589, -14.34681156970655], [22.752200893583684, -14.344523883781942], [22.741236395890585, -14.326224764852421], [22.731253868194127, -14.318072418414094], [22.718554011323384, -14.315932465580518], [22.716993112160424, -14.30922886315324], [22.70692108082062, -14.306057380736757], [22.699167169139493, -14.288085826020021], [22.679344720399598, -14.280484902123053], [22.672071736178868, -14.271501659421535], [22.651243776192004, -14.273313204131902], [22.628291214319937, -14.286289268048906], [22.625011242435427, -14.267079010913873], [22.620590407445114, -14.264176598638205], [22.60632965230972, -14.268599306729767], [22.600197526703212, -14.263347331370895], [22.537881162780156, -14.254055428132663], [22.531175471847902, -14.246761346359955], [22.505506112604177, -14.253119450044219], [22.486040182742663, -14.249525762911189], [22.47495244517572, -14.245102679824827], [22.47309854610981, -14.238502453255958], [22.452491754040828, -14.23756941987726], [22.44632397789395, -14.23083074088964], [22.420547664334176, -14.2260271488197], [22.40792689514105, -14.214207805314464], [22.375840197883026, -14.215140935148323], [22.35106213358948, -14.206085968992838], [22.324358870945915, -14.166751422967506], [22.299545157010314, -14.152716532136253], [22.25854548509778, -14.114824916975866], [22.213338892216843, -14.085779631309904], [22.195085124745244, -14.079831807124064], [22.18196523091897, -14.08432726905921], [22.140736032264794, -14.063059358570086], [22.085705133755024, -14.047185177327178], [22.059461539042367, -14.03488101526407], [22.05582884994975, -14.028438930387534], [22.043564602329933, -14.029061523274825], [21.99892843695952, -14.005470955945192], [21.997710802931245, -13.71764225972472], [22.00503177695112, -13.71470172437182]]]}}, {"id": "101008", "type": "Feature", "properties": {"DIST_CODE": "101008", "DISTRICT": "Mkushi", "PROVINCE": "Central", "Area_km": 8466.63219764}, "geometry": {"type": "Polygon", "coordinates": [[[29.592537940346496, -13.215176288085832], [29.63293794009451, -13.244576286793109], [29.647337941285507, -13.242676285944373], [29.662037940255455, -13.231676286992496], [29.67013793957792, -13.232576286167408], [29.66933580780961, -13.25354327697654], [29.676233493870935, -13.251162938749774], [29.677637939749044, -13.257576286363394], [29.64632845589171, -13.29439602079637], [29.655380587668645, -13.319804242905574], [29.64601326490626, -13.352263098066336], [29.628906566102426, -13.358622225420254], [29.61051019287607, -13.356402229185973], [29.603737938577872, -13.361076286688274], [29.615637940011194, -13.384076286911673], [29.61133794010472, -13.407376287349852], [29.635737939427816, -13.431676286879139], [29.655645481981306, -13.438019821009046], [29.668118372308967, -13.42244140876248], [29.6720378521493, -13.423594944766956], [29.69769094380154, -13.449323865588921], [29.72645013212686, -13.45903243670579], [29.776053793270556, -13.433257629375042], [29.79570986503666, -13.444261384021866], [29.8147347759926, -13.444506628403827], [29.795120165070095, -13.500393157595958], [29.79518569806838, -13.513615117291378], [29.840108349657672, -13.523122228722883], [29.837868177714515, -13.531649903413983], [29.846454999242223, -13.553734519659526], [29.862039017706902, -13.5629814786566], [29.867858080436918, -13.578564226393869], [29.894919616368604, -13.599139507813733], [29.895760190641226, -13.617891692002885], [29.920275238999366, -13.618818925064984], [29.918548616836155, -13.62583897368449], [29.928743749709223, -13.633096392713428], [29.93162204620268, -13.647437671940583], [29.926539159136205, -13.655875156122105], [29.958458411323544, -13.6695380210411], [29.964031988740963, -13.691846441733375], [29.959238819133354, -13.700874350255948], [29.960837579590603, -13.710483665987958], [29.96998262860893, -13.718520140725957], [29.966621726602167, -13.731100195327715], [29.97849816163235, -13.748300002766468], [29.990999577961876, -13.748722051670732], [30.013545329672713, -13.765740071755333], [30.00867239505779, -13.778518136653503], [30.020844410850778, -13.790133977417796], [30.017120274160543, -13.792894691424216], [30.02139825186784, -13.80716977520965], [30.025031556306434, -13.804786994945008], [30.05192727581309, -13.831315785399253], [30.050126495028206, -13.837333571041837], [30.061511333307404, -13.860641333989182], [30.076413820627256, -13.862325865180155], [30.06811881502292, -13.877993710695282], [30.07875138701518, -13.888595605672593], [30.07301500702052, -13.906765339302936], [30.087085619353005, -13.92593674717774], [30.096250581326267, -13.925811158729964], [30.095657103045582, -13.937068958259776], [30.08738268772587, -13.943144880359418], [30.08484755755248, -13.938302887668227], [30.05511826687373, -13.931265058297972], [30.054501839332502, -13.93554376635609], [30.046716159629685, -13.934118146264499], [30.038136909103137, -13.939810590156736], [30.015868572423447, -13.934621844327928], [30.008548518278445, -13.945524684387395], [29.997203782590205, -13.94227769902299], [29.985597717104334, -13.94722330221518], [29.96956818815766, -13.959283540923062], [29.944925714674774, -13.989729957768796], [29.939800764893434, -13.99025292630342], [29.940590825101, -14.011737645231708], [29.935418914091542, -14.03125546179188], [29.92887796879246, -14.041770046078227], [29.922945482978054, -14.04298749298183], [29.921839859882528, -14.0645015971554], [29.910946134162486, -14.088113257732514], [29.895359948063014, -14.079777830972347], [29.8869263279188, -14.08096862310645], [29.884987427565754, -14.072768803410403], [29.860813375197875, -14.071997186964353], [29.856034727755194, -14.066825329428351], [29.850771186790137, -14.079551713392128], [29.833800026694664, -14.080450129272146], [29.829307604061057, -14.099112129253156], [29.794119475081253, -14.100552368963083], [29.75283974619231, -14.14877003904117], [29.72340959270661, -14.174708478822692], [29.720167288080248, -14.183687169158565], [29.663868019593313, -14.229582347395306], [29.648012406282287, -14.223498886834584], [29.634588254865925, -14.208845380394258], [29.619243652695843, -14.18875286633396], [29.61766070438425, -14.17210145901846], [29.611778134356882, -14.166397850858203], [29.599549510327957, -14.168541042996459], [29.586427915092568, -14.159801545761734], [29.578752909629383, -14.159993402205174], [29.567280137961987, -14.16597919634596], [29.55306387907755, -14.185433025791012], [29.561543754374085, -14.192665860968642], [29.566531914992176, -14.211620872724174], [29.55880026356379, -14.217856076159308], [29.52463136041038, -14.227333580858847], [29.44432195873873, -14.276466971593903], [29.40356869381029, -14.314882669694256], [29.392030092700562, -14.318081597774743], [29.366481058297573, -14.309603569776613], [29.35473167469299, -14.259022145981143], [29.345757705328907, -14.248138199385432], [29.326767134271392, -14.193972193898137], [29.32101529696565, -14.14331952427264], [29.326172933745212, -14.10690162168575], [29.313154722022603, -14.073057126678748], [29.31935786484226, -14.050454262305998], [29.349636203127695, -14.021607749858195], [29.379383459213745, -13.948017537411873], [29.38790557329494, -13.942388230393115], [29.366526029757328, -13.943798300638848], [29.345900390135387, -13.935578180147898], [29.316735078860038, -13.94294422911282], [29.30666342032109, -13.935620140013894], [29.271338341379572, -13.931496632581357], [29.202262808917066, -13.950931257213233], [29.16402258908078, -13.946944650816517], [29.157697225975156, -13.95061970699563], [29.144800249984975, -13.938202456646092], [29.131188199757304, -13.945002379772864], [29.133995921907033, -13.936255329810843], [29.12351793829708, -13.907732427665783], [29.10968868172189, -13.884454668895902], [29.098443374264264, -13.880415163410563], [29.09443470339431, -13.867490952897988], [29.082409633117194, -13.869084217895304], [29.07689720132624, -13.847312284125538], [29.072430119268503, -13.85130962569339], [29.063805389734103, -13.843406061170688], [29.065746393941552, -13.830439978314633], [29.06003465204021, -13.829841397407769], [29.05808487039411, -13.81912454018117], [29.046615277864532, -13.820948345405402], [29.044528236338003, -13.82712268177384], [29.030455285690824, -13.817067209212341], [29.031565826164158, -13.809693547172072], [29.024080596092936, -13.811017858287258], [29.016363917783718, -13.80403995372787], [29.019136411601306, -13.795882388856404], [29.01444679798305, -13.787522180152058], [29.008693208962505, -13.790588007886502], [29.01180379900865, -13.795788201898523], [29.007258880626477, -13.798548657963366], [28.995934588797457, -13.785129871979514], [28.99846174821935, -13.779562302230353], [28.983971877770745, -13.779195246196217], [28.983720559696977, -13.774459380930272], [28.97773130664481, -13.776726562077137], [28.97517701540637, -13.770874434383884], [28.96161209708669, -13.775386376215295], [28.951382230853145, -13.757773238660965], [28.949945794171125, -13.736290207343693], [28.93000083678606, -13.7147601500718], [28.93094530122128, -13.708278104034049], [28.924713138326368, -13.701913263186054], [28.895862789864363, -13.693465925138883], [28.880768798793884, -13.676127252944829], [28.850793617662355, -13.665087522634138], [28.832644347614483, -13.628786480952963], [28.83791888575524, -13.611679430083774], [28.83129151264436, -13.599564880067994], [28.836216440849583, -13.584317398284094], [28.843163022211836, -13.583031955281308], [28.845716689121172, -13.576885371147773], [28.904177405691325, -13.531046942023828], [28.922980295329843, -13.521558966318095], [28.935855028135254, -13.520834791728964], [28.951298629141213, -13.51031182797414], [29.028744639166657, -13.430546890317562], [29.072643380215265, -13.403785096778169], [29.04402305885651, -13.404597557799764], [29.08805658133372, -13.380007479902904], [29.110598764037952, -13.37483169295461], [29.119536595974726, -13.367585401844961], [29.12415751721981, -13.370188178928798], [29.1217254552505, -13.37450635406099], [29.134904196812695, -13.381412318046214], [29.143249214323845, -13.379061058596982], [29.169667499918233, -13.410527577171086], [29.17851412859917, -13.448864430089548], [29.20723794037029, -13.421276286982035], [29.23543793910932, -13.408376286224652], [29.265337940234744, -13.384776286631396], [29.297609220622377, -13.374787326838002], [29.313037940137374, -13.344476287855409], [29.329137939223152, -13.343576285904183], [29.352269839860202, -13.353077382160205], [29.359058021288426, -13.334248193285223], [29.365737938656892, -13.328276287052821], [29.38603793988665, -13.32957628698396], [29.444080222994085, -13.311722520689491], [29.490867037799717, -13.27160333193292], [29.506318255620968, -13.248782615708866], [29.525937941126546, -13.234976287243919], [29.554435089086805, -13.228725281391364], [29.57913794013658, -13.211576287416932], [29.592537940346496, -13.215176288085832]]]}}, {"id": "110007", "type": "Feature", "properties": {"DIST_CODE": "110007", "DISTRICT": "Mongu", "PROVINCE": "Western", "Area_km": 6020.34606727}, "geometry": {"type": "Polygon", "coordinates": [[[23.901487092148752, -15.078796094302318], [24.121520995694773, -15.322387693653951], [23.87670898473607, -15.812683105426924], [23.565937126605277, -15.732587701886503], [23.358444323364782, -15.418002781176412], [23.213537940079636, -15.45897628839223], [23.116609333749256, -15.451150568230434], [23.11279972595299, -15.46896214694792], [23.10443951613378, -15.45899850089096], [23.102987391273626, -15.446100663700497], [23.092337939038877, -15.44347628694835], [22.946459205815454, -15.507869247335982], [22.943283282197044, -15.495761898074205], [22.933395549220954, -15.49085401483516], [22.928330574561212, -15.467090060032692], [22.930909871303875, -15.45963227429604], [22.908212057273378, -15.428803899719345], [22.90846998604931, -15.395484221901985], [22.902795533215407, -15.394738197930918], [22.90202174329431, -15.382801448990337], [22.89634729135873, -15.380314539650684], [22.886803890715857, -15.361413065193455], [22.88964111713278, -15.351464230773397], [22.883708734624648, -15.338530038398215], [22.88706182218676, -15.326092558736109], [22.87493912390288, -15.312161703261348], [22.879323930162048, -15.302210524707842], [22.876228773172553, -15.273349431763583], [22.881387365759597, -15.268870630091662], [22.881903226904747, -15.259912740911508], [22.870296389766047, -15.259663906091884], [22.86307435708993, -15.23975609372229], [22.853530959142024, -15.242244673056952], [22.8411503329805, -15.236520895696419], [22.84424548997005, -15.21710866556813], [22.826190410974643, -15.195952276993967], [22.823353184557654, -15.170561805626516], [22.812520138238447, -15.156869602366578], [22.811746347419007, -15.145666228813107], [22.844833442713394, -15.159158106091512], [22.85733539803208, -15.152505134077472], [22.86565418743188, -15.163195669842475], [22.877119857018624, -15.16875636930937], [22.88303157558033, -15.16678755703172], [22.885408373193332, -15.176192786043627], [22.89733989740832, -15.174908193721151], [22.905977176407223, -15.194251945568013], [22.919515413864694, -15.191095776334004], [22.93065783996779, -15.201408202305943], [22.933345328006645, -15.194013573051496], [23.145690919345167, -15.152893065372835], [23.173889160081192, -15.154296874954182], [23.18432617242936, -15.184692383352314], [23.194091798307216, -15.18798828096991], [23.23931884942039, -15.18060302497833], [23.241088869194936, -15.243713379192542], [23.31768798799467, -15.297729492305058], [23.33331298760263, -15.298583983592723], [23.349487304311847, -15.292175293264055], [23.452270508029923, -15.20361328090141], [23.50848388589762, -15.162109374952214], [23.519104003646774, -15.151611327253672], [23.53387451228172, -15.119689939622655], [23.555114746881706, -15.101318358365889], [23.58691406319884, -15.103210448569648], [23.630676271104086, -15.115112305047768], [23.70897952274388, -15.11672554891502], [23.756451700907338, -15.094389991421371], [23.857801000294163, -15.073838440821703], [23.901487092148752, -15.078796094302318]]]}}, {"id": "109008", "type": "Feature", "properties": {"DIST_CODE": "109008", "DISTRICT": "Monze", "PROVINCE": "Southern", "Area_km": 4784.21643912}, "geometry": {"type": "Polygon", "coordinates": [[[27.267600059696033, -15.719439400031098], [27.280866590017705, -15.72320120240709], [27.27849959482107, -15.730914584671225], [27.28322156036596, -15.730984988637609], [27.283692841716835, -15.73793271466254], [27.280316865979586, -15.740469855729799], [27.288811977601657, -15.740218803686961], [27.303329226005168, -15.753632654955384], [27.302419795866026, -15.74650783379951], [27.30663794218214, -15.74697628819331], [27.571603154381823, -16.045986876155744], [27.593262453061847, -16.049105664903344], [27.593263407970994, -16.052456982780452], [27.598658726398344, -16.049213507889256], [27.597018742252732, -16.05951478578745], [27.602271452230397, -16.060199995106665], [27.59749409926004, -16.06894763805209], [27.60538504983608, -16.07883680615891], [27.61149340691853, -16.07869977801422], [27.620667826355056, -16.092995962132502], [27.61660351114147, -16.128046944367462], [27.634191775209583, -16.132510647277737], [27.641203312851733, -16.144896611094524], [27.659694759276174, -16.152499039101123], [27.81308574299626, -16.252202731617583], [27.838895978737757, -16.263361679276127], [28.106407487169864, -16.334503120710213], [27.765489485932527, -16.452468775424425], [27.651028783595482, -16.475226440054787], [27.607434127660404, -16.475504760993623], [27.59371867325869, -16.49057393882581], [27.57562497838417, -16.50018733365432], [27.522420540798297, -16.48708365284097], [27.517939677685785, -16.49315288967864], [27.472055428992213, -16.494505937715584], [27.461359862640666, -16.498106694225083], [27.460171468774885, -16.505080116712467], [27.45468107714946, -16.50612838893517], [27.45551295213682, -16.512805284103358], [27.44306823477309, -16.507372531774013], [27.426213487355277, -16.52427559807755], [27.413952679384682, -16.524101458755847], [27.40506347415253, -16.531241990338167], [27.39913337606011, -16.52781274570044], [27.39124230061827, -16.537959741198684], [27.36244566871529, -16.516129288579275], [27.356634412345073, -16.519114397013443], [27.323310317224248, -16.515260842897526], [27.308336524332084, -16.50703443311273], [27.28879593728392, -16.504972491243684], [27.27032825938358, -16.49330439298203], [27.175766118243814, -16.473561199150982], [27.155192551263948, -16.4583607602715], [27.11428853375948, -16.449074606764583], [27.089792043696775, -16.41086101742702], [27.096756045189014, -16.402128561910718], [27.091123046910532, -16.398298013573715], [27.09083783090953, -16.38197174160953], [27.09970326671925, -16.374879876069354], [27.104083499655342, -16.34587973280466], [27.08767199716839, -16.348665422807365], [27.073573899083165, -16.341489302782183], [27.052309197069793, -16.346631787277012], [27.041093575338998, -16.34283385538935], [27.04003195801432, -16.33731465403336], [27.035937939107576, -16.339576285028173], [26.998337939591096, -16.25077628741183], [27.035108262297676, -16.22206807578835], [27.059425339933487, -16.16931626262251], [27.057713248020026, -16.15664300032598], [27.065746807944052, -16.146369591908066], [27.066546490006598, -16.12492478200357], [27.086814101580472, -16.10951364117413], [27.080832513852616, -16.086810426598042], [27.08780424175463, -16.046179438069302], [27.180737939405226, -16.019376286891287], [27.18603794029269, -15.83337628640727], [27.210655535832093, -15.738785340022888], [27.22619629143268, -15.728393553574238], [27.237080387212902, -15.727018312344402], [27.24075995399032, -15.72094760390913], [27.247163430101477, -15.729668738344099], [27.257313622955813, -15.72265251612456], [27.26398958863536, -15.73163586122788], [27.267600059696033, -15.719439400031098]]]}}, {"id": "106005", "type": "Feature", "properties": {"DIST_CODE": "106005", "DISTRICT": "Mpika", "PROVINCE": "Muchinga", "Area_km": 17235.3951942}, "geometry": {"type": "Polygon", "coordinates": [[[31.996219326177695, -11.183348030841737], [32.00344543181532, -11.183679263689955], [32.02759294255979, -11.20246706601509], [32.054117944416724, -11.198736676886506], [32.07332241063161, -11.204985159277461], [32.12171391118207, -11.193700630233925], [32.13085470038933, -11.197710928008044], [32.159837644678845, -11.1970581451051], [32.18389144137627, -11.223501265063991], [32.19948319074225, -11.227977398905773], [32.2273391832365, -11.24858536187614], [32.23918824929491, -11.26999802232721], [32.2484762633941, -11.276677813891263], [32.25069809982398, -11.28903681020437], [32.24267400634642, -11.318447485312618], [32.24060875974528, -11.351073761691397], [32.22884393859253, -11.365464981806817], [32.22235344088317, -11.397117572099718], [32.22028439081512, -11.430338719348919], [32.22815319791941, -11.452689563943146], [32.22589361787454, -11.458329759877676], [32.23432637563613, -11.46625183940827], [32.240847904748634, -11.461826821965381], [32.263087992107636, -11.465568797622334], [32.27661454966974, -11.459970532865235], [32.28244367173435, -11.449868066595661], [32.30174779165694, -11.447903342784546], [32.305936270212484, -11.454193277077742], [32.34920636932698, -11.459112582716859], [32.38486006727077, -11.485920216331497], [32.39947224693858, -11.481315727811253], [32.39970696414589, -11.486279651171351], [32.40712120036024, -11.483243247878654], [32.41157591980303, -11.489331080429274], [32.41364101997874, -11.485670473208607], [32.44115837815362, -11.489492179729048], [32.448115282056804, -11.498022847756847], [32.447749668634465, -11.505803658862105], [32.45159437989709, -11.503588437009139], [32.45601920430554, -11.507802459237084], [32.454415184212316, -11.513727092088622], [32.45988010500617, -11.511300193034753], [32.47761700432121, -11.529608976939874], [32.47626933196903, -11.537995675748924], [32.485265957742875, -11.544811913687626], [32.48096797365588, -11.54677467405192], [32.49072948974132, -11.574537344020712], [32.538626500965535, -11.609361684436344], [32.537916145578215, -11.624404729327471], [32.54454524165781, -11.622870645868943], [32.540714585436135, -11.62859458103401], [32.542996290986466, -11.637580548402566], [32.57446499763465, -11.646100706925449], [32.58107245689227, -11.656855230185567], [32.58744226234996, -11.656156909223906], [32.58487532013737, -11.659927876277811], [32.590341938747144, -11.66020721621219], [32.59143524234685, -11.672311217135514], [32.59870821309283, -11.678176822882284], [32.584162233871595, -11.68689349307696], [32.590436939181686, -11.698973066232638], [32.57781618166667, -11.696180128435524], [32.570614488645205, -11.703720920576028], [32.56412585404175, -11.700299642104593], [32.559990205408056, -11.716986634007982], [32.55243200698292, -11.717056439678505], [32.53859905743361, -11.728506321365453], [32.539811209942044, -11.734719795371008], [32.54943720528538, -11.741631259318279], [32.543447672857155, -11.75056700639489], [32.542177310416655, -11.776905037077052], [32.52824777760121, -11.769600154607478], [32.51339234134101, -11.784898869028154], [32.50465837307478, -11.782747221943705], [32.511808161439156, -11.796365941594544], [32.49931057911923, -11.789308456985188], [32.50679745670069, -11.797963488952579], [32.49553145834709, -11.800545963430526], [32.51033844217584, -11.805545060697094], [32.49583512125246, -11.813480889600926], [32.488974109810904, -11.80592025042936], [32.489283034148905, -11.820312733716525], [32.478207228005594, -11.813667411203745], [32.47428363567788, -11.824015258849487], [32.45624564263921, -11.830626651130313], [32.455618676961386, -11.837071134859537], [32.451325684812424, -11.830487064908624], [32.44640572069746, -11.831603680590609], [32.448473513124135, -11.840745872856482], [32.44198487043581, -11.842490518817094], [32.4458504289012, -11.85287163264766], [32.434008837724285, -11.855921092400111], [32.420665000185885, -11.86956613870714], [32.425559915677496, -11.874898835606416], [32.41895369160334, -11.878288390250809], [32.434967836002464, -11.895400665934106], [32.42152059788331, -11.89454593462501], [32.42166319375658, -11.900755638913425], [32.430401202644944, -11.900939775023515], [32.43051812915896, -11.906222042292972], [32.42901704791245, -11.91053713339658], [32.417094285864735, -11.912264246194756], [32.4161719604097, -11.921670114287547], [32.40979612366326, -11.925224448333875], [32.417885421355656, -11.929948636971268], [32.407254321702176, -11.936542466107829], [32.4145420122424, -11.946035910012585], [32.40577428798278, -11.945680910795513], [32.396416119053164, -11.954610182088395], [32.39927915496655, -11.963852952977593], [32.38579183132452, -11.97163039961736], [32.39212242891325, -11.983309309378434], [32.38037272101685, -11.984813364178763], [32.38144623023926, -11.995172227024668], [32.37352753789058, -11.997716696679925], [32.38049352465964, -12.005080205216334], [32.37623988500831, -12.016481208911832], [32.386219546180705, -12.023167010950532], [32.38328502503196, -12.032788648851989], [32.37945336179889, -12.034888306562053], [32.371388368924755, -12.025404490179225], [32.3663397561796, -12.038954398380984], [32.350353750608456, -12.036353241601645], [32.35253966341013, -12.053084083642347], [32.341844203059765, -12.061866086621649], [32.33364483659217, -12.081229583086762], [32.3087691990891, -12.081064913681672], [32.30296850421171, -12.093172590430095], [32.28716824059689, -12.09801104171654], [32.27809253523029, -12.106152242364873], [32.27575274371539, -12.121237427976897], [32.283257450160285, -12.138739826272088], [32.28007113033913, -12.149108955763692], [32.27240614198963, -12.154390932054206], [32.28173822833497, -12.155386259430571], [32.28638094270886, -12.171093904719251], [32.29592420501116, -12.177471711426053], [32.29368322907584, -12.18827758499152], [32.30570558284751, -12.188570276868909], [32.307504371169095, -12.193731160179917], [32.29598395465565, -12.210986421806957], [32.286233650443286, -12.214129686342128], [32.28528473934742, -12.2438422789163], [32.27647217837531, -12.24896588897899], [32.2793725141359, -12.274037441231805], [32.27245632637298, -12.273710439294543], [32.267436512717524, -12.266952243119801], [32.26353221440551, -12.269895350413588], [32.26286290573847, -12.296490809083567], [32.250815353324754, -12.297471734007484], [32.21987921828264, -12.31803930011239], [32.21940385858038, -12.323774761706582], [32.22736611383039, -12.327188116112934], [32.22175688587264, -12.337544004585368], [32.20687816438194, -12.331715964607884], [32.204667746437636, -12.343627318644662], [32.19349682128216, -12.34627421068867], [32.19661041888783, -12.37548113895739], [32.18288597414675, -12.386255254588185], [32.19435053880567, -12.389248684826319], [32.19457755924764, -12.39401593018636], [32.17153491970876, -12.397009272219973], [32.16733503165082, -12.400889478405377], [32.17425917309726, -12.412973177656704], [32.154735362087095, -12.411753747761614], [32.143619006890134, -12.424606785780773], [32.14879314302655, -12.450772565858044], [32.13954363072044, -12.467445328830888], [32.152235702790975, -12.48058041175082], [32.1546837987898, -12.490025192706586], [32.147196903242005, -12.506314888386818], [32.134623671097096, -12.511187674727687], [32.132650932105584, -12.533786920163053], [32.14531923744863, -12.547313035144784], [32.130036460929645, -12.549447450971694], [32.13307875565794, -12.566058173880569], [32.12264463678333, -12.574363134223141], [32.12333390511766, -12.590160371599625], [32.10995256381448, -12.602755710239801], [32.125211571809395, -12.612358371788245], [32.11052299491825, -12.617994550157183], [32.10130104023011, -12.63012466528776], [32.094146894138305, -12.653617878314343], [32.099756125689325, -12.669363847311807], [32.08616087305911, -12.669572550231148], [32.082500609280565, -12.679311828803122], [32.064032932278515, -12.689537671378174], [32.07094939941752, -12.699276187908772], [32.061893819906544, -12.702267227693271], [32.06018252929029, -12.716874128906042], [32.049201748734326, -12.730228274603004], [32.05005739314416, -12.74232986612357], [32.059326883982166, -12.739756587427168], [32.061679907681174, -12.74295579286244], [32.051554770636756, -12.748658624779575], [32.04713393744308, -12.76110704701917], [32.03544011913039, -12.770077875342489], [32.043925269334224, -12.77056465362055], [32.04877392428365, -12.796362653913327], [32.03708010597096, -12.787114617578872], [32.0303775519556, -12.789200671287631], [32.032374054979634, -12.803037717602603], [32.01939676870472, -12.815900623102467], [32.02018111113551, -12.83008382219357], [32.00570644287644, -12.83307331695384], [32.00256907944158, -12.851079049788284], [31.984600527072683, -12.854137810839395], [31.986169210137586, -12.858934431022025], [32.00192734366387, -12.860672311878279], [32.00620557200111, -12.87082130676738], [31.998576067105372, -12.88013577627164], [31.98296054023211, -12.875478584347158], [31.990090916901487, -12.891396089432947], [31.982046614923302, -12.902666466774086], [31.96844713571969, -12.898439847766916], [31.953724225218394, -12.9082858458334], [31.945880808097296, -12.904868650050641], [31.94237503927621, -12.918942569663738], [31.937502614006085, -12.921780424902332], [31.927341826421284, -12.909328372296157], [31.921637524367142, -12.935448011036586], [31.914982503806723, -12.934810977611328], [31.91147673678227, -12.926239846173788], [31.904940557944116, -12.928151001084034], [31.90648547428151, -12.944989558912857], [31.895060840635285, -12.933431039084944], [31.8447679093606, -12.907021597186006], [31.79457005397894, -12.86754123271824], [31.772127772917493, -12.858507075799132], [31.7377882716068, -12.82662095127594], [31.723144828770472, -12.822138360681464], [31.710424306156646, -12.832133496165882], [31.69750184586014, -12.820360536807893], [31.669212044338792, -12.82053502805221], [31.660687420364685, -12.81302933483415], [31.650740933077426, -12.81277625017372], [31.645273055927955, -12.802257708735835], [31.634342030360656, -12.799993580224985], [31.63050210801683, -12.786726260749603], [31.633194312210957, -12.77310539931211], [31.612917124596162, -12.772721708005122], [31.614795058985795, -12.766390956971993], [31.60768161106797, -12.753418589312089], [31.59941317673139, -12.758501059386532], [31.590230551184757, -12.750669177970545], [31.590311883752246, -12.740361839616185], [31.577429361655003, -12.728084533670275], [31.578311741724292, -12.720387401347969], [31.571000221574504, -12.719520951181028], [31.564970669200395, -12.711761786368738], [31.567324596604585, -12.701534224101039], [31.55337628720309, -12.696072464672936], [31.554473476914694, -12.69082883201326], [31.547051776598664, -12.690240524694824], [31.534985901248138, -12.677122130299466], [31.53532569888579, -12.63550793228978], [31.515859886703595, -12.648456949404611], [31.508085366771517, -12.648372362196787], [31.496358855172353, -12.645535038716854], [31.49218884777571, -12.634941520059458], [31.485139346431357, -12.636251927594325], [31.484807174592103, -12.631009875837227], [31.475355782993905, -12.626802562900634], [31.477766498297104, -12.606194923875696], [31.484958181391384, -12.602065694309754], [31.48274856294769, -12.590960376793264], [31.492047843717156, -12.58126330285716], [31.49515346697806, -12.584930188894912], [31.497444426074104, -12.574226566089054], [31.509426628745835, -12.571877446567527], [31.515563039316266, -12.554714943649511], [31.522606094350145, -12.550540131750171], [31.524087902242208, -12.53111819828981], [31.52990071539283, -12.530232766895468], [31.533597436398885, -12.521070217737169], [31.527413692697834, -12.522714642949195], [31.527973501223318, -12.514726972286184], [31.53697886221496, -12.509803368998671], [31.533002384269842, -12.50569054067279], [31.55151667305532, -12.502476512432468], [31.559459081825814, -12.496021262830252], [31.51617286873172, -12.487513112995554], [31.50534365372717, -12.479105500760818], [31.492308905816774, -12.48454950473455], [31.48589658489337, -12.458527308155746], [31.451488561889445, -12.431837096372927], [31.446527330966948, -12.411932943828365], [31.438372122983772, -12.40057530820868], [31.428882709292843, -12.411079512396917], [31.426514725051064, -12.40451080331044], [31.421308731061426, -12.403717742383678], [31.415338739685566, -12.413608002693469], [31.402461841042015, -12.41358871407163], [31.399055769047802, -12.417766952717594], [31.39090260473189, -12.4118102419024], [31.36893761564888, -12.413502015269518], [31.357129926890778, -12.424840407972702], [31.34537834780363, -12.406092170638638], [31.329960750330155, -12.392249685890045], [31.31701061922797, -12.388981538720847], [31.307121093214572, -12.375755366671473], [31.29172183125439, -12.37156988429177], [31.27834644757817, -12.379682507655126], [31.250458025003873, -12.37204414227841], [31.246215828990977, -12.361027054738292], [31.227857550620875, -12.362668970588308], [31.203878267379654, -12.342732999030746], [31.18616079682762, -12.342082682170677], [31.16328385244121, -12.356753593873117], [31.12866526613132, -12.341242375307614], [31.118289191000464, -12.323526662323234], [31.125409742795593, -12.29124083922409], [31.134136452674323, -12.282313074701483], [31.10035408829947, -12.287666098729263], [31.090692425347754, -12.299440116980263], [31.088356632234202, -12.285114641668425], [31.07599927064193, -12.270806293305618], [31.091329585107417, -12.216802818825151], [31.091268805993604, -12.193764232748938], [31.101858627161484, -12.179827204011557], [31.057579685846946, -12.151637390079054], [31.068031561719813, -12.142849539093897], [31.091419200141885, -12.140247079158181], [31.09411087432998, -12.125394964831324], [31.118966335671725, -12.114370343055805], [31.146180610354573, -12.094384365677692], [31.18272379493985, -12.085610977800613], [31.190175616665673, -12.079559058964191], [31.179164438917148, -12.06832662311127], [31.175580779872767, -12.047026052828157], [31.20958738440376, -12.015421183996288], [31.226746770297346, -11.985962374641508], [31.224186940046856, -11.931518730743313], [31.229819940121967, -11.93023973267925], [31.24379716000427, -11.904755817121691], [31.272176062723698, -11.885545086004461], [31.292616478717186, -11.878660522897329], [31.30335958121865, -11.859029260584782], [31.313484715568155, -11.85968055707194], [31.334162811412778, -11.850422694044461], [31.351513397426398, -11.832557384186169], [31.34946935465922, -11.801755596713518], [31.335779028830938, -11.782491088103747], [31.315386744570336, -11.719756626040738], [31.32084886890874, -11.708496595086023], [31.320517191142915, -11.694041232878012], [31.310093348096835, -11.682889211357057], [31.308709442197678, -11.66233151000778], [31.29127725412198, -11.649007771628211], [31.249214714429836, -11.655396723033567], [31.237093070768122, -11.647156244726705], [31.197377551333954, -11.63453564972119], [31.20530995556708, -11.630397066035563], [31.20360288164279, -11.626289216777907], [31.223371238327843, -11.597739024660202], [31.23367691608316, -11.588902944293714], [31.250895198221727, -11.583968656066153], [31.26434716507252, -11.562104588692817], [31.269432245824913, -11.498005411901419], [31.27759222026898, -11.49689268835821], [31.29504381015822, -11.462222974604913], [31.2936591667422, -11.419908122722118], [31.278621565617108, -11.376651810765129], [31.276115300110384, -11.348757988635551], [31.277971792612508, -11.319564617587243], [31.28596503075669, -11.298029804065875], [31.328197039423834, -11.29324966408684], [31.347488629644893, -11.30263194517249], [31.367771270033465, -11.288014613927126], [31.377525507070136, -11.270260910573581], [31.40854825228207, -11.282564399149331], [31.417467265411958, -11.293831146808527], [31.398386389413826, -11.322827157343616], [31.39467859577358, -11.343591442287948], [31.396817710840534, -11.370016528761457], [31.391683842585035, -11.38581448537407], [31.38419694613896, -11.392804452689631], [31.387619530066416, -11.401891151271899], [31.390542984869164, -11.406015019010628], [31.407050299867695, -11.407203239215203], [31.428654230885204, -11.393923373832536], [31.4404193538719, -11.394971848092235], [31.44056196142325, -11.384137410347561], [31.451899261755894, -11.386304331967338], [31.488571462382275, -11.36847029380179], [31.502084139176617, -11.373432936086024], [31.515560558169458, -11.416979519296568], [31.50807366531661, -11.440672206692224], [31.51099712640759, -11.490567128432005], [31.52839524857108, -11.514812592954344], [31.59210511958704, -11.546870173066251], [31.566421132177254, -11.59047647917051], [31.618558246339713, -11.586139988019479], [31.637757445732145, -11.567731120908768], [31.66078856527582, -11.57227169188838], [31.68388361971487, -11.561272486607988], [31.72046982372081, -11.617184424074525], [31.761540799409058, -11.613203340984793], [31.77965196022764, -11.626403563897435], [31.78435800762569, -11.632270130107596], [31.784001488747307, -11.639673000355469], [31.778725009347223, -11.640860233921504], [31.782575414132104, -11.65098643671425], [31.779224134878653, -11.654827316433618], [31.796550953266465, -11.664813349660168], [31.810241277298154, -11.645818628875928], [31.808529986681897, -11.63562239763983], [31.816516009557727, -11.630454300788584], [31.81979598413717, -11.619209867798805], [31.831489803348173, -11.610968318810354], [31.83762192805641, -11.598326149219684], [31.82678375325521, -11.584146678355571], [31.829136777852558, -11.572970233580019], [31.813378643427928, -11.55306108811802], [31.799617015620576, -11.552641932106447], [31.793698802239376, -11.546424390729328], [31.793556194688033, -11.533849166709523], [31.813164732100894, -11.500172740231143], [31.808122671667448, -11.477111019783175], [31.824189789718883, -11.470309479879884], [31.87484249985811, -11.491787940823261], [31.925396875016492, -11.49737783394446], [31.939301112171805, -11.495770749897815], [31.94914901744144, -11.482233116872244], [31.944261414236284, -11.476715488430544], [31.938458842778253, -11.477919112082633], [31.93375281873638, -11.4642926068976], [31.940455388023068, -11.454928389863813], [31.9410258478729, -11.43787631084721], [31.949724933658302, -11.420963001978839], [31.948512818879134, -11.392934983560119], [31.957497126953804, -11.374411229382074], [31.961846711169017, -11.341554791782753], [31.970474496772013, -11.323726856907465], [31.995716033361653, -11.317714085384388], [31.965839806150264, -11.292472820324418], [31.977391044759376, -11.274921546255403], [31.974538914393516, -11.264012626247784], [31.9784606337339, -11.255411081779217], [31.95143658629562, -11.213658395008942], [31.950652268119352, -11.199459722708808], [31.962702640344776, -11.177355991247818], [31.95552870077398, -11.154060833246037], [31.996219326177695, -11.183348030841737]]]}}, {"id": "102008", "type": "Feature", "properties": {"DIST_CODE": "102008", "DISTRICT": "Mpongwe", "PROVINCE": "Copperbelt", "Area_km": 6124.96407611}, "geometry": {"type": "Polygon", "coordinates": [[[28.14474067994313, -13.268226710283384], [28.173268446081543, -13.26230507569449], [28.169435868363486, -13.254381539766758], [28.18393430155339, -13.248308583227775], [28.191777717776187, -13.254612889001782], [28.199324033286715, -13.248771290404157], [28.211594225058757, -13.255769624881077], [28.215723901692424, -13.249118318241662], [28.222676021168425, -13.256608254232168], [28.233579553796446, -13.257533634384632], [28.244364252787097, -13.24813506660752], [28.255624306988462, -13.260714605953606], [28.263319173304307, -13.258487930836777], [28.274816907356804, -13.270228353365027], [28.292613141294648, -13.276156186034152], [28.29846599235743, -13.266787253565594], [28.303486964839596, -13.267943933269096], [28.304110874448813, -13.262970179090779], [28.312162256948085, -13.262391830277359], [28.319144087303755, -13.255480439896814], [28.332246154961524, -13.261929148137458], [28.33358310232751, -13.2691295207754], [28.347784436601803, -13.279770643766494], [28.353845258432678, -13.280377869295474], [28.359906077568592, -13.303104301880209], [28.37226540018311, -13.304752320736586], [28.377405214387487, -13.31053474870291], [28.380019685563433, -13.306747272988519], [28.38468414096381, -13.311662307221738], [28.397489109705965, -13.342133277924745], [28.41121508787125, -13.340716781618145], [28.423544699606097, -13.347452294365784], [28.428060605099517, -13.358176696889418], [28.447936534141522, -13.358899346597163], [28.454324161276123, -13.369189667956354], [28.4650197294243, -13.368611571106518], [28.470813159626008, -13.362830533368264], [28.480676850990164, -13.372051224282034], [28.4882825855652, -13.37017242915742], [28.48899562422027, -13.375577539769004], [28.49761149726428, -13.375201787239016], [28.498770182945318, -13.369507621113563], [28.50581142967051, -13.372889451820175], [28.500909295317296, -13.383034660050068], [28.502335370830835, -13.397601389848596], [28.50756431497936, -13.40320819102978], [28.500849875354525, -13.410317656397542], [28.509629153745358, -13.423669010177598], [28.506910697185397, -13.431326921749509], [28.511812832436906, -13.446136336854936], [28.50575200970773, -13.45377908228866], [28.50979255639722, -13.466867980391756], [28.50168175303684, -13.47549239328147], [28.494655359056562, -13.513265672691851], [28.475655874016443, -13.525022561424581], [28.467545069757772, -13.535998981740292], [28.47366531065309, -13.551913898311533], [28.46397988187222, -13.584895676706553], [28.462494386395903, -13.60944130968718], [28.468139269385585, -13.634273125795405], [28.478894253903313, -13.652173511628858], [28.47948845263283, -13.66909101669494], [28.50633484025735, -13.682696309353739], [28.53314530155868, -13.71007417128378], [28.53927443038545, -13.866017241783595], [28.48480177733261, -13.885888565708951], [28.47683314224744, -13.881621978605603], [28.411779483194596, -13.890276591304575], [28.388660895590014, -13.883446637232787], [28.3402935534325, -13.880223062595347], [28.329013698565646, -13.870718495592357], [28.305640365814504, -13.880020148643633], [28.302466962868756, -13.886003816598175], [28.28492170833984, -13.8871294411548], [28.272228096556944, -13.87957581236706], [28.229843267392, -13.876064489796345], [28.220433015040538, -13.869778005115682], [28.174686142110122, -13.877828292174003], [28.166952964444068, -13.890310210421918], [28.145896359861176, -13.903876745338641], [28.113193402148593, -13.899309435422804], [28.089248501924875, -13.910524057564013], [28.065489942833807, -13.91292066286174], [28.05389017813135, -13.909031822059205], [28.027429663633736, -13.917261618625243], [28.014199408181586, -13.911835412715922], [27.996450367237195, -13.916266823841458], [27.978841082591433, -13.910795375167748], [27.96873204784844, -13.921376403589775], [27.952287398425828, -13.923320729672653], [27.925558586797276, -13.93639266716152], [27.9151260462626, -13.93270502632262], [27.908031259946434, -13.93593583618938], [27.91223425976855, -13.926857647989447], [27.900064054979207, -13.910535957335561], [27.90333048026923, -13.894355324993898], [27.893101403654835, -13.890892393661264], [27.87935916688122, -13.847065694354708], [27.90376027382702, -13.840152449923924], [27.907929267924047, -13.833224919083003], [27.906339035173783, -13.821163846848387], [27.91923282573798, -13.810103837609361], [27.935137575098434, -13.783495356244508], [27.834185123556303, -13.649237854078882], [27.805189523801072, -13.684536794086151], [27.795208536715315, -13.682329463006445], [27.77316860388309, -13.694818679613606], [27.74426556294146, -13.68610571100983], [27.718768391873088, -13.688079061894422], [27.654775491355526, -13.647060371207475], [27.64343299965886, -13.649550235700334], [27.61831078808502, -13.67462960505975], [27.624685079729243, -13.709602662884107], [27.613061368636224, -13.710574062150778], [27.60306247992351, -13.700009875180742], [27.59668818558436, -13.704017039358355], [27.599312895757926, -13.73206525228422], [27.595813283989823, -13.743356442431516], [27.567520073361937, -13.769326183293183], [27.566636378159078, -13.780974242840577], [27.556012064379235, -13.798136356397059], [27.551669612787368, -13.827197223597938], [27.536026321683618, -13.82272655782038], [27.535189223891166, -13.807739036054], [27.51080871082326, -13.793919179251876], [27.486271244108885, -13.797018555570931], [27.477481701567612, -13.805249490246004], [27.474865767934393, -13.816172810771677], [27.48208574706178, -13.834411075015325], [27.4815102395784, -13.851479575833695], [27.491032244147814, -13.868191270151774], [27.488887176843807, -13.874946718883107], [27.47528431817808, -13.874591173257244], [27.468901436843147, -13.885511237878513], [27.46084435812668, -13.882514619127745], [27.463355655097292, -13.897700467313635], [27.456868137998047, -13.889828328673516], [27.448078597253406, -13.897497319269055], [27.444207012889084, -13.892926426764964], [27.424796776778578, -13.898106761124131], [27.419146358370085, -13.907197463632928], [27.4245875016567, -13.917506598249567], [27.407426971309434, -13.926520364879048], [27.393588673190905, -13.89696405207897], [27.376218868620125, -13.885815975208812], [27.376820532349658, -13.877968829901407], [27.38024740663088, -13.88035601523436], [27.384668335944276, -13.873372157289818], [27.388422557213378, -13.87708751784416], [27.381895445969665, -13.868876982405883], [27.379907335905347, -13.852444721312091], [27.38040436297227, -13.843732867765432], [27.38872110600984, -13.838475383119707], [27.38087523199645, -13.825190515800509], [27.382533966676974, -13.814951539666833], [27.354784199066767, -13.80831658374052], [27.361670713679246, -13.801091177346999], [27.35703957140283, -13.799029577392828], [27.356843436836964, -13.783312125840519], [27.34605713884511, -13.777227560983915], [27.34289185936448, -13.767242510306142], [27.35095548679939, -13.759453104584567], [27.347778080960772, -13.752446315969108], [27.355792921790883, -13.74846164163306], [27.342889027874694, -13.723307797730588], [26.83811887127787, -13.721092371937761], [26.793325904076294, -13.696658832976778], [26.779437673102695, -13.670473076379514], [26.793568797749344, -13.586230429332865], [26.848483757891877, -13.498368038591616], [26.84886942799954, -13.478908116135425], [26.861896464771508, -13.442630091901512], [26.91789182241803, -13.426875154205545], [26.928449907903563, -13.373585192926702], [26.964226743313237, -13.362021825951654], [26.974181508575853, -13.346759682165724], [26.97882706791425, -13.303315996172635], [26.964528400280585, -13.269025205870337], [26.94873924702923, -13.250897648217396], [26.95339623203971, -13.22073621286815], [26.974786858991305, -13.235340055181656], [26.988055650372537, -13.234931216932777], [27.02282823666821, -13.254309819142113], [27.050736431161923, -13.25589372308293], [27.05801923576535, -13.26773896936846], [27.073994669962243, -13.278004628297296], [27.073186559905697, -13.299701980183498], [27.08527255123041, -13.319928730571137], [27.093799295228575, -13.323299693392487], [27.09385277103912, -13.340130667712483], [27.104679061129122, -13.349612391777308], [27.108957288568067, -13.36527954388572], [27.114804198173584, -13.364412383592065], [27.11896358478862, -13.376933857954972], [27.11942705977969, -13.384552790702369], [27.113805945314105, -13.390691697277559], [27.11896358478862, -13.397235065787253], [27.115968828006846, -13.407650912690631], [27.330713728739383, -13.366944369395926], [27.32685196655439, -13.386568663327472], [27.31291442705485, -13.39827746136514], [27.31692646211553, -13.400219621785022], [27.315291225566174, -13.405639098307557], [27.299338163013125, -13.425984160277961], [27.307970689924197, -13.439577400308073], [27.30506148869005, -13.446808320893387], [27.312334489978785, -13.455361238248946], [27.30893566918555, -13.463474667134939], [27.323386596768284, -13.488021319615736], [27.322925496024514, -13.495891430166923], [27.32698696896855, -13.496616211591432], [27.328669102965605, -13.511820312274464], [27.334278332719986, -13.509439959940583], [27.34093335238205, -13.515610332238126], [27.335205281803788, -13.54107586431372], [27.32852649631258, -13.54352521711493], [27.332424434552387, -13.549024618665712], [27.32788476233149, -13.554570105153404], [27.33254327357964, -13.55551744542435], [27.329144461769573, -13.557481432432136], [27.33361283021479, -13.561871462694073], [27.329358373994904, -13.566492460122218], [27.332346768009565, -13.568179888178141], [27.45721210381866, -13.528230462916158], [27.476891947702136, -13.508541225351399], [27.493434422760867, -13.501700451199637], [27.533744825440795, -13.3957359327719], [27.548956296387466, -13.395874662998734], [27.569444247632536, -13.404336893867026], [27.638894125141917, -13.46384154879282], [27.647735795122493, -13.485059914608462], [27.64298220887961, -13.503040888967877], [27.63380779034138, -13.511453115610145], [27.63965470084522, -13.535024257918254], [27.6668452052073, -13.540708713623955], [27.680725673838538, -13.529293450282896], [27.707488359139806, -13.529524535384098], [27.717043065080524, -13.510759813169757], [27.709579937158544, -13.50493597842329], [27.69593714568351, -13.506137731706865], [27.696650185236905, -13.493611446027705], [27.71328773259545, -13.490237095866346], [27.737626087727072, -13.502024005983717], [27.737008121371783, -13.49097668240648], [27.74404342843633, -13.473734440646082], [27.757448537365274, -13.47026735288613], [27.750365694150855, -13.460420548053705], [27.751554090711558, -13.446782284957651], [27.765101809886815, -13.435177591165596], [27.765909918146733, -13.424404604768679], [27.785637297281784, -13.413168743075694], [27.78549468973043, -13.397631872115591], [27.77665302064819, -13.395319751224084], [27.769332501175857, -13.402071079934204], [27.76997423425865, -13.394418017406759], [27.779879261600612, -13.386594890185568], [27.7886971585655, -13.387057332207037], [27.800699964098293, -13.405877990901352], [27.81728997530693, -13.407380805938356], [27.82197225597751, -13.391681708803976], [27.81196595885863, -13.379912493959889], [27.811894655082952, -13.363448504237239], [27.82912640027268, -13.377715819967088], [27.838086908382177, -13.37454794805416], [27.84015471787681, -13.380259337368624], [27.856720962357972, -13.367518359054062], [27.870387517865556, -13.346798380837495], [27.87711384220159, -13.34413887918394], [27.889473163019513, -13.351469779337258], [27.90138089265924, -13.35040600504286], [27.918493799720046, -13.337177785014465], [27.93189891044562, -13.344855790759945], [27.914928610936197, -13.357991089183844], [27.924554618855964, -13.36786521942746], [27.932445572126934, -13.366269660724496], [27.93563047261, -13.373391778670287], [27.941643759189265, -13.370038858889096], [27.935891920985235, -13.363957237879053], [27.943568960234245, -13.36129792703734], [27.94473358916918, -13.333778109165387], [27.957544502063563, -13.33248298135507], [27.970735699665475, -13.364720341136618], [27.979387224148194, -13.366061543707543], [27.996856649189056, -13.344508897312556], [27.99630998660941, -13.33849601326881], [28.0020142895619, -13.33611394690361], [28.00681541015803, -13.340693046127333], [28.00346413270121, -13.363818493638599], [28.03590735063424, -13.374224222094712], [28.043726999231236, -13.35299605980686], [28.054707778888865, -13.34589646461664], [28.076193983891738, -13.347515282771015], [28.08273016272992, -13.342335026134661], [28.088743448410888, -13.343630102020482], [28.085273332825146, -13.33678462814928], [28.070489680939282, -13.32885196302222], [28.074141029836973, -13.324425860269647], [28.091999653567928, -13.323046842914422], [28.10212479061239, -13.311158633390946], [28.09763265184641, -13.30364146939389], [28.083276825309564, -13.304150333283483], [28.090906329307, -13.288051283667334], [28.102481308592445, -13.290642009399928], [28.108660968552243, -13.305376221192247], [28.121139129295717, -13.312268842707601], [28.143908803159103, -13.282754093753296], [28.14474067994313, -13.268226710283384]]]}}, {"id": "107006", "type": "Feature", "properties": {"DIST_CODE": "107006", "DISTRICT": "Mporokoso", "PROVINCE": "Northern", "Area_km": 4194.20194006}, "geometry": {"type": "Polygon", "coordinates": [[[30.474258020995045, -9.356593193969925], [30.483471692317913, -9.343264221591156], [30.486266158927343, -9.390494300399205], [30.49377831959246, -9.413835561288312], [30.524963335579, -9.467303558984549], [30.525888600321647, -9.482707988900755], [30.519449926421046, -9.50542835113161], [30.50606109765997, -9.502844874608549], [30.481289492253318, -9.507918226174464], [30.47375936438419, -9.504337208392426], [30.46426529472515, -9.511566485810564], [30.461911147233703, -9.504233381659725], [30.455233857437435, -9.505069390271585], [30.444332240017587, -9.497458579414095], [30.41779712941881, -9.503336321204962], [30.41044554171239, -9.497759127110662], [30.3944858477959, -9.500079196752004], [30.386141061151815, -9.508025650618084], [30.381350794000916, -9.504594973881819], [30.379769186874015, -9.513070274242196], [30.370087604679213, -9.51622497132233], [30.369207255700776, -9.511723744647393], [30.35337501026523, -9.506774901965647], [30.33202430174991, -9.508094729168882], [30.321584755254342, -9.498259855654837], [30.30286049605098, -9.509232097009988], [30.28804166344365, -9.504864506801342], [30.27605252218464, -9.514185058396334], [30.25444242513104, -9.518461996359662], [30.24271267330865, -9.512751878105405], [30.23260606491525, -9.499859081799428], [30.21005273681332, -9.516603992612126], [30.210523790890434, -9.520886438321943], [30.19998879839592, -9.522355852125065], [30.1937359625714, -9.536097989290367], [30.171221935763153, -9.538879709733846], [30.153353883314963, -9.527284535889583], [30.125735741351757, -9.541399101441803], [30.114232252691558, -9.539242649048635], [30.110476733356883, -9.546930735669786], [30.097736938286914, -9.541305391302963], [30.0967864084269, -9.549508894744038], [30.083810244147795, -9.55073332725922], [30.0679796830534, -9.593070828050319], [30.065409378446716, -9.588578091295416], [30.053843569163675, -9.588981252381762], [30.041985245966245, -9.600673691410265], [30.041868464979313, -9.60712439906377], [30.012894428384143, -9.613402411340685], [30.010090561803583, -9.61754912374459], [29.976034305590172, -9.616685298271928], [29.975041106652498, -9.624172492942801], [29.953719593383923, -9.624863593632961], [29.953836374370855, -9.618643501917408], [29.948287031703213, -9.617030995058531], [29.94080967985702, -9.619968154218073], [29.942737127588508, -9.596641918136978], [29.92357718457401, -9.582818077214274], [29.921065271359126, -9.588347654096856], [29.910316928984635, -9.589326838385619], [29.907863405364882, -9.582414908803992], [29.895479567726245, -9.583509262312349], [29.89092286344755, -9.57893003261277], [29.892441577724764, -9.572766814900525], [29.882452873212408, -9.567352003664645], [29.879503030398176, -9.575934665326786], [29.873456807089003, -9.572363494598385], [29.86682667884515, -9.578814880734582], [29.864665107692733, -9.57109623481175], [29.859378522245695, -9.573630751429752], [29.84591895205432, -9.568899416996492], [29.839444344644026, -9.574483059611534], [29.833434053946213, -9.56990024997844], [29.829832928957746, -9.574843056416158], [29.834845531836386, -9.583025128271885], [29.83027984440485, -9.586368376388725], [29.82508758206264, -9.580697734247254], [29.817544540911296, -9.582713168049015], [29.815062382593535, -9.57342743185337], [29.808881974337126, -9.576786691358839], [29.81037542259864, -9.598385445974511], [29.80231192092789, -9.607665792948529], [29.82297092667443, -9.618405335415186], [29.841869233565763, -9.642164579007336], [29.863632045115995, -9.647608637341252], [29.87909541983801, -9.642109504651987], [29.901550987880846, -9.679347306377888], [29.87683840268666, -9.681982408301103], [29.86947277880393, -9.67369480721207], [29.850157315854204, -9.686661242238431], [29.837609535676215, -9.68922214820065], [29.83062232710692, -9.699743532909416], [29.820774545804756, -9.69690419626839], [29.80830424532002, -9.702929284649048], [29.79913703037205, -9.698783902644944], [29.786319718777907, -9.706997804902343], [29.76717488183324, -9.700812874647635], [29.751749683714173, -9.708098835920906], [29.739841952277786, -9.70397566062085], [29.737040189551635, -9.70782219786484], [29.72769630383507, -9.6971814808832], [29.730025559908306, -9.687950593881213], [29.726840585763412, -9.685888821834178], [29.70837297972827, -9.690082625559398], [29.699993256704467, -9.681980479638451], [29.681133255773464, -9.680572629979997], [29.654586220039274, -9.662716670595573], [29.644152047265738, -9.667566766960011], [29.64144250289168, -9.662740078887547], [29.631959340576834, -9.66473161973207], [29.62665416988488, -9.65949185618128], [29.62120845237684, -9.663713157656833], [29.609419487204175, -9.65075669084921], [29.598984446658072, -9.65234626343299], [29.593478882487467, -9.65887396835355], [29.58829064639435, -9.653688452826914], [29.574859052435887, -9.657557355821258], [29.55969272362889, -9.644346456599237], [29.549662518747017, -9.64200325266539], [29.542770107593032, -9.642050140319569], [29.539781842935778, -9.648731646291818], [29.53240714517037, -9.647720653769559], [29.531741609427517, -9.63577016459282], [29.52570459115507, -9.630661887722617], [29.524896481996812, -9.604415957865212], [29.506927933221167, -9.613367929257087], [29.497943613468415, -9.598041668144482], [29.484633388193025, -9.5925577833369], [29.470420397379595, -9.599025919195602], [29.462624663732093, -9.597057387661916], [29.468186215402763, -9.580183537013468], [29.464716096223764, -9.56429325161143], [29.471180972184566, -9.557730674902336], [29.469992533403033, -9.55290244113577], [29.44532146834129, -9.550230434410755], [29.440235132642457, -9.539542303338093], [29.414185485996253, -9.534526265571245], [29.399116580380106, -9.541229952589367], [29.397262682212506, -9.550089828985866], [29.392319140914584, -9.550746061551106], [29.385568904323982, -9.547792819902877], [29.383714964833878, -9.53555758962367], [29.37354233386037, -9.533073009106902], [29.371260384866613, -9.526322337890797], [29.35476563190902, -9.531057170557345], [29.35120044312517, -9.51811813777048], [29.345213179841355, -9.516065230341479], [29.354188402355206, -9.499719850189932], [29.352528256421373, -9.493505642707195], [29.341645779405283, -9.487034347632191], [29.347112400709985, -9.480423401228386], [29.344877987866127, -9.467576166672565], [29.329429210767486, -9.457026124380803], [29.322726655853845, -9.44164602031714], [29.326196398638757, -9.428938037199318], [29.320920149207385, -9.419090255218512], [29.329618979871253, -9.412993791986015], [29.330474625179374, -9.401597927590927], [29.323867516264677, -9.397002005983527], [29.325483589952384, -9.387059514387893], [29.33308905862608, -9.383584866020232], [29.348395868672167, -9.387763004931951], [29.358710920347466, -9.37059749895548], [29.360089688781528, -9.35188325733878], [29.347682977340792, -9.337436446555028], [29.354385385829033, -9.319658685127559], [29.34397518100559, -9.308119059610895], [29.344256077906717, -9.296373293559109], [29.35147980660212, -9.293964434837113], [29.351498583188185, -9.289564460371126], [29.362037322555757, -9.289751962261803], [29.370806174201086, -9.2961201131459], [29.37315602774547, -9.292069433016385], [29.37999254572249, -9.292980393078846], [29.38007173490972, -9.297552943963757], [29.38504310421853, -9.295869888200706], [29.385384128056575, -9.30356716660113], [29.392378092855107, -9.305481057621282], [29.391662812005087, -9.310029052673096], [29.399890314605692, -9.312771372668092], [29.404632797671656, -9.309272183146152], [29.407828378225116, -9.311904824363642], [29.40493388510711, -9.314578532775217], [29.415479868489143, -9.321871739292078], [29.427990608433017, -9.324297288946036], [29.438520017898032, -9.318725899003503], [29.44991367044676, -9.32672933175405], [29.476191641888718, -9.318561572314], [29.497970427281345, -9.321063141577927], [29.50744216661903, -9.315951801583827], [29.51832449271814, -9.319628750335823], [29.53646570038637, -9.301788104905942], [29.552483096686817, -9.30331761628846], [29.55371435636133, -9.307134075433448], [29.555987751596923, -9.301200493849374], [29.570307401180663, -9.316596126957439], [29.582341457305546, -9.316532966285834], [29.588711197186207, -9.325117546541208], [29.59400900618439, -9.322186203597775], [29.600012508313604, -9.326780430569826], [29.610365039499197, -9.320632149965755], [29.61847394382104, -9.326740607267515], [29.624598748158018, -9.318519219001793], [29.62881130785138, -9.321835096020012], [29.63501582689002, -9.317892364027866], [29.63996785547075, -9.323497725323948], [29.754184949974082, -9.235045302072097], [29.794210144737818, -9.234294581272268], [29.80837582667514, -9.21988990324941], [29.824490202398703, -9.220499929722646], [29.83247650285396, -9.226693491010055], [29.838513487888754, -9.224065956612693], [29.860570189572357, -9.243303067655672], [29.86893659686872, -9.221156785661742], [29.879632150643843, -9.218904548399214], [29.96291497231266, -9.237813593364937], [29.970092789910545, -9.24442911236206], [29.987810046663537, -9.244839878387971], [29.99821324103453, -9.234944572619506], [30.0792350130147, -9.240159513034946], [30.09981812728938, -9.246071255026585], [30.154484286437583, -9.276285232685925], [30.23928840773499, -9.313298598072016], [30.264529874256038, -9.317332820663362], [30.34339182410367, -9.316723004966518], [30.388123060875543, -9.34421046935243], [30.41849837678747, -9.348103564849673], [30.448793307854494, -9.331185891548978], [30.469504157172725, -9.345711424971695], [30.474258020995045, -9.356593193969925]]]}}, {"id": "107007", "type": "Feature", "properties": {"DIST_CODE": "107007", "DISTRICT": "Mpulungu", "PROVINCE": "Northern", "Area_km": 10103.9239411}, "geometry": {"type": "Polygon", "coordinates": [[[31.209671701174617, -8.58531008086455], [31.22464694933755, -8.641310723208793], [31.22479228417413, -8.678647346727713], [31.20738711832047, -8.69132375539283], [31.216564731267844, -8.71778348975979], [31.23321272333817, -8.716258534851645], [31.24646563070856, -8.727768066121278], [31.25867482417786, -8.72801290189297], [31.26076602400585, -8.733011356562805], [31.289357256119136, -8.73605386031416], [31.307315624287668, -8.755611995222374], [31.32222201478742, -8.760074034637094], [31.333098868349843, -8.774539059837446], [31.334473573703836, -8.789999460585573], [31.3064550220758, -8.806741380283388], [31.302127556179506, -8.810629594852408], [31.30604943541995, -8.815456028874275], [31.287562245213326, -8.82678024243637], [31.2775731598153, -8.822788334187829], [31.271111345312974, -8.828366693269908], [31.261675480196143, -8.828366693269908], [31.218940750041522, -8.821085857835683], [31.204951314868026, -8.8256074745654], [31.22119185897323, -8.862645846188757], [31.205609752123483, -8.876456426255434], [31.16936993399956, -8.873513627748823], [31.16307255700828, -8.8510302312055], [31.151898365578422, -8.849397570722978], [31.147353759809967, -8.859090609083909], [31.160012100141557, -8.902089284695354], [31.16137875389566, -8.920874100885358], [31.157159946419522, -8.926098453015994], [31.16226005778325, -8.93697703915418], [31.15373916091929, -8.942966709885518], [31.137705011937104, -8.934743359414359], [31.135249828230684, -8.96281372799227], [31.14552689015263, -8.982940825189598], [31.146175250107248, -8.999911918094382], [31.16291421636303, -8.995818275251638], [31.17341038726424, -9.00396833191876], [31.166696751631573, -9.031148124250867], [31.177436417178736, -9.061097941629967], [31.166360565221325, -9.10907012333338], [31.134731839874924, -9.154335916604152], [31.125792761974854, -9.17764869977636], [31.22438592406882, -9.245611549411558], [31.246917917182742, -9.245353498389063], [31.263222714187002, -9.252367720177533], [31.278957081884144, -9.302800298431151], [31.269378607419327, -9.301955904821057], [31.239953914792203, -9.326489373317035], [31.195888181423825, -9.33791115382558], [31.18616710120428, -9.345767809215012], [31.133378537780878, -9.36560800534501], [31.145056669712094, -9.367111182841374], [31.131728266128604, -9.397327198747343], [31.11108180804996, -9.397330890905213], [31.096299498247124, -9.409171464257147], [31.08279797583367, -9.442889206439347], [31.077854247686187, -9.47240627887196], [31.050996491881733, -9.473555025253875], [31.03621589157291, -9.462857713847118], [31.019711040653206, -9.468120957854547], [30.99943502893308, -9.460689092335075], [30.990403216149577, -9.451662784561275], [30.986481507589044, -9.465377991217503], [30.97632072000424, -9.464322993039273], [30.97525116516571, -9.469246281889456], [30.9883395460918, -9.488319135947034], [30.982350028934935, -9.507658869318496], [30.986779868637612, -9.52304333717102], [30.97671264867448, -9.5274494870603], [30.975018842866934, -9.543830819198867], [30.966017083221256, -9.545908052313127], [30.972276200964554, -9.56036317369443], [30.958292506924042, -9.5573342818017], [30.946527384835637, -9.561025746762114], [30.94397233272417, -9.583876806999157], [30.927691305142343, -9.589852984862445], [30.92916602802176, -9.598587767423588], [30.917292835909777, -9.601687847719296], [30.91673429131386, -9.609796247640404], [30.94171438042661, -9.642087310003955], [30.960704953280786, -9.650288468186606], [30.967947632835422, -9.6606865093655], [30.967790100673927, -9.665019567427404], [30.962932602708857, -9.664037107193957], [30.936365350389227, -9.685631844152116], [30.925260486441395, -9.690372051562642], [30.888206665312627, -9.677912312135685], [30.855573909142844, -9.676183687858968], [30.730810037146778, -9.67844335478061], [30.679333764131464, -9.666942620655012], [30.67047244530068, -9.660632395345752], [30.65065813529728, -9.627546239982468], [30.654104767124863, -9.616336685432033], [30.666622881338913, -9.602512567581883], [30.714358515612236, -9.583727938782348], [30.747443468424688, -9.546427171028967], [30.752185287635662, -9.506871970575762], [30.74487653160198, -9.470477094407594], [30.720847159198843, -9.445402843159405], [30.71064173612419, -9.41569052009838], [30.69641803559593, -9.39902599843263], [30.654649183017966, -9.379206821894508], [30.636600470382977, -9.382832303383596], [30.60537378244875, -9.368151639789952], [30.586703983609482, -9.358213474652167], [30.563731229406464, -9.331882622709129], [30.541386995865004, -9.329335063087122], [30.51191295518606, -9.340723458793635], [30.488447380726598, -9.339291121559144], [30.474137221843826, -9.358781787589326], [30.48345954440033, -9.268116772888606], [30.49802833633823, -9.235827530852017], [30.512605145740025, -9.208481978121668], [30.55713790334317, -9.183918145651905], [30.560572468101544, -9.174200298952938], [30.54531346190329, -9.173777946913688], [30.537184829679486, -9.163524068275487], [30.51118272008149, -9.164626902842011], [30.510493450848823, -9.168240420629175], [30.505502185653135, -9.165424697189785], [30.492073307301762, -9.171103050223316], [30.48741479515528, -9.16516658585877], [30.450431903204695, -9.156414222959976], [30.429587433081245, -9.158643400978152], [30.42697296100697, -9.163899502194454], [30.411761490060293, -9.154419688917713], [30.418107524298918, -9.137688609187302], [30.40681776101448, -9.137101952392868], [30.402753444902597, -9.145573196843742], [30.39580376704754, -9.146603572952905], [30.39189150427222, -9.16157650299761], [30.370405299269347, -9.144611100036844], [30.375325259791058, -9.130343581953221], [30.367838364243273, -9.121426091571072], [30.366745039084016, -9.10793210110185], [30.35267442585325, -9.102111928378518], [30.343808990043502, -9.105960762086854], [30.33061779064496, -9.091879452214153], [30.32902212937544, -9.06913174503617], [30.31844482263778, -9.063414000774277], [30.315810372929917, -9.053810210899968], [30.319529703633386, -9.048058642050776], [30.326036395272343, -9.055119761098018], [30.31925672538147, -9.02871798194469], [30.297128786397504, -9.028365877570241], [30.296629659967763, -9.017497506185101], [30.30383435875216, -9.013841421283491], [30.291248252850902, -9.006213842912338], [30.289869712588935, -8.99792711089376], [30.279245450013065, -9.005814771770794], [30.26179979169968, -9.00154231074012], [30.288942765301762, -8.984334576738943], [30.286280756179284, -8.97670469416729], [30.273413224269177, -8.96411766099967], [30.2654125166334, -8.964355679244074], [30.265127302429022, -8.960176640714629], [30.275157366275376, -8.956866244384297], [30.28264426541642, -8.961092276929032], [30.28704133008596, -8.95555146838693], [30.279221683285588, -8.947639235961592], [30.267242648971855, -8.944633951736192], [30.253282612064343, -8.928656618674758], [30.245447460342174, -8.928362720433967], [30.255596365012405, -8.92432414899739], [30.267765543925698, -8.926366920958538], [30.278912699658786, -8.91079930905946], [30.272020001942217, -8.906737062338614], [30.268026987809346, -8.8955597820755], [30.26141950609382, -8.89328201641033], [30.2320185819908, -8.899974380364185], [30.231923512385944, -8.893422910393939], [30.227003551864236, -8.894080409608927], [30.219944475377286, -8.881963426136538], [30.220277230223157, -8.867755988592204], [30.224365311265885, -8.872123956140195], [30.22785919537573, -8.868343084261179], [30.222345037022826, -8.86451520865252], [30.21813834602324, -8.84754185943544], [30.2501927793895, -8.830786741569643], [30.26426438166541, -8.817078603600024], [30.28382647438145, -8.814856201769592], [30.283082149201636, -8.809865645048788], [30.28917288582979, -8.811126114018565], [30.29302237343474, -8.801200632167738], [30.30039890286503, -8.806927865406266], [30.305764486158154, -8.804867749569526], [30.31323502068964, -8.797080616427559], [30.312473010376838, -8.791942411840331], [30.325188848276518, -8.796640109562135], [30.33466971270089, -8.787357824942553], [30.349764884157608, -8.787878851139006], [30.35371036034394, -8.799904975723127], [30.36060305806051, -8.79285846625883], [30.350749141264938, -8.778837666622072], [30.351707375076856, -8.735243780044156], [30.33083061501047, -8.687292732636863], [30.334674849267664, -8.675569996689156], [30.34506826368016, -8.66770653480399], [30.377970932151758, -8.658909728655514], [30.378639799746015, -8.639992151817019], [30.574983265245606, -8.512236397231526], [30.709186327023364, -8.28410669421439], [30.79603793972032, -8.276676287945865], [30.84213793859232, -8.357176286884759], [31.01693793867618, -8.576676286646228], [31.05053793876013, -8.602876287138663], [31.096937939902723, -8.62137628498718], [31.136537939584603, -8.621976284235322], [31.168937939569304, -8.612976286998249], [31.181137940578303, -8.602576285809832], [31.18275872862461, -8.593293561869574], [31.194706872570688, -8.595482431313826], [31.209671701174617, -8.58531008086455]]]}}, {"id": "102009", "type": "Feature", "properties": {"DIST_CODE": "102009", "DISTRICT": "Mufulira", "PROVINCE": "Copperbelt", "Area_km": 1271.57565803}, "geometry": {"type": "Polygon", "coordinates": [[[28.45193776965586, -12.71461849073781], [28.4516269247198, -12.724423367765967], [28.44070489937333, -12.708521117625654], [28.429360920066536, -12.715837158788975], [28.37076243966106, -12.70715428433159], [28.32296058787319, -12.728941304589778], [28.309609033806538, -12.723313841109762], [28.277219157835056, -12.770178769095297], [28.252748355097953, -12.775677398004586], [28.233971437550927, -12.76457814864354], [28.24506485786034, -12.760929274764143], [28.230882679261153, -12.747733486170706], [28.235363553153462, -12.73343373560274], [28.22374808679814, -12.729190332980679], [28.229882097070167, -12.720278950983287], [28.238843840363174, -12.719769722431685], [28.23779975455959, -12.712979873125699], [28.24458631902028, -12.712513065372875], [28.23666866242916, -12.709415130946475], [28.242628657352547, -12.698168892116591], [28.22409611659712, -12.701012325615276], [28.215569407633243, -12.690444769936157], [28.218788676760727, -12.682635528054918], [28.204432486406187, -12.6820413369329], [28.191468407162603, -12.667398332022616], [28.180070460666812, -12.664681855980438], [28.171587254417208, -12.647830570929791], [28.16230129835837, -12.644153568582828], [28.163585854180372, -12.63790347531944], [28.158204040126687, -12.634422853844432], [28.1618962147591, -12.62511043689004], [28.151351612087673, -12.6029424710118], [28.14487478134703, -12.606613563630892], [28.122794374919717, -12.603575011939983], [28.1086999976564, -12.614128606813868], [28.098812541361404, -12.61542748022863], [28.075954969144085, -12.6024042611543], [28.049562458910145, -12.600552172004782], [28.068428510892897, -12.550244964655024], [28.081394075949984, -12.529301505393349], [28.094763910732667, -12.519068750349208], [28.086967248227168, -12.516531642026901], [28.088295567274837, -12.506185615018431], [28.07873743515966, -12.4980381814087], [28.083357680871647, -12.487635025736825], [28.08202935912902, -12.474891299391546], [28.067504459774202, -12.466968445781477], [28.064790068090904, -12.458058468958638], [28.070680880160964, -12.444495542382219], [28.071402795069385, -12.4242203266802], [28.07980586620575, -12.406763763218047], [28.079748112617825, -12.39190079234748], [28.075243374979987, -12.359802906794636], [28.061324884256063, -12.348689012724938], [28.082635767759854, -12.351284177993566], [28.098402356229617, -12.395073697100036], [28.105592612799207, -12.400009253076762], [28.122427632315066, -12.439039157345768], [28.13874287403111, -12.427392841144206], [28.151044276869403, -12.42651864104532], [28.141746032755766, -12.415210178045115], [28.145644367152624, -12.398260668642385], [28.164385238002247, -12.389150906940792], [28.169351998953612, -12.378292107878723], [28.186504662753926, -12.37834851889558], [28.1916735590173, -12.380040827939494], [28.183703638442953, -12.39374813268369], [28.189276808923513, -12.401334785651857], [28.220290208063194, -12.404155048668178], [28.22430404514435, -12.418932719208373], [28.230396995221348, -12.422542404248416], [28.24137007721528, -12.420455559972579], [28.25765644258653, -12.407962355263589], [28.28015126790558, -12.426857040809695], [28.299527420137583, -12.417015054839602], [28.322946287592195, -12.419637737759116], [28.341542775819438, -12.433709549598689], [28.348819664118377, -12.453476476972412], [28.360543537365565, -12.449951816260425], [28.374693037949637, -12.460412875332706], [28.374635287056666, -12.4662776504231], [28.395513019998475, -12.490017357092993], [28.399382473558948, -12.500645952211489], [28.41179938626802, -12.500053918688154], [28.448010560710834, -12.516404782799006], [28.442524020163034, -12.521535358647851], [28.44763516463508, -12.534192222668032], [28.43741287299603, -12.55400784407509], [28.447346401187005, -12.564408318316472], [28.46140927273665, -12.567705942613252], [28.474576973105716, -12.577964946017142], [28.47963036668476, -12.588420818433569], [28.493750992720692, -12.589040829181611], [28.49776483159844, -12.59991896610503], [28.523782588052086, -12.613501897898603], [28.520750550287673, -12.62299825065806], [28.53469791825472, -12.637735214265108], [28.519970883587952, -12.653203883819906], [28.513502540130155, -12.686025918947381], [28.508102628616747, -12.689519172006367], [28.489419512253377, -12.684138414583474], [28.467126825839593, -12.690082596417744], [28.461091632045445, -12.69754784308527], [28.46175579067098, -12.70732275894069], [28.45193776965586, -12.71461849073781]]]}}, {"id": "108006", "type": "Feature", "properties": {"DIST_CODE": "108006", "DISTRICT": "Mufumbwe", "PROVINCE": "North-Western", "Area_km": 18882.4541341}, "geometry": {"type": "Polygon", "coordinates": [[[25.327905595938724, -12.898529648114986], [25.337510718926424, -12.914461996003977], [25.34651587420388, -12.920353581768858], [25.3590984155901, -12.919391699742171], [25.366436292310333, -12.930407533674972], [25.37788932888925, -12.92836624391117], [25.378797860713078, -12.923053177634287], [25.38823262539368, -12.917944350012851], [25.412693120861263, -12.918489298168906], [25.43621137522394, -12.900348106765783], [25.449046054845798, -12.907771029881136], [25.466629565927725, -12.90093194016173], [25.494438039340068, -12.903142154244993], [25.50530473385493, -12.91335892860615], [25.527850987723998, -12.91798761504494], [25.530417923648358, -12.934041404085237], [25.542610870187456, -12.941338239122171], [25.547873088832393, -12.95526417633913], [25.574140286779162, -12.973272143697738], [25.57332989679841, -12.999249348151272], [25.53194994017829, -13.037412154986205], [25.52077901681944, -13.057278567279335], [25.52270421786439, -13.065960939895318], [25.504830737795285, -13.083232165384219], [25.501075406208507, -13.11376639234762], [25.474193880981613, -13.130316723159037], [25.471365500275283, -13.140292676218682], [25.467087272836345, -13.13920483060475], [25.460289644724625, -13.151379163748585], [25.452042175270194, -13.156146895429536], [25.44681323291831, -13.15316128775326], [25.4415367544165, -13.15917875291145], [25.425564707766554, -13.153878763932024], [25.42278385961681, -13.157859552102913], [25.39818405700826, -13.158114134684917], [25.397375946951716, -13.163599181335938], [25.374796418586214, -13.162395722182863], [25.354760057620986, -13.165936653271], [25.350862119381176, -13.17105123967788], [25.33919206779593, -13.169153532049782], [25.309458392440327, -13.184057087256749], [25.304300752965784, -13.18185863839652], [25.29560169143489, -13.190143214889497], [25.286712487999356, -13.190629172094216], [25.260139947297613, -13.205554556737708], [25.251131903038218, -13.204952933297118], [25.224440523309255, -13.221358273917037], [25.206115452960265, -13.206942919997143], [25.20302562387869, -13.216938888017253], [25.180374790839164, -13.214925843697916], [25.17024965469304, -13.226124640331639], [25.171342978953984, -13.230821500735283], [25.161859576788963, -13.230728952898767], [25.162168558619143, -13.23507867720791], [25.145026168850727, -13.242414290627591], [25.14347391417575, -13.247490220334738], [25.148276234921102, -13.250134371681131], [25.138356309918464, -13.257901446686592], [25.135658820935532, -13.270600859081652], [25.140231497259993, -13.279267132747842], [25.148419388648158, -13.28131166225484], [25.150134058726472, -13.287015618073136], [25.144822209958708, -13.292022742929861], [25.14785708100953, -13.29749720016747], [25.13863160043393, -13.302613049418529], [25.13522764037897, -13.319084897705087], [25.125889808409063, -13.32293196888202], [25.21933067510615, -13.369508593842319], [25.2238245170779, -13.359401325895112], [25.229573722319838, -13.359242012769037], [25.226608150004996, -13.35527687384183], [25.230337857148264, -13.350479675182946], [25.248458770077615, -13.340867285815776], [25.26159461439005, -13.34423078066669], [25.267325626052532, -13.3397874158805], [25.27574930364322, -13.342584444080572], [25.280115789660496, -13.335821956620522], [25.29226917259782, -13.340902691921853], [25.304458945389012, -13.338636734377106], [25.3133920450009, -13.332529160273108], [25.315575289806148, -13.319392927895333], [25.327037312232843, -13.317905764416505], [25.328165321345224, -13.311478978625042], [25.375905561280984, -13.303069017877407], [25.384583949882288, -13.297597959580743], [25.402068084835904, -13.30829208013958], [25.42759383041516, -13.308699298322129], [25.436563318084243, -13.303724119656929], [25.456048759353713, -13.307017309703703], [25.459159879405846, -13.318047398761205], [25.46871156521058, -13.323305545741956], [25.47193444197227, -13.330937812889537], [25.494300059909047, -13.33271862311214], [25.646963135161183, -13.554493469170433], [25.63820715817047, -13.568552677751025], [25.638634980824552, -13.580843986170063], [25.627321448117723, -13.592372284950613], [25.623777515270113, -13.6260135067], [25.62556905598393, -13.630845332686526], [25.647785046035427, -13.636812854250772], [25.664246120254724, -13.670827308215847], [25.63711007805334, -13.678544117930175], [25.627911890092694, -13.688358784189917], [25.62882190234012, -13.699049383640306], [25.6200547727652, -13.70486055918487], [25.62341913957403, -13.710932242858501], [25.616099230956106, -13.728813974335214], [25.620377458395048, -13.731492268602574], [25.619474277835355, -13.745968379611558], [25.623378895049292, -13.746390053143319], [25.624425391032805, -13.754066872347748], [25.61754907409543, -13.761228510052604], [25.619117757160332, -13.76873123482191], [25.625154813162034, -13.770601108160507], [25.624949788868108, -13.776547908589302], [25.632969606364917, -13.77852994459512], [25.63084964607478, -13.782861667861084], [25.635865288852326, -13.78556835136305], [25.637058809403456, -13.795811885826529], [25.63325067394596, -13.800880488592458], [25.65153720656927, -13.81203456287583], [25.651632279767348, -13.817319975395874], [25.66268436499727, -13.826528765169405], [25.66092553733282, -13.833360112421966], [25.67288080491908, -13.850368377162324], [25.67993987871109, -13.87282106967553], [25.68609577104513, -13.875543858875716], [25.68264942308515, -13.880873974630994], [25.685976932017866, -13.885996304654757], [25.700427829057872, -13.884196581108498], [25.700974493434142, -13.891372325054835], [25.712192952942907, -13.894210258280019], [25.73646000429885, -13.916128090745707], [25.741070982990383, -13.928862550341945], [25.75720940481748, -13.935852362092284], [25.783621077913104, -13.976661854064837], [25.785539493084418, -13.985614197428285], [25.78016921878884, -13.992962497783742], [25.787299597254876, -14.013279770206271], [25.78233210058326, -14.017200036121995], [25.7911975372913, -14.021996505909032], [25.790508266261995, -14.028061128122877], [25.801852660590466, -14.02794371712431], [25.80835797870536, -14.04241296466], [25.80719100606585, -14.06312876491404], [25.800680940354678, -14.07511991037578], [25.80419859119199, -14.078209171973906], [25.80137020868901, -14.084157039284626], [25.812661821604635, -14.094530004689275], [25.81249999998766, -14.100280761361336], [25.80291748130745, -14.120605468942474], [25.806909228815748, -14.143438213948158], [25.815858162132802, -14.153089405317187], [25.8179846423953, -14.168267003739103], [25.83922792228409, -14.2047265623677], [25.855627212174735, -14.207791461221786], [25.865430394818002, -14.217515069328218], [25.87680299624638, -14.217448925079218], [25.90616705259181, -14.254531509352073], [25.933233844566214, -14.269499505938647], [25.951498240005982, -14.294649674976391], [25.971573911248036, -14.307444686586283], [25.996695380813428, -14.352441389166128], [26.02988607521629, -14.371570501296764], [26.042870818406342, -14.401938294412588], [26.077767355143255, -14.420017137835638], [26.0923873654254, -14.40826321037096], [26.10297147959626, -14.408154136038409], [26.111380396070214, -14.41506300706912], [26.150230056351447, -14.404142773037188], [26.16548025995823, -14.423440912705779], [26.14235799914245, -14.440710847208043], [26.144415488791097, -14.45468784804569], [26.163774443675337, -14.457053743090128], [26.175626671803553, -14.464869712669993], [26.206220014224808, -14.460972674579915], [26.207790104949776, -14.466573887112279], [26.19936119018097, -14.466773928581196], [26.192354118962452, -14.474869714631847], [26.2008899628944, -14.487937214363704], [26.195353325099855, -14.485936989281681], [26.185767339820927, -14.494750954166703], [26.19488969559855, -14.501181148399336], [26.188422943955445, -14.507139027116686], [26.195105415234284, -14.516338448840848], [26.213533336395066, -14.528137890000163], [26.201272330795124, -14.553508256781434], [26.21182233234139, -14.56327968464244], [26.209473136363773, -14.595325230418691], [26.200219170210506, -14.615463702103979], [26.194072461353688, -14.619392260891203], [26.18573793885999, -14.612876285127944], [25.596932080758084, -14.53654323931339], [25.591298787832226, -14.524598413933935], [25.582043191236693, -14.525576323667044], [25.576305107137937, -14.534111783842576], [25.567447130040033, -14.53711904695427], [25.516665184670753, -14.53711871913172], [25.440784056938266, -14.578165927338437], [25.407186142742372, -14.58296186891633], [25.401263702787787, -14.588256290023311], [25.39413669659736, -14.583836184815103], [25.371300169212216, -14.586216252826048], [25.35945528840472, -14.57946456800442], [25.35142486000778, -14.585099081071625], [25.3257776801684, -14.581067503431669], [25.308311499842365, -14.59369629620905], [25.2912615952257, -14.590116550905432], [25.28065671380208, -14.594861994574641], [25.266954795215067, -14.593939151160223], [25.264595859703096, -14.600447546264059], [25.23172129412688, -14.60321598385847], [25.19202086459287, -14.624293823808104], [25.17641172204631, -14.618028963062443], [25.15116606308784, -14.621525651722909], [25.141297596279607, -14.634080194869622], [25.11848166636562, -14.629595180222818], [25.115882370429787, -14.633423688325662], [25.101628363438824, -14.626722016264955], [25.050534762853033, -14.63046138109527], [25.035979613109177, -14.620360095272181], [25.0113362380751, -14.612492425151808], [25.004159042301705, -14.60122465451942], [24.9840327829328, -14.591656310252414], [24.978160532682267, -14.577910193269565], [24.985588678166195, -14.561005665663892], [24.97289056362026, -14.560082679192634], [24.979967378700298, -14.545508710583595], [24.97299094417484, -14.531176702629613], [24.979666237650797, -14.529767743240475], [24.988549898140445, -14.492111191379287], [25.0101818642314, -14.470826335605597], [25.024335492085406, -14.463633732094538], [25.02353245024662, -14.448518784669366], [25.050534763981663, -14.435833099779176], [25.054951498692652, -14.424118855422714], [25.07246787006761, -14.41478590523514], [25.073484962170358, -14.380273084088524], [25.08772568265936, -14.370400438115597], [25.086571310148894, -14.36111386263753], [25.100072465762896, -14.349152576381458], [25.099219232825504, -14.341129404419085], [25.111666396840302, -14.339281603026281], [25.108102893577737, -14.328972535750514], [25.116183511558127, -14.324595902011206], [25.10800250682879, -14.31482110875665], [25.115906877369056, -14.308839503664208], [25.132325390308495, -14.308604402662056], [25.1339006435031, -14.289142020870177], [25.115380464039873, -14.284813248381766], [25.117538641163176, -14.272312844419156], [25.124464890043907, -14.273917994322339], [25.126070976809732, -14.269637571352478], [25.101829116197596, -14.258011921106585], [25.10985954392412, -14.252806937640106], [25.10729984491595, -14.240256111074567], [25.0921926033603, -14.240256110984586], [25.09686028937303, -14.232180403120656], [25.104589582660683, -14.23096415815506], [25.105994906578857, -14.218704033348276], [25.07693478855819, -14.208778682850097], [25.065039716333775, -14.215784855969629], [25.0549358052627, -14.209527876868066], [25.052036151323364, -14.213258306376094], [25.055955293963926, -14.219141904299583], [25.042705090161164, -14.211308714750277], [25.034022190917916, -14.217779628894492], [25.029203931806165, -14.205080891846665], [25.022127124499637, -14.209995048902897], [25.020394234217065, -14.204653634815228], [25.014548402403598, -14.20775693040374], [24.989804645592994, -14.197490501413471], [24.97208751646298, -14.20765961828091], [24.9617985293876, -14.195641520693643], [24.94523577162434, -14.188780699016727], [24.93790800650349, -14.190775709494874], [24.935147544533855, -14.184693304327183], [24.91818327382815, -14.183866083667835], [24.918333844618594, -14.175691039983292], [24.900466142565413, -14.16576380568577], [24.865934625212173, -14.164546984192837], [24.862974081453103, -14.15895074601504], [24.839485080580683, -14.149266117177035], [24.833738820231922, -14.154181483116032], [24.823976316153058, -14.151358810839278], [24.813346628525768, -14.155730245123475], [24.806160056266233, -14.141333700181594], [24.800255157439306, -14.142769764134789], [24.792378512786968, -14.134320664147086], [24.790503878954773, -14.125231082182859], [24.777450879856143, -14.125163750504383], [24.764259018133814, -14.131694822107107], [24.767383406735416, -14.121797144953941], [24.74822049151296, -14.116477807715599], [24.75363609809498, -14.109676955078001], [24.752108619614724, -14.102943237942286], [24.736486678048273, -14.098700893457057], [24.736208955078304, -14.085636671632297], [24.74447448664079, -14.08620661399616], [24.751067156460792, -14.065500144900094], [24.745859843017588, -14.02535649522713], [24.735498584102235, -14.022427859004337], [24.730357657705877, -14.029596492877372], [24.727113513456334, -14.027040514618545], [24.726280343334427, -14.002789445026309], [24.71533904670466, -14.004166898461113], [24.715796284927652, -13.995850474266554], [24.70654357782762, -13.994310699917378], [24.702812716186, -13.983993105921098], [24.690106870764897, -13.979411685899153], [24.690592886236935, -13.968698893629211], [24.68079696374931, -13.97381397321489], [24.67580411597553, -13.96041129698065], [24.664865428632627, -13.962664688131452], [24.665781597034748, -13.970585224327294], [24.656963879732874, -13.968496523140278], [24.648423884685954, -13.97247177205098], [24.6473824210647, -13.979748319923964], [24.635162592440707, -13.976581701146769], [24.635648607060574, -13.98648565864472], [24.645368924610487, -13.999959749262205], [24.642175105653244, -14.00541652995021], [24.655019811371996, -14.005551265271832], [24.640873001242156, -14.022993084002742], [24.62030238343139, -13.99249618634098], [24.620064705376908, -13.976351749951519], [24.6258878473566, -13.974275955585298], [24.62279801468175, -13.961244146362825], [24.617093714424247, -13.967587152711408], [24.60835900055634, -13.967875468696771], [24.60271412026159, -13.955419958330614], [24.588750463143487, -13.964703989575183], [24.600515586130182, -13.970700930738102], [24.603605417906753, -13.985173672171513], [24.59748517611307, -13.989382704059249], [24.587859167294987, -13.987941263060495], [24.58797800632224, -13.996878051425679], [24.57829257574476, -13.987422340834287], [24.577282438174066, -13.979753707952526], [24.562665165956943, -13.988171893913572], [24.55915939533921, -13.983328591337955], [24.56379414075821, -13.970643267579865], [24.54929570756834, -13.969201710084278], [24.5393725989363, -13.962224442392213], [24.52939007034152, -13.951786974798202], [24.526121979574974, -13.940772339631856], [24.510613407916086, -13.9333905100267], [24.50461200694631, -13.916953559592383], [24.495520775996667, -13.908878839152457], [24.487380262654902, -13.915915397080242], [24.491183131289898, -13.92122151234806], [24.48809329861502, -13.931660359644773], [24.472049950884358, -13.941637382739405], [24.48458753069231, -13.95524695821246], [24.46414711469878, -13.96326239578482], [24.442280623191728, -13.949422621300776], [24.435150245624023, -13.966664547153485], [24.42035471262021, -13.96799079376942], [24.412511297295744, -13.94538586337055], [24.404192523167325, -13.946481561780265], [24.38511876362288, -13.961705462199285], [24.330274278111045, -13.93950360480647], [24.345169001291897, -13.919979596335988], [24.365054971702147, -13.908197574636336], [24.383907907383445, -13.884631729148603], [24.397079131843327, -13.879617411753017], [24.400694762827037, -13.871343548118235], [24.426520696628128, -13.856048658128795], [24.434010218849775, -13.844764899117456], [24.445293641824954, -13.817791940138768], [24.446406667936685, -13.77980995717481], [24.469133491262717, -13.739674322017315], [24.468875231008404, -13.717596789855673], [24.477397790653985, -13.681716373877697], [24.507896832428322, -13.648089444240755], [24.57240084918972, -13.619084482966443], [24.593866817844155, -13.594264038719682], [24.615187361830575, -13.578643393018238], [24.624099572917125, -13.552336346710176], [24.618173566650892, -13.534876256327658], [24.619557074596358, -13.519604932407757], [24.63045187919308, -13.51271688407569], [24.638314060323847, -13.495817603727984], [24.64632569416838, -13.448791731908388], [24.673248232877874, -13.409804855194697], [24.666406259432136, -13.396550297188895], [24.651747266758253, -13.385181585217257], [24.634419474596665, -13.351009760052182], [24.607565242883105, -13.351099507915528], [24.61621056000716, -13.265839868161175], [24.60972387115462, -13.272783639926063], [24.593679235239815, -13.273756105988124], [24.572924579576743, -13.253981897074413], [24.54250157390304, -13.252547530670526], [24.553406075813292, -13.233782506632265], [24.545317729436704, -13.212978917687916], [24.533864644348764, -13.21629302431582], [24.535556439726708, -13.20451326643136], [24.554144261906444, -13.203106809379083], [24.57831806094938, -13.184353257822202], [24.598827090264255, -13.185432677070237], [24.59198285126738, -13.17178972842946], [24.610551451296633, -13.14380155523888], [24.63460497131292, -13.133505070712193], [24.639124811427298, -13.122549390396431], [24.653798471793166, -13.121081805896583], [24.65093728371431, -13.107223958739274], [24.661109956908636, -13.115441611869374], [24.675085496043053, -13.106830430962177], [24.66695686471752, -13.101506161594621], [24.687135835030787, -13.101483014388696], [24.679197347406543, -13.091667535938486], [24.684283683105352, -13.082083178711008], [24.694931714205328, -13.087963479255837], [24.694313746053393, -13.102987707735787], [24.721789469111457, -13.124515437093077], [24.7186045659335, -13.116344379688108], [24.727184788437107, -13.106112817344343], [24.738284408918613, -13.110256419417178], [24.739258895050614, -13.11893692583685], [24.749479100801604, -13.114168475049794], [24.733150537069864, -13.09446869043068], [24.744321461327058, -13.094214041020322], [24.75530224278133, -13.08611143222411], [24.783609841725074, -13.089491409657564], [24.787484014135746, -13.084143615747259], [24.800104783328898, -13.082314689024651], [24.7994630493478, -13.076781525787963], [24.806094298689132, -13.073077246337972], [24.800318692859292, -13.063098569090108], [24.810087311025338, -13.057402900777936], [24.81317714190354, -13.059949762217178], [24.815221181975776, -13.05513385992963], [24.828626293599694, -13.051776562899606], [24.84298211923823, -13.06041282328237], [24.842221546229897, -13.068585734201793], [24.85058785471159, -13.069697043928578], [24.85883532506429, -13.064233055973878], [24.86313732102735, -13.044922910865763], [24.884956277282832, -13.03628611109717], [24.8902089881588, -13.048396069827232], [24.91542675622435, -13.04015302610535], [24.93750715905844, -13.057171368845252], [24.93898077072187, -13.042977921414245], [24.94575462941118, -13.03714285779473], [24.954501224397053, -13.037999602401044], [24.953764419014465, -13.030427734932516], [24.96621881213217, -13.021767273796765], [24.974608890934597, -13.024314497779796], [24.982737519565145, -13.016302225110545], [24.993789605693358, -13.025981759878723], [24.994074820796072, -13.011994944167023], [25.00467531394954, -13.006205466372474], [25.0125424977981, -13.013986493070899], [25.010498456827584, -12.998563150710638], [25.004857954921544, -12.994304322736582], [25.00668037612158, -12.987122596154435], [25.022275016266164, -12.98794483464855], [25.04150326897147, -13.005360453373992], [25.04865741506328, -13.00119193429072], [25.072140123988486, -13.006402574389085], [25.08112440062211, -13.000705601423043], [25.100423958001404, -13.003739372303135], [25.105106239570308, -13.000265586233816], [25.110905613924245, -13.006055201787333], [25.118012223866135, -13.005545719632753], [25.123027255789342, -13.013187823679873], [25.130799369134742, -13.013488870136763], [25.143586514403346, -12.997417046089941], [25.157537097440837, -12.992528453565019], [25.160350040599, -12.982191005813874], [25.166046015270503, -12.981180062340435], [25.164436558573136, -12.975570541375442], [25.17545811276152, -12.975389865998826], [25.182778634030473, -12.967468661024851], [25.187532220273347, -12.96959953570267], [25.18905336808669, -12.960381051586078], [25.198370395972898, -12.955841170121833], [25.19822778662492, -12.94838261503336], [25.211062467145073, -12.941711419847268], [25.20768742116415, -12.936754235017533], [25.214485050174183, -12.934484087671732], [25.21178607268286, -12.932623685750556], [25.218097773311317, -12.926190935266744], [25.222138321797427, -12.92795151525403], [25.222185857947295, -12.92424501270763], [25.26126032881492, -12.909603796213489], [25.291398059198816, -12.914978522212095], [25.291233103359836, -12.909901122292078], [25.303947528209548, -12.906360373155975], [25.31026979392407, -12.898066282771579], [25.327905595938724, -12.898529648114986]]]}}, {"id": "110008", "type": "Feature", "properties": {"DIST_CODE": "110008", "DISTRICT": "Mulobezi", "PROVINCE": "Western", "Area_km": 12193.7677092}, "geometry": {"type": "Polygon", "coordinates": [[[24.657337939115475, -15.507176288224304], [24.70053793999338, -15.562976286082412], [24.810637938768654, -15.732976285946487], [24.84113793994371, -15.755976287304543], [24.93613793881757, -15.792876287065745], [24.957037940096942, -15.804676286413411], [24.972937940064494, -15.82167628614717], [24.98903793915024, -15.853876286626045], [25.005988658081424, -15.912727232095389], [25.0100746891687, -15.94589176875698], [25.02931440617368, -15.992331002380276], [25.07752887483278, -16.018377925269668], [25.092497813229166, -16.050405320979387], [25.104437939711318, -16.056276286958227], [25.130837940098083, -16.058976287053333], [25.2148379389605, -16.048276288327504], [25.28023793987787, -16.06837628825322], [25.375037938735204, -16.106276286722313], [25.395837939557143, -16.108776287589684], [25.429547914991456, -16.097427039263007], [25.43323793995541, -16.10007628709629], [25.37316943306277, -16.13356504028128], [25.358819115893517, -16.14709908803302], [25.349339209971575, -16.166061910277833], [25.327857220762308, -16.175250287802054], [25.297745928695573, -16.227160717600015], [25.295329836077084, -16.252749752975827], [25.30193968036179, -16.2671105245722], [25.290546397918995, -16.281553730184132], [25.250626427316053, -16.29136281604983], [25.230362043389007, -16.320995797068093], [25.212054518934146, -16.330594250053256], [25.200835178178092, -16.330969833352142], [25.180698035221134, -16.35137198027331], [25.155848668948536, -16.35859013131865], [25.124385876808198, -16.38195321794892], [25.111355112027766, -16.39744725383185], [25.104135605414218, -16.398387800056213], [25.08680878702642, -16.42307981562227], [25.08450924003626, -16.4341850690122], [25.072779770284857, -16.43981012330788], [25.075435834356764, -16.44640952063627], [25.054597306588885, -16.467095298772232], [25.042618272275146, -16.471317661141992], [25.03976612214641, -16.49465010904185], [25.023829727833427, -16.507263844749332], [25.021851048282976, -16.519722947163466], [25.025844059720885, -16.52336310842334], [25.009052019201484, -16.542075534242052], [25.011850694418033, -16.549918831914564], [25.0065385608843, -16.556463212855814], [25.02194017822715, -16.560461500935904], [25.032671395119085, -16.572455860419584], [25.03998003167681, -16.57112319108172], [25.042333058070792, -16.578709034252896], [25.058946837803536, -16.58547453488139], [25.055470777167212, -16.594665663826316], [25.071104131107266, -16.5975356667968], [25.072530204824194, -16.603224297111346], [25.084509240934544, -16.60836612659821], [25.085026192634498, -16.614327740683688], [25.1011586730043, -16.62309047034973], [25.10210344735827, -16.634824726161124], [25.08430249187527, -16.668111134944926], [25.114171610717882, -16.665788092685617], [25.16597817000864, -16.676984888193882], [25.161659926217045, -16.68436712593716], [25.17691893331361, -16.68368410265212], [25.19474487813117, -16.69078740125309], [25.215779491955892, -16.687030883362382], [25.22276726197225, -16.699188073143098], [25.240512635095353, -16.70716674924807], [25.227812833021808, -16.78193086014478], [25.26537785393775, -16.916601445347236], [25.252022215231513, -16.958550681388562], [25.194485736629577, -16.994051961977622], [25.16464191524374, -16.963627410072455], [25.162110657707476, -16.971374463407834], [25.171197345876752, -16.981358818230994], [25.156405347743593, -17.022290282692744], [25.16051218830441, -17.031860443253844], [25.178169136660827, -17.041618208113707], [25.17133260161583, -17.054337806118944], [25.176890358802765, -17.066868467890206], [25.16456162472193, -17.08331168967545], [25.077516443945864, -17.044007982333767], [25.0533938048567, -17.047516703126984], [25.002863596176116, -17.039938509406653], [24.98552479875395, -17.045148549095604], [24.979318354625676, -17.040564076965595], [24.93846235027647, -17.043254007183336], [24.911215670666394, -17.034254660780043], [24.861836064625912, -17.06985001766932], [24.853238809166132, -17.052737036633403], [24.852791059184135, -17.039729026765613], [24.818995268589074, -16.991490959804352], [24.819463994232972, -16.93735660620702], [24.848251536981888, -16.903477676371086], [24.855757890038706, -16.88201270286009], [24.849502317047524, -16.862510517972375], [24.86261074837073, -16.849316738251904], [24.86753348468666, -16.83697693431302], [24.90711074621208, -16.800663335113434], [24.912252778356862, -16.79013774606985], [24.91148381059218, -16.770465758889788], [24.92602548688322, -16.74184585391542], [24.956192828433828, -16.709600151633627], [24.93764515376081, -16.690309356426145], [24.8832791531901, -16.680081449243477], [24.787627561324896, -16.736526063764202], [24.589921524914168, -16.777478273580336], [24.617134827619886, -16.73832340982691], [24.622786369820762, -16.7063037090147], [24.63007135104209, -16.691951093883148], [24.554984058237974, -16.65612423806419], [24.525798986721334, -16.66253797757277], [24.467467957233776, -16.66622490137074], [24.442185661384716, -16.68589514305213], [24.43066215556507, -16.687035985177857], [24.417120187404226, -16.696001982648475], [24.397479041146582, -16.696257530220645], [24.452251022733527, -16.551488371093072], [24.099185282673815, -16.221527142400667], [24.09903029903278, -16.19030527386132], [24.105785143980807, -16.185580542870568], [24.098238083766887, -16.1619478047688], [24.102312167260877, -16.14574071568433], [24.09721013799398, -16.138942962790804], [24.105009326562087, -16.109842021183198], [24.101322206749767, -16.10776583173434], [24.103470193578428, -16.090553646192244], [24.113404135892768, -16.072146799906932], [24.107889682892452, -16.05976244238523], [24.1158202895967, -16.048534385915], [24.11406707909773, -16.043999672679217], [24.13310684100193, -16.019604726767724], [24.164800966395926, -16.003395474740966], [24.23171731003815, -15.938247237681114], [24.256168719944938, -15.901090745568316], [24.271408239888032, -15.888723855745], [24.272767145672837, -15.867023824833254], [24.28076202324243, -15.864409792665414], [24.29839084714392, -15.832455646809672], [24.313618586580393, -15.818880029332899], [24.316097009703185, -15.795663311877616], [24.335604596241048, -15.780608889575408], [24.331405273223425, -15.764187869373252], [24.338404425792717, -15.745212647297073], [24.336681296279362, -15.721476673664723], [24.329496090936573, -15.7124415046176], [24.34840951288089, -15.686309567954778], [24.341790030571477, -15.67202034424399], [24.34303160829535, -15.66146673266405], [24.350360184757438, -15.653816360935906], [24.35804157544568, -15.658283520138232], [24.36694003332526, -15.653725728326345], [24.38130408483686, -15.619674908784116], [24.390760922022327, -15.617588859788107], [24.407824629253316, -15.628708247038398], [24.43035870735705, -15.623746689130952], [24.438017806351482, -15.615500041818573], [24.449218552879497, -15.61434946201], [24.45222913079007, -15.60861019317786], [24.464053042223917, -15.604884801945838], [24.478173020574506, -15.58112785223129], [24.48995930786928, -15.575469172645995], [24.49833694859829, -15.577591381359941], [24.50502088233439, -15.566424322299113], [24.516225073901513, -15.56312839985195], [24.53841896360039, -15.523051149061743], [24.569242221733788, -15.514807240845991], [24.56498478400546, -15.509814825237257], [24.601437939432966, -15.483576288057332], [24.6256379387395, -15.47797628791547], [24.657337939115475, -15.507176288224304]]]}}, {"id": "101009", "type": "Feature", "properties": {"DIST_CODE": "101009", "DISTRICT": "Mumbwa", "PROVINCE": "Central", "Area_km": 19847.055723100002}, "geometry": {"type": "Polygon", "coordinates": [[[27.162353725774537, -14.263513446255269], [27.174893916086727, -14.303073224853529], [27.22116507815632, -14.337588030241585], [27.212291785681074, -14.344640481653451], [27.20356434277709, -14.368326148277719], [27.189789288749513, -14.372666984112987], [27.153751735294936, -14.574114741933714], [27.19061446140657, -14.601517495257628], [27.20173720182857, -14.804299024217551], [27.223519348716955, -14.8557259230526], [27.252078917911387, -14.883199173173171], [27.555752443177308, -14.987450634310882], [27.48383164257941, -15.048657582113833], [27.49989822972654, -15.066611160682363], [27.503183904116458, -15.083881525161875], [27.510522772576763, -15.091624019370084], [27.511401170414413, -15.125900994814751], [27.503726597939163, -15.128594511936633], [27.51106042864733, -15.184134631672121], [27.553543531707717, -15.262351184345482], [27.552352415946622, -15.27307121994186], [27.560604556640538, -15.295543062745368], [27.58292436858269, -15.325877318868537], [27.593644404144264, -15.35764038696104], [27.594433043217027, -15.378517200020449], [27.588982251125916, -15.381157266168193], [27.495982190433708, -15.385193113126261], [27.481094890032054, -15.379566924774117], [27.463924088347827, -15.385708345829121], [27.465488978725574, -15.413724678270508], [27.555883599903723, -15.475432024285146], [27.535847853386134, -15.47582376569409], [27.53311453958969, -15.488879874118396], [27.52527112606184, -15.493575288197354], [27.520042182811657, -15.505141591294711], [27.506850984311416, -15.505828677080505], [27.51719003088625, -15.532394274840131], [27.50150320203396, -15.534913248062441], [27.501859720912318, -15.54464535783851], [27.484746813851547, -15.54395839961843], [27.48961923822335, -15.558155053725885], [27.454799228067216, -15.556323282261275], [27.454205030235993, -15.564222678125892], [27.46299916137173, -15.569488774389667], [27.45277895292581, -15.57338102067805], [27.449332605864193, -15.587003297937093], [27.43994427330396, -15.58631648203475], [27.43602256564172, -15.5720072946495], [27.427703793309963, -15.577960037678375], [27.411779282809896, -15.57853240827958], [27.407976415073197, -15.555979823350707], [27.40108371466167, -15.555979823350686], [27.391695384796417, -15.565481974789218], [27.39656781096489, -15.584713902953368], [27.380405620613697, -15.593299002768225], [27.380524462335888, -15.608980195402099], [27.373156404018726, -15.620768911685444], [27.35387399996978, -15.611452999121498], [27.332389001404305, -15.647764997276406], [27.316280001199416, -15.6392449997029], [27.303226000595878, -15.655051999324828], [27.299548914965303, -15.740719440189324], [27.30423240656487, -15.753175151916386], [27.28881197760166, -15.740218803686956], [27.27966955705386, -15.739535176883619], [27.283692841716846, -15.737932714662534], [27.283221560365956, -15.730984988637601], [27.278499594821085, -15.730914584671217], [27.280866590017713, -15.723201202407093], [27.274958508734613, -15.724049202851523], [27.195301056685473, -15.47003640072404], [26.97763103926688, -15.464905558311472], [27.008908864696977, -15.343315977346618], [26.94375371578, -15.345216365774718], [26.825378418641144, -15.331604002763857], [26.34818876369879, -15.32535054993925], [26.00573608781658, -15.288334082430406], [25.31637232633021, -15.284301786927706], [25.336237940017813, -15.24147628618261], [25.330337940877303, -15.217176286950755], [25.317014144752928, -15.203113013268592], [25.322212606368907, -15.180225032332563], [25.338750900668344, -15.163209682945409], [25.38433793995353, -15.139076286404748], [25.407637938736464, -15.144676287183236], [25.420837938929854, -15.139776285821823], [25.424837939260655, -15.127476284834144], [25.421137939403827, -15.081076286409921], [25.43933793911244, -15.071876286615202], [25.45013794000564, -15.05227628712132], [25.465337938567814, -15.03727628675743], [25.46723793917411, -15.015976288255578], [25.461323430445166, -14.990224768119178], [25.467005926794105, -14.976771184788394], [25.464837938975627, -14.953976284974397], [25.43343793907362, -14.901576284778583], [25.431630077767707, -14.872940629664999], [25.447205110384566, -14.855475068242903], [25.450424754109537, -14.81851655064281], [25.47119146336709, -14.796104943819259], [25.486605514291792, -14.796883164198904], [25.489503194632398, -14.791241009275106], [25.497237938960332, -14.727376286674515], [25.47854076665774, -14.704080719872465], [25.477630754410278, -14.694289808753645], [25.500175965335306, -14.670998743193662], [25.509575004915416, -14.641121035852498], [25.537210057663827, -14.610876664110041], [25.536335729194402, -14.596009772611955], [25.542705842774218, -14.591144574787739], [25.542893198104807, -14.580114384059636], [25.56253438299005, -14.58295509039749], [25.591687782604744, -14.537485742731636], [26.18573793885999, -14.612876285127944], [26.190470309590836, -14.621428338731345], [26.18218778517908, -14.64477771129667], [26.185654887815343, -14.657449761766538], [26.223407786881403, -14.662773934220661], [26.254555503020683, -14.684961963380857], [26.30886521066413, -14.697721889093627], [26.317659343596482, -14.727607088250908], [26.334296890955024, -14.733238839428617], [26.348233651615217, -14.714187662164951], [26.360322769077126, -14.716343145933298], [26.38313997819207, -14.701745136283634], [26.37288939501147, -14.660732399184905], [26.37998424061641, -14.649837413787761], [26.39936268085744, -14.638974190635006], [26.409097784676863, -14.616124368658651], [26.42296267023287, -14.59836756842125], [26.424529403953592, -14.586261218852238], [26.433595006866522, -14.583143683023174], [26.443309328161874, -14.56612294677956], [26.511529607880046, -14.537270188765843], [26.518001637125455, -14.5254721758388], [26.516019600570782, -14.503394174891554], [26.524286938064364, -14.495373297089401], [26.52370976600272, -14.489702625044213], [26.532996747039324, -14.479551606780547], [26.54440535204593, -14.481622765594384], [26.554269039816838, -14.466203674616981], [26.581958673303607, -14.455156503792187], [26.618442437926124, -14.475179098066054], [26.63222783515587, -14.450208115227468], [26.65944210894039, -14.446065192375762], [26.68499263005518, -14.452394626143363], [26.689627373677553, -14.465168024818901], [26.698778027284938, -14.466663960899465], [26.718624242752288, -14.452509706259919], [26.745363157732854, -14.457112814225669], [26.761763027036867, -14.437433855258712], [26.797296076746438, -14.433751048072038], [26.8125075476931, -14.417638056189515], [26.845663804281216, -14.425234326756673], [26.864083946031666, -14.414185121595713], [26.911619796782418, -14.424543768356688], [26.937289155127832, -14.419019216266797], [26.968425136574574, -14.423392830322907], [26.967877417576183, -14.247937084785232], [27.10571921860003, -14.162996046002643], [27.10854645664928, -14.179143003951905], [27.132503654809263, -14.223867361098716], [27.149363096822743, -14.240818922141662], [27.155163998312677, -14.259403465131413], [27.162353725774537, -14.263513446255269]]]}}, {"id": "107008", "type": "Feature", "properties": {"DIST_CODE": "107008", "DISTRICT": "Mungwi", "PROVINCE": "Northern", "Area_km": 9819.40745127}, "geometry": {"type": "Polygon", "coordinates": [[[32.22315768009916, -9.448334967997548], [32.261968365175164, -9.4871429827396], [32.26306169033442, -9.5067875218345], [32.26914627889277, -9.50941296007604], [32.27903373608606, -9.570401819577917], [32.29310434931686, -9.581135853329942], [32.292819133315824, -9.59608793524389], [32.307650316860006, -9.608367836705838], [32.31720502280073, -9.609539560019787], [32.31768038429962, -9.620694162001978], [32.32538119207273, -9.626318188694379], [32.33056259737643, -9.63897191032202], [32.3442529223064, -9.643517759655536], [32.34710507423181, -9.640377850106264], [32.3525197037428, -9.646817271676008], [32.3472746087838, -9.654259679419914], [32.35422966575074, -9.661469250605514], [32.35602547525883, -9.673557790829932], [32.34987552168715, -9.68164103306623], [32.34154424480661, -9.719799511626636], [32.34806495914716, -9.746023777083293], [32.339138426220025, -9.748900905427247], [32.330474469053776, -9.742516203092872], [32.32642454485106, -9.74753445363403], [32.32143245320527, -9.744073397072654], [32.300397303086356, -9.757527222657869], [32.29758255431443, -9.755135045578992], [32.298689265269736, -9.768869899074042], [32.29420950708502, -9.766953988951025], [32.29106882527351, -9.772494883048685], [32.29433390758221, -9.778464293852313], [32.2834930423267, -9.783362106913756], [32.275869115968874, -9.78020121521879], [32.27230180177106, -9.789146273762896], [32.256795476798686, -9.790787774189624], [32.249593794556986, -9.8037631711065], [32.24391326192526, -9.802381337753204], [32.237044330936165, -9.813178213259214], [32.215391750756126, -9.815309440705613], [32.201487515397446, -9.825028605816755], [32.20419705797484, -9.827745238331227], [32.19920579367745, -9.834443044093192], [32.18187897528965, -9.837323528229016], [32.1835902659059, -9.853575539035264], [32.17543786875124, -9.856338768643507], [32.179953774244666, -9.867859787286267], [32.171825143817486, -9.869826749172942], [32.16909183271599, -9.877132509789858], [32.17674510523753, -9.894459622686435], [32.17066051578089, -9.904902279256838], [32.153452538216925, -9.916585484765262], [32.154545863376214, -9.928361923199938], [32.14285204416519, -9.928689688384043], [32.128876504132506, -9.943392066780248], [32.135840503828085, -9.958866308822028], [32.14418304558229, -9.962869358160063], [32.143826529398865, -9.970313496352572], [32.142424220612796, -9.975018666709097], [32.1327744432706, -9.973731187802848], [32.125953049329745, -9.98459265712064], [32.1202962807305, -9.985318302344156], [32.12160351811512, -10.002850340815314], [32.127022605964896, -10.005635719222559], [32.123195967907485, -10.017104668382308], [32.10850739011803, -10.017806835738426], [32.10848362339055, -10.022394291424888], [32.10163846002723, -10.019000515870603], [32.099546883805125, -10.027519993651625], [32.087567847694764, -10.034003071593222], [32.08987333704053, -10.040977504232337], [32.086284379732575, -10.044605084592838], [32.06952985196115, -10.049643406057605], [32.05410261107312, -10.039737095959012], [32.046116586400665, -10.04104771497795], [32.04556992741431, -10.046524176070985], [32.03687086408676, -10.04352851672112], [32.03273524599579, -10.076526043247517], [32.02137417893571, -10.07594100865105], [32.01959158184883, -10.080785051791201], [32.01063107463763, -10.075285770588595], [32.00649545475003, -10.083335750684792], [32.01324554581357, -10.087641469633919], [31.9996740626058, -10.095106141182434], [32.00670936697539, -10.112211053814935], [31.98959645991458, -10.116680174691773], [31.999460152177072, -10.135913069609023], [32.01186700914486, -10.136287420788394], [32.011534256993954, -10.16316939272641], [32.00038710036257, -10.177135896357433], [32.01010818058208, -10.188411587811624], [32.002050853930584, -10.22228305199471], [32.00487923733189, -10.239217429098016], [31.998176682418254, -10.236597804753988], [31.982727529823823, -10.248198830208194], [31.98367825012668, -10.252899935341121], [31.97833046425595, -10.253391089416601], [31.985033019169588, -10.261997888398687], [31.980921168704423, -10.265318925087827], [31.98436751666439, -10.26845283138836], [31.975026722949007, -10.272241542843583], [31.97303021723005, -10.269388320289753], [31.97331543143446, -10.28288243090426], [31.96045480217898, -10.30391304943824], [31.933129134604297, -10.30886285478143], [31.923860281570164, -10.303748661807315], [31.908865722323558, -10.309528798288168], [31.89488072392923, -10.32456516995477], [31.880380991775425, -10.32135107816382], [31.87482618555423, -10.332195614897543], [31.86132406396448, -10.337493986693591], [31.83738666826665, -10.39308217298713], [31.84455683401492, -10.415559023584864], [31.84161735865736, -10.417581324881931], [31.845966888075363, -10.420760464565483], [31.838575063929053, -10.429128922088596], [31.841664894807266, -10.431910565179514], [31.828331089654, -10.44032547384018], [31.831325847334107, -10.444766585725814], [31.82792703282908, -10.453017528904185], [31.809506891078613, -10.461572102158554], [31.80772429758502, -10.466527104373935], [31.79384382895378, -10.46297446872223], [31.78930415493626, -10.4694720189094], [31.779369164288017, -10.469144808055086], [31.781127990155834, -10.474006199366833], [31.743812346054337, -10.471598884578526], [31.737204863440482, -10.485808781353363], [31.727673925125536, -10.486112603042224], [31.7209713702119, -10.49405863158399], [31.710228268608777, -10.493754817696665], [31.701529206179554, -10.504645233418673], [31.704547733282094, -10.507309352928095], [31.69927040407574, -10.520894291585442], [31.685192700442418, -10.52441015587405], [31.680893454222485, -10.533419339588942], [31.672203380335986, -10.537436308349594], [31.667663959643342, -10.527364976250418], [31.662130297069, -10.531287323722788], [31.65084606291513, -10.529545112391311], [31.649677429290673, -10.522357872996041], [31.64159065406752, -10.528058934163669], [31.640781652882218, -10.523943720073424], [31.635532791287186, -10.524378532785901], [31.627830939671746, -10.534892717753184], [31.6128939588416, -10.535588266971065], [31.605856169731904, -10.550291482920727], [31.59817861664655, -10.547970003875328], [31.600230288805427, -10.543264081245159], [31.589200800696446, -10.54900726336765], [31.58954994799962, -10.554656439189074], [31.58075325217376, -10.558172129989622], [31.58331878403133, -10.566415473606254], [31.561396688604834, -10.57411128622939], [31.545443140961513, -10.568234085789895], [31.539795060867732, -10.547349413306058], [31.542076781689396, -10.533329289054388], [31.527768491302428, -10.515733131415121], [31.517167996352327, -10.477546252677401], [31.519755847751448, -10.418669461401032], [31.509440570599047, -10.390687068804723], [31.52622072461058, -10.34067721016857], [31.495542117695816, -10.29025086111743], [31.491830294213194, -10.26557040920782], [31.481004135277235, -10.252316319663159], [31.47967407170124, -10.23774520615702], [31.457152622113806, -10.222940649314383], [31.458803562112656, -10.219963391914606], [31.442537938841326, -10.2154762869978], [31.34094440729162, -10.212025272839332], [31.28805441329288, -10.200795831441752], [31.283897550943788, -10.191540675194112], [31.255061972581686, -10.168202828672076], [31.243818873182967, -10.149850507781524], [31.272386422112074, -10.07851868809456], [31.24500577225211, -10.018278484347176], [31.251898473561965, -9.900480609245882], [31.1624061319333, -9.782571549969589], [31.12211894261863, -9.765900447260591], [31.127521787131432, -9.754552323211142], [31.123758979764872, -9.747888499131415], [31.131250917556304, -9.733710774257409], [31.129644675031066, -9.728071956919047], [31.140142555426255, -9.720632299581496], [31.139833760445676, -9.706318168682868], [31.152644625729344, -9.68752869420545], [31.153595388253002, -9.674947154157005], [31.159941381169126, -9.668456952621682], [31.189740532929164, -9.661247835759603], [31.208136907952156, -9.644611537344925], [31.223586058749962, -9.620546028255532], [31.2545081306663, -9.60735262160254], [31.256005509057186, -9.587010800632678], [31.274568260155636, -9.566269328170549], [31.281413420824002, -9.548573624330738], [31.291918845270914, -9.534955507097973], [31.308627696405132, -9.529470606620935], [31.316376040328123, -9.518969348943044], [31.349460991343946, -9.545550027856097], [31.40626633383103, -9.573394225691178], [31.42266620223674, -9.592119805668416], [31.449238742040155, -9.583893802410344], [31.45803287497252, -9.58752639323482], [31.487909156981182, -9.584878119333487], [31.517405150689026, -9.59366655516247], [31.516288059700624, -9.544542155810912], [31.523656115322826, -9.535752451074424], [31.518807457678463, -9.532658422605671], [31.52715000122929, -9.526306198954213], [31.54050757580499, -9.524618503344914], [31.56263551478896, -9.546346947065436], [31.58535764980752, -9.579862755274561], [31.604371989389175, -9.57962838899999], [31.623600242992783, -9.589612185995307], [31.626778235431306, -9.578939866656995], [31.630326563735597, -9.579886188792868], [31.65164639356131, -9.554925432191219], [31.66046429411949, -9.548620500993616], [31.6700190000602, -9.548432990759924], [31.675556926038908, -9.541026300048447], [31.6913863642392, -9.539690267795065], [31.703127718701804, -9.518336452244558], [31.7227124902855, -9.512616870696869], [31.741108862613537, -9.515336029322127], [31.76105015307562, -9.502115098749176], [31.76863212092315, -9.482564065826995], [31.803570971004874, -9.459753115717024], [31.806969783713264, -9.443622777688224], [31.81483696756184, -9.437714382649004], [31.8270536817267, -9.433728503092317], [31.831735814175257, -9.437579677150227], [31.893104747426023, -9.416682486612938], [31.9095046149334, -9.418886561187957], [31.933320076009515, -9.411289487436115], [31.95561438837401, -9.410843975291977], [31.969328480929764, -9.415768029133357], [32.043508176157935, -9.415369417637297], [32.07117404291723, -9.407232959726704], [32.08959383432473, -9.425240382969582], [32.105756022879305, -9.422215699735304], [32.122001398124134, -9.438581502123292], [32.133742750790105, -9.440480636256089], [32.15632227915561, -9.431617924922124], [32.17041665821555, -9.438182919636768], [32.179638612005355, -9.434454956670963], [32.197036730575576, -9.439120767971072], [32.20991894544901, -9.448264630633593], [32.22315768009916, -9.448334967997548]]]}}, {"id": "108011", "type": "Feature", "properties": {"DIST_CODE": "108011", "DISTRICT": "Mushindano", "PROVINCE": "North-Western", "Area_km": 10433.4104638}, "geometry": {"type": "Polygon", "coordinates": [[[27.622835739613382, -12.264223833974953], [27.584406473817108, -12.2725237771279], [27.5728736560612, -12.26676071999901], [27.558185937061136, -12.27979185205223], [27.532782834874382, -12.282301404961744], [27.50851802481506, -12.298962315060955], [27.50044039264487, -12.314346656941362], [27.493508526585295, -12.3160010488465], [27.48426970962098, -12.310505311729942], [27.49436202491989, -12.304050070373068], [27.502236246170387, -12.283448226743094], [27.480345207299905, -12.277071272203232], [27.47463450115607, -12.295059997582532], [27.465011958936675, -12.303467427922241], [27.47281116816601, -12.289562878828137], [27.447379489671757, -12.269636560401809], [27.464159642784995, -12.273073844186529], [27.464444857887703, -12.265827630045964], [27.47789750566151, -12.267917905202335], [27.47647142924964, -12.260578647167724], [27.474379853027532, -12.25588698832275], [27.460404310299918, -12.265641826792884], [27.462068068359514, -12.249848095382022], [27.449756280996574, -12.248454484670294], [27.440792854260675, -12.264984247410869], [27.428709479728376, -12.257865457804087], [27.40909220799602, -12.267827085159404], [27.3930726269928, -12.283387499587178], [27.36250707395485, -12.287567751886513], [27.36279228815926, -12.306610288018224], [27.3563848208333, -12.320646894245877], [27.33377994290877, -12.313657224801842], [27.306118706964774, -12.327933993380013], [27.305436606288076, -12.350775834376456], [27.29837277681492, -12.368184974341501], [27.24793547369766, -12.35307858069009], [27.199757891660745, -12.347529504263925], [27.11875680069506, -12.34676330459074], [27.060620455892547, -12.333946541268727], [27.062094116963298, -12.353640198187893], [27.084626600557375, -12.415751282877538], [27.079596884772556, -12.431286198881876], [27.063811085830462, -12.453419004184088], [27.06546120207417, -12.483420863246872], [27.07177184628388, -12.498469007160665], [27.098592416327115, -12.525712719788345], [27.088987125354443, -12.53169700334726], [27.074495432224133, -12.527825334389554], [27.057303191347327, -12.534050412989039], [27.043416179387563, -12.533076341420106], [27.01312444093305, -12.555245193620184], [27.00110061661924, -12.558303527701055], [26.983513742244867, -12.58103958462011], [26.967703500143887, -12.593216639170501], [26.954248911110785, -12.62467533071375], [26.942310730379514, -12.626730673812064], [26.93536550996492, -12.633883025424446], [26.92598673817431, -12.62971742620669], [26.885761260424715, -12.636002583007595], [26.87568360742786, -12.66789163606944], [26.86805266971922, -12.67595105916652], [26.86722532313919, -12.720704342637715], [26.85129659684548, -12.744669720194832], [26.857550155813833, -12.763574660065078], [26.87289208369932, -12.786426263229233], [26.8906351867797, -12.790365245872547], [26.91848329655732, -12.822669309773945], [26.911191209662054, -12.828361303151215], [26.914138907299378, -12.835851074869788], [26.90252986030508, -12.86001688578187], [26.874126267390082, -12.888327611787142], [26.9361881565594, -12.927845421949176], [26.9492813111329, -12.943031602260078], [26.99714296107429, -12.946491314313118], [27.007431267208638, -12.957048419997447], [27.019396943574097, -12.958626896949], [27.021984169745778, -12.974369755882229], [27.04174630290253, -12.981186132947034], [27.03213242134082, -12.995357780776857], [27.03579616609109, -13.000165988648764], [27.071955709862966, -13.001976830320958], [27.090991204769562, -12.980282339226315], [27.117709735179666, -12.97849216261188], [27.113657179811483, -12.999357044322467], [27.098473115565824, -13.005693939892419], [27.088101744013766, -13.018270526637863], [27.090413064324057, -13.033342794038727], [27.082121409435732, -13.055077654214674], [27.086830490444516, -13.06989935601338], [27.074840559566393, -13.12830014332217], [27.06921775536974, -13.133928951299263], [27.030052413622933, -13.143640612869081], [27.007898338155783, -13.16359593615832], [26.99921879701599, -13.178274199420667], [26.960758701937493, -13.205617712271694], [26.95270334259644, -13.222422503951998], [26.94873924702923, -13.250897648217396], [26.964528400280585, -13.269025205870337], [26.97882706791425, -13.303315996172635], [26.97701710994044, -13.337367113096898], [26.964226743313237, -13.362021825951654], [26.928449907903563, -13.373585192926702], [26.91789182241803, -13.426875154205545], [26.875418143583296, -13.439667677811352], [26.87310940143791, -13.419792289370996], [26.856137938610182, -13.393476286951461], [26.834284238214455, -13.371632928759531], [26.81533159402819, -13.364477766668672], [26.819840709156388, -13.348490694127923], [26.82916464239222, -13.339567217242461], [26.8250376544162, -13.334287336254372], [26.82656616841485, -13.310712383587699], [26.810975331737147, -13.295688659710258], [26.80608408766015, -13.283639258840957], [26.806460409000653, -13.265980210032431], [26.80156451614204, -13.263310470759123], [26.79543818377077, -13.264378780757001], [26.790225088598806, -13.274420345693684], [26.780508535888266, -13.274473475104237], [26.768417433149605, -13.281858275749471], [26.76284952140672, -13.291845993950009], [26.753214850134345, -13.289481914566647], [26.733781743815005, -13.299495882134318], [26.727094789942925, -13.296308457984017], [26.71306583428679, -13.306375260743986], [26.707279572641053, -13.30395820622578], [26.688064817122896, -13.310678099009941], [26.68533544782883, -13.321195815728707], [26.676492294729748, -13.319336656136967], [26.671224611632898, -13.3256577399416], [26.67900331322263, -13.335856112640247], [26.67119731901795, -13.341353495887716], [26.6761920615921, -13.351259092123861], [26.66587504979287, -13.352002657191731], [26.667430788134524, -13.359730312293683], [26.661071360015008, -13.354233347393151], [26.642156834041213, -13.351710541898838], [26.633313679145473, -13.362146811020601], [26.617224450859954, -13.364907814870197], [26.618003301889377, -13.3747584462527], [26.603538957069564, -13.37086154296315], [26.601591830843457, -13.36393355623872], [26.608935268135305, -13.363229919595353], [26.61166124000095, -13.35808791307037], [26.607155040804134, -13.352566899365899], [26.609769749135314, -13.3472081449811], [26.626292482817398, -13.34423100704865], [26.62918535088305, -13.338547281693002], [26.600979877810673, -13.32512233194761], [26.602982634007365, -13.313158342583566], [26.611828136200955, -13.310343200173559], [26.607266305236926, -13.302601390052423], [26.60020102857788, -13.304225568355998], [26.592134373820453, -13.295996293025768], [26.587238753151365, -13.276558940641014], [26.57110544183992, -13.256199488428782], [26.572505570414794, -13.221647899943358], [26.55424891575785, -13.216233694082652], [26.55091099085942, -13.200256374240873], [26.560034656380708, -13.185361321881112], [26.576358878554664, -13.174035634833617], [26.571439235138232, -13.169761165221116], [26.575556011066112, -13.165698462013241], [26.57205118817105, -13.158872969247385], [26.5812379387815, -13.14097628661429], [26.578448880030063, -13.134386298959924], [26.585918961810673, -13.111750023185763], [26.580952323030154, -13.103341064201025], [26.581397380761256, -13.090228286105011], [26.58762817462367, -13.088981992662479], [26.60241440736933, -13.100835154219656], [26.5987600473188, -13.089177490364417], [26.592579431551563, -13.087681507958852], [26.596588129370954, -13.058519586600434], [26.57773793983948, -13.03857628838741], [26.583441958924322, -13.026653107228539], [26.59557264323106, -13.03792653375634], [26.600463977139633, -13.02474494194238], [26.585794981725034, -12.996432337929877], [26.589146259181852, -12.980452054161415], [26.577024618215095, -12.993166881585354], [26.57353646266181, -13.014290812834908], [26.56240734509961, -13.009841086577472], [26.564546458369918, -12.995668086858812], [26.559412584724548, -12.986288450317135], [26.555633486410294, -12.999836699603684], [26.531247594230468, -12.997960832138132], [26.53281627819366, -12.99268053562104], [26.540802300171187, -12.991568881874986], [26.545579653141544, -12.973156363408258], [26.53222630064767, -12.98291625241666], [26.527512801724328, -12.976715612302304], [26.52821982615859, -12.965002869641564], [26.517850124574675, -12.969366507107623], [26.511015549653642, -12.96638086937853], [26.533169001689973, -12.953059900601856], [26.551551652252048, -12.919294944313203], [26.53929655127848, -12.931239530815484], [26.53222630064767, -12.920902901641364], [26.5352900767894, -12.910106409428183], [26.528219824361965, -12.916538419327681], [26.511722575884505, -12.910795560607284], [26.507244750874307, -12.914700717355727], [26.51101555055194, -12.92228114341566], [26.498423384615762, -12.923232764991045], [26.499504127072843, -12.931680318593502], [26.494571278421738, -12.934565719580327], [26.491652401433694, -12.925689126650765], [26.486818080002937, -12.928120004189488], [26.475225005952726, -12.919986451708205], [26.472093087206805, -12.924741175137694], [26.46730455380444, -12.917003746767064], [26.45963396715411, -12.922682087866736], [26.43467324841384, -12.894350279161094], [26.428854960031583, -12.900558062781228], [26.42213900944043, -12.877783168361884], [26.40234808527883, -12.873432340597613], [26.406083902762692, -12.861000018154124], [26.401803372941682, -12.856324987376935], [26.386727594315307, -12.859089366345106], [26.380901999934856, -12.848261778355393], [26.37420819101883, -12.853485385707001], [26.357956328141, -12.839258916622924], [26.335201663329414, -12.840798087804322], [26.32633794689511, -12.836564821270088], [26.31479526473908, -12.84036286986247], [26.31383969083873, -12.830003446414715], [26.32518842403, -12.807304642837424], [26.31765180403631, -12.781446867137984], [26.318768688412213, -12.76489403501272], [26.329470575310104, -12.736546917317193], [26.319280674225233, -12.719010546904277], [26.32013428574756, -12.708096161243144], [26.342256700990845, -12.683250917793018], [26.33654974172007, -12.664218183245037], [26.35281710862137, -12.64015064534612], [26.39034924580802, -12.618465870256092], [26.397536690650764, -12.628487544957277], [26.404317059430944, -12.629554120328638], [26.428372137125965, -12.618945506820713], [26.442751854357784, -12.622964207808765], [26.44677055671452, -12.636010707820182], [26.46652124084297, -12.638296226016436], [26.474577693433723, -12.650123779915072], [26.489776386743785, -12.658351645777701], [26.500080263376955, -12.673626523973256], [26.5235449152666, -12.683416158564903], [26.531015536036374, -12.69724660684186], [26.53732927673884, -12.690970683720245], [26.545100651669113, -12.692156454259706], [26.54728413812118, -12.681490653372709], [26.535158734111683, -12.670846829361272], [26.542496068249484, -12.66639983986513], [26.543139944712554, -12.644140657300484], [26.551369568235543, -12.641628098811802], [26.555428543863083, -12.631257921828722], [26.561346085304447, -12.632775030959197], [26.56320292455628, -12.615312376297183], [26.572124419731328, -12.612120777179992], [26.576314300557005, -12.597413155212427], [26.564539226931885, -12.588565666651467], [26.56714028087075, -12.577205177743476], [26.575452252057534, -12.573533917641928], [26.581977300769346, -12.563032007387081], [26.604905754554135, -12.557037456595644], [26.60913233605076, -12.548406408932376], [26.60879127628009, -12.532327712395563], [26.592578747035304, -12.527949117004303], [26.58823928683334, -12.530861459987072], [26.578024552720773, -12.522471576626838], [26.5820822230962, -12.513051124066802], [26.593265992363648, -12.508976926308668], [26.606031358876496, -12.485950888937975], [26.59637959086763, -12.460646859155744], [26.606489984761662, -12.44018107673102], [26.604832183430684, -12.433682735696307], [26.599842795713933, -12.432909772846742], [26.596500540037496, -12.421731343700952], [26.601329828207678, -12.415589488194692], [26.596348243257484, -12.409983413415862], [26.612843816376927, -12.399144991018487], [26.608051246843967, -12.397391505947176], [26.613244028412435, -12.39184808332447], [26.610755665431018, -12.379235436656298], [26.62830621373193, -12.377848351199864], [26.633765593717122, -12.370672485580956], [26.64051712208512, -12.374208222698472], [26.64797532993427, -12.366346229564993], [26.651398083643304, -12.373073925117831], [26.65900407872977, -12.36358481864429], [26.675000793117405, -12.358149177587173], [26.673547759162208, -12.339746041579401], [26.691988784946396, -12.322695671564693], [26.695247792847113, -12.324230623756849], [26.70558881930885, -12.303354126871318], [26.716591861015846, -12.29889148566513], [26.729629567976733, -12.303067908772384], [26.731872760055857, -12.298524066699724], [26.735398245100793, -12.301183351415492], [26.75144004593255, -12.293924707821159], [26.76417604023057, -12.282092284366335], [26.764156203632464, -12.277043739143659], [26.787138569809027, -12.270948765112674], [26.79247518962077, -12.26016189610594], [26.790906229874768, -12.244416896031664], [26.777699698929265, -12.240697876945875], [26.76766586934525, -12.225663571382462], [26.77230544680214, -12.204898989361423], [26.75812489415363, -12.169491484684922], [26.739456314328194, -12.159865492132383], [26.73545292106056, -12.138957598267844], [26.728306071085488, -12.136510139122255], [26.72107173687985, -12.124778787226077], [26.729577348010963, -12.080451612566588], [26.71216313881736, -12.053138799969878], [26.676304144390116, -12.032218080421005], [26.690441203307522, -12.017027226675053], [26.698869044589518, -11.998627762064839], [26.70561886166688, -12.005767366943715], [26.716979929625325, -12.003489048073314], [26.734520662035116, -11.979123795026375], [26.748971559075116, -11.974659692354829], [26.755103683783336, -11.963917646022951], [26.765181283779597, -11.96149946192983], [26.768556328862182, -11.956011970980185], [26.77568670822651, -11.955825951136084], [26.819562296097033, -11.987075292652301], [26.836918042931934, -11.987994161024545], [26.856557962989243, -11.97860365099818], [26.87703875466151, -11.982256322796792], [26.886746956633164, -11.976831151406707], [26.89398051828763, -11.958366533600643], [26.911969243224583, -11.948372798680438], [26.91491977414832, -11.934762279204207], [26.939190275933285, -11.936665850107733], [26.943310888565737, -11.927168912107707], [26.9571790008702, -11.91743980724942], [26.969837733765598, -11.876798612434682], [26.983353074064738, -11.867851837854815], [26.988968601907565, -11.853194358630178], [27.000770728297475, -11.850529361904414], [27.008194646553914, -11.841392231414428], [26.993632344943943, -11.823879399054197], [26.997629838975136, -11.817026550957102], [27.008004289053645, -11.813695304845739], [27.003340545118938, -11.802178713944425], [27.004641072986704, -11.745770992092536], [27.018703687618178, -11.746698982653031], [27.019845828128304, -11.7404885903939], [27.03183831112015, -11.735991407131069], [27.031909694845904, -11.725283832799063], [27.0476141378643, -11.7081517128536], [27.04183204799475, -11.67524376764183], [27.032694917625637, -11.669818597271952], [27.023129484902114, -11.648117911909129], [27.030910322685575, -11.63626819810206], [27.017632929037173, -11.621134825353993], [27.016490787628747, -11.614781664650708], [27.021773192316466, -11.60814296867162], [27.04939873370266, -11.590011474061283], [27.081164539266478, -11.606001453282472], [27.11964042223609, -11.587655808287797], [27.159187067379964, -11.599362756010068], [27.173892134644777, -11.584586303004441], [27.194522061027275, -11.579946354720787], [27.207085612926704, -11.561101024035677], [27.236709904921735, -11.680383402926731], [27.227287237853055, -11.693518028562654], [27.23304553494402, -11.711625726429455], [27.22057715865063, -11.745794787099596], [27.23047571632589, -11.76226065632067], [27.231998570938263, -11.783961341145405], [27.252366756993037, -11.797667035791745], [27.26283638627084, -11.798809176963879], [27.266738702001035, -11.793098471038116], [27.292341702694696, -11.802997029736444], [27.32727218856281, -11.827553066659299], [27.340406814759746, -11.827743423602183], [27.34002609975917, -11.837641983197637], [27.37486141091957, -11.854964458371043], [27.380191403859428, -11.865624442939644], [27.396942809086983, -11.871239970729272], [27.400083696612665, -11.885326381109047], [27.42121331177025, -11.891132264673878], [27.438345431100046, -11.909787239691251], [27.468802529635425, -11.930631318316316], [27.476797520392736, -11.946716474089465], [27.461726964571422, -12.005384465057874], [27.46850367092017, -12.0503015517675], [27.47433334994022, -12.054049202365128], [27.485159896948392, -12.048338493754265], [27.49604593129302, -12.05654763425087], [27.495332092239007, -12.070526968848283], [27.5110365352574, -12.089146251273512], [27.510746338098123, -12.122717404633324], [27.515284819152967, -12.138814690986992], [27.53294273589326, -12.175827097286145], [27.54710916433057, -12.18290891380977], [27.55771509408814, -12.19786880366828], [27.57098705472567, -12.206927986918993], [27.58978479881423, -12.205738255424622], [27.598648289771365, -12.214423287346898], [27.6153998468142, -12.220402240434622], [27.615347916105925, -12.240278711002508], [27.62890377401765, -12.2560649821504], [27.622835739613382, -12.264223833974953]]]}}, {"id": "110009", "type": "Feature", "properties": {"DIST_CODE": "110009", "DISTRICT": "Mwandi", "PROVINCE": "Western", "Area_km": 5814.33850176}, "geometry": {"type": "Polygon", "coordinates": [[[25.077516443945875, -17.044007982333778], [25.168455354354666, -17.086097751780333], [25.164987904968676, -17.092256349361726], [25.133190642200237, -17.098367729300016], [25.126895128314874, -17.1138803326731], [25.116369817862513, -17.110683901862068], [25.11666491892491, -17.12029653127759], [25.110123489433896, -17.126524498727104], [25.112607263820838, -17.140107792655293], [25.104811648750953, -17.14948391640752], [25.098294807047594, -17.146664079815746], [25.097212767423237, -17.1591180367997], [25.087720312036783, -17.164428338155428], [25.089810618939392, -17.17706906421679], [25.101663890909975, -17.180687254030758], [25.104196850753663, -17.19130646567711], [25.114672980240865, -17.193303377062314], [25.11983726994346, -17.22207995615006], [25.111451447358863, -17.224569801287974], [25.10390175058956, -17.245074507700746], [25.0909664362997, -17.24542680166057], [25.075571939003765, -17.254233950963236], [25.072751181400918, -17.258879769792905], [25.076162142925227, -17.266375383317484], [25.067530404734974, -17.274617950084867], [25.06691560943261, -17.286805000758857], [25.05648866360552, -17.282484441987318], [25.043258247354927, -17.286898925588087], [25.038044774890547, -17.312256662964963], [25.02825722023829, -17.3138061913908], [25.027027626938665, -17.320285885929874], [25.014289049085892, -17.328267805756067], [25.00981333421824, -17.347610781666916], [25.01664986656832, -17.34965530231435], [25.015125172206258, -17.358199270728168], [25.02506028143212, -17.365804007278175], [25.019502522448565, -17.37460303159228], [25.022945382250306, -17.382160150380678], [25.01716629634705, -17.394340062751198], [25.018543440627056, -17.43997818565594], [25.008313230338796, -17.447884507139612], [24.99910121281435, -17.467297673759564], [24.987027107099138, -17.47384974792051], [24.977020810878585, -17.502707809636433], [24.971863173200667, -17.50615324519751], [24.979183690876372, -17.521883533070827], [24.977234723103916, -17.55120985597946], [24.963592461634903, -17.563826288359607], [24.946404502128765, -17.56831147505559], [24.94169993784922, -17.56298252887942], [24.946357921786337, -17.554322650136214], [24.94398235037368, -17.54850475871733], [24.907603494603293, -17.55476675778616], [24.879748748072352, -17.5270080234158], [24.853943516845284, -17.530161627704594], [24.82925620036176, -17.519856684135874], [24.79641741198829, -17.537134901918087], [24.789663334201528, -17.532826603948244], [24.780626845686967, -17.50835176521279], [24.760830413954366, -17.518168750137622], [24.72738608741755, -17.500044670988387], [24.71038444568787, -17.49697939227225], [24.691659351051268, -17.50128854022779], [24.643262892698765, -17.496579570168272], [24.637254095000962, -17.500799878235988], [24.641679179920835, -17.51390442284778], [24.626261251867376, -17.51186106478772], [24.61708502322386, -17.529495377953783], [24.60499878576075, -17.535413800342265], [24.63772781976941, -17.320225494167246], [24.55056869578438, -17.29505901873563], [24.534340934705646, -17.280899471939104], [24.495970752003938, -17.286713083846706], [24.4701111753971, -17.281378425116458], [24.462449077826207, -17.28564616429361], [24.440420550903166, -17.279092095985828], [24.419828664579725, -17.284274400640154], [24.39620386643109, -17.278787249843035], [24.35993730815606, -17.28046314083395], [24.180772301580173, -17.00514765167854], [24.39362717300608, -16.697266846646112], [24.417120187404215, -16.696001982648475], [24.430662155565056, -16.687035985177864], [24.442185661384713, -16.685895143052125], [24.467467957233772, -16.66622490137074], [24.525798986721306, -16.66253797757277], [24.55498405823797, -16.656124238064205], [24.630071351042066, -16.691951093883162], [24.622786369820737, -16.70630370901471], [24.617134827619843, -16.738323409826933], [24.58992152491416, -16.777478273580346], [24.787627561324882, -16.736526063764202], [24.883279153190088, -16.680081449243467], [24.927278834333922, -16.685592148755966], [24.943411073056936, -16.693856872759234], [24.956192828433828, -16.709600151633623], [24.926025486883216, -16.741845853915425], [24.91148381059217, -16.77046575888979], [24.912252778356855, -16.790137746069846], [24.90711074621208, -16.800663335113438], [24.867533484686664, -16.836976934313025], [24.86261074837072, -16.849316738251908], [24.849502317047516, -16.86251051797238], [24.855757890038696, -16.882012702860102], [24.848251536981877, -16.903477676371097], [24.81946399423296, -16.937356606207032], [24.818995268589063, -16.99149095980436], [24.852791059184128, -17.039729026765617], [24.853238809166132, -17.052737036633395], [24.8618360646259, -17.069850017669335], [24.911215670666387, -17.03425466078007], [24.938462350276456, -17.04325400718334], [24.979318354625658, -17.04056407696559], [24.985524798753946, -17.045148549095607], [25.002863596176113, -17.039938509406664], [25.053393804856686, -17.04751670312699], [25.077516443945875, -17.044007982333778]]]}}, {"id": "104008", "type": "Feature", "properties": {"DIST_CODE": "104008", "DISTRICT": "Mwansabombwe", "PROVINCE": "Luapula", "Area_km": 1214.22282327}, "geometry": {"type": "Polygon", "coordinates": [[[28.906571514738182, -9.770079865988068], [28.935055299360304, -9.850913971189584], [28.924431049360823, -9.88524453790229], [28.93423699701852, -9.910160436397318], [28.930662893353816, -9.971820149773912], [28.940951836393666, -10.044823944234153], [28.934068385036326, -10.10672372594033], [28.910107924195255, -10.10458647888742], [28.901532439406406, -10.113384500987216], [28.893337242020053, -10.134311588182111], [28.88175748639224, -10.13955250700542], [28.85742383573775, -10.139248348091444], [28.83306166536961, -10.128707922668161], [28.82719097376524, -10.13308323598858], [28.792870021766856, -10.123946486628919], [28.774628102175537, -10.083582573039637], [28.76126574766422, -10.077418733274676], [28.76116592237826, -10.071030117626433], [28.75423518190771, -10.069176693930611], [28.75370753217107, -10.062647503895645], [28.74207073262441, -10.050585702322731], [28.71790821192985, -10.042637868321235], [28.701741237151435, -10.022360174791903], [28.700243856065594, -10.013044743642915], [28.70742178325792, -9.999305163801226], [28.69648851639397, -9.988654835073675], [28.684438153151742, -9.990035885781534], [28.67906659067207, -9.997713487748024], [28.681205710230593, -10.013246033702893], [28.672336452987654, -10.046450792780496], [28.648060291816375, -10.05493548716452], [28.63971541983233, -10.051602083831876], [28.6442811908072, -10.046684199210203], [28.64466147910798, -10.021735142790993], [28.636057489876872, -10.008159800835017], [28.62174919859157, -9.997439561573549], [28.631066225579485, -9.978947490101689], [28.62412599081471, -9.953805951296818], [28.635629667222812, -9.918595178223164], [28.65958773495195, -9.88389575443388], [28.658114124186834, -9.867785734559183], [28.67394356238712, -9.835891195111211], [28.67665310496455, -9.810129772056493], [28.68917354761181, -9.813293937057495], [28.686976286393147, -9.804382803068638], [28.664576388745136, -9.783874983078242], [28.666407448144934, -9.767395489709632], [28.657374248362643, -9.75470017560721], [28.678710936871322, -9.740600584146298], [28.706121149388963, -9.70959105321063], [28.73169962158381, -9.701816273972428], [28.742395186138737, -9.707813788728785], [28.750205194016075, -9.720534115572733], [28.75465806831929, -9.715685857147804], [28.772532917420918, -9.720042762126518], [28.793027599742437, -9.73691634395364], [28.810060202806717, -9.7409144574067], [28.830999747026606, -9.762230763997003], [28.83606231509967, -9.75979468255929], [28.856241282717928, -9.767360527683357], [28.860020382828807, -9.773310017142903], [28.8799854409167, -9.773825322964917], [28.89210708188346, -9.764034388270176], [28.906571514738182, -9.770079865988068]]]}}, {"id": "104009", "type": "Feature", "properties": {"DIST_CODE": "104009", "DISTRICT": "Mwense", "PROVINCE": "Luapula", "Area_km": 2407.1724439399995}, "geometry": {"type": "Polygon", "coordinates": [[[28.83306166536961, -10.128707922668161], [28.853510238964205, -10.145866201982697], [28.855506741988208, -10.165752398562459], [28.862827265053788, -10.17656061295822], [28.86135365339035, -10.20435148287548], [28.876850339439727, -10.209918724010379], [28.901530314890774, -10.208338898274434], [28.902212564687787, -10.24150056914148], [28.879818771990458, -10.285487822678736], [28.88564098511217, -10.303739745745716], [28.884072302945597, -10.327427483876349], [28.85909397992071, -10.395138975864858], [28.85180170887081, -10.474639782069527], [28.84728006134607, -10.483379974348939], [28.85467182440694, -10.577160328602424], [28.871428211691036, -10.588421605375025], [28.865628839133727, -10.603677405576063], [28.86548623068407, -10.622249674897223], [28.872635812435924, -10.638029306606002], [28.86028105595795, -10.671162921904424], [28.841704042307754, -10.69250577997519], [28.843748992373342, -10.698985029666366], [28.838866558074315, -10.707581880126966], [28.821981452989792, -10.708354480176624], [28.821006967756116, -10.714029455677936], [28.814351948992353, -10.715640847957458], [28.796528268827625, -10.700809744944417], [28.773593949942356, -10.69916208492049], [28.77727800200798, -10.734244517386871], [28.772748840974185, -10.74395596502787], [28.779232243789423, -10.768024767768244], [28.773265217752353, -10.794176977608045], [28.764945805820076, -10.794796938434898], [28.768789951144026, -10.803363529898746], [28.767470316110195, -10.824891646918731], [28.760355785722425, -10.832386675834947], [28.756167395201807, -10.849630163676236], [28.757142771564236, -10.87656407971167], [28.740790824685686, -10.898875692573618], [28.72730763958212, -10.960055003037738], [28.73155340819491, -10.969968693021476], [28.75817552601883, -10.978079647430805], [28.77102758175325, -10.987316850285163], [28.763626175277803, -11.010746507806058], [28.77843095823409, -11.034220911002041], [28.767345576049845, -11.041648635311118], [28.764304951289645, -11.051248459268432], [28.746290839962786, -11.048994882334654], [28.737246880159994, -11.042391146130004], [28.729360591840287, -11.016189716079353], [28.710070506297328, -11.008005437086542], [28.68922124096687, -11.009806557720257], [28.680816884341326, -10.999279642694864], [28.667269140013254, -10.999708938862778], [28.65803765869153, -10.987436413061047], [28.65232383898696, -10.989928290569232], [28.642845171841753, -10.982947248309612], [28.635904922703965, -10.987063097352767], [28.626417046030483, -10.978909138151803], [28.613514988270733, -10.976154496561556], [28.607846325078853, -10.969329465328606], [28.58982069375678, -10.964093333769656], [28.589164699020536, -10.954866875642152], [28.583203690797554, -10.955622925058842], [28.57896823933579, -10.945556122867021], [28.563095987429065, -10.941789735659295], [28.543476345042674, -10.923341235869236], [28.546475025665632, -10.897257389584597], [28.542909837780115, -10.873170219579576], [28.547497046150916, -10.850948548167134], [28.55988013369628, -10.822188639251275], [28.579655048981238, -10.812290108128758], [28.582530969430714, -10.788522966111609], [28.594462467594578, -10.78144849296787], [28.603351671928394, -10.768489868276562], [28.608247863926007, -10.725197020233987], [28.623197888294072, -10.715435424216603], [28.664696685738075, -10.72300185469135], [28.662723949441553, -10.68392994407392], [28.685699526151183, -10.680539948136175], [28.69830322286237, -10.668395996304364], [28.68466174202934, -10.634855231782842], [28.65837441822693, -10.626398912987266], [28.659776725216368, -10.602687270859736], [28.67358589007193, -10.562875617665597], [28.663484523348195, -10.552431213738624], [28.65808920132759, -10.536308280167066], [28.64138035019341, -10.53046643105086], [28.629353780628097, -10.518525344950588], [28.642093388848473, -10.50190987485962], [28.632277236329152, -10.475290545390441], [28.63299027498425, -10.465450862984504], [28.646846975091357, -10.447827469401856], [28.643828447988824, -10.423003435579233], [28.627285971133464, -10.40568153924783], [28.622128329862292, -10.390743261184321], [28.624267444030927, -10.375430201665598], [28.618444303847816, -10.365376943668828], [28.632087092627927, -10.335238623110273], [28.634820402831124, -10.301402632078318], [28.628022779210966, -10.288400413567416], [28.610933638877633, -10.285032844431669], [28.608057720224778, -10.263914568604843], [28.575234213990935, -10.225392885066103], [28.595389415780048, -10.191241038637038], [28.611100014953085, -10.178327880253335], [28.610505818020197, -10.16457198190647], [28.618919661753452, -10.167355963237995], [28.627072059806434, -10.163823344393087], [28.625360770088484, -10.124868399363226], [28.632681292255736, -10.080643537581121], [28.629525292372026, -10.059794976841308], [28.639728236994785, -10.051817106084389], [28.648060291816375, -10.05493548716452], [28.672336452987654, -10.046450792780496], [28.681205710230593, -10.013246033702893], [28.678852681141667, -9.998228442852463], [28.684438153151742, -9.990035885781534], [28.69648851639397, -9.988654835073675], [28.70544904157148, -9.993383156213797], [28.70732671185644, -10.004243989760553], [28.700243856065594, -10.013044743642915], [28.701741237151435, -10.022360174791903], [28.71790821192985, -10.042637868321235], [28.74207073262441, -10.050585702322731], [28.75370753217107, -10.062647503895645], [28.75423518190771, -10.069176693930611], [28.76116592237826, -10.071030117626433], [28.76126574766422, -10.077418733274676], [28.774628102175537, -10.083582573039637], [28.791408291221387, -10.122671299437242], [28.82719097376524, -10.13308323598858], [28.83306166536961, -10.128707922668161]]]}}, {"id": "108007", "type": "Feature", "properties": {"DIST_CODE": "108007", "DISTRICT": "Mwinilunga", "PROVINCE": "North-Western", "Area_km": 18728.1538126}, "geometry": {"type": "Polygon", "coordinates": [[[25.318599919164427, -11.188609312635299], [25.335279832868384, -11.199978583186594], [25.35188588708968, -11.195683968377269], [25.354351633187164, -11.198991320275551], [25.333820513401122, -11.229940377190406], [25.335883691182165, -11.248745124212212], [25.316409973825436, -11.259885650596127], [25.336874159241358, -11.27545659723227], [25.338015017855554, -11.280817656319561], [25.323207600140535, -11.291749244087601], [25.294448410916914, -11.301048924901187], [25.292076969059615, -11.305872856583667], [25.29820374340203, -11.309975401902062], [25.300746910802292, -11.320602907888535], [25.315649400817076, -11.327174981564868], [25.309564811360442, -11.33081053201788], [25.313557821900048, -11.346727178287749], [25.304478475661607, -11.357050384792343], [25.284656026921695, -11.352203417408646], [25.280045049128496, -11.356747452073547], [25.287837939608096, -11.396076287966372], [25.302220523364028, -11.4133437246568], [25.29478116306783, -11.427624988163666], [25.305904552073446, -11.433309338206172], [25.30889930885524, -11.46093737486539], [25.30424079670876, -11.46988212839589], [25.30920829338039, -11.478104532281122], [25.308328877751535, -11.487677621904442], [25.32365919311534, -11.496598237890082], [25.332049269222782, -11.494571909401971], [25.31381927117357, -11.518234800852175], [25.304217028184652, -11.510456077225856], [25.29292726490022, -11.519329394603533], [25.313415215246998, -11.538146420238938], [25.308305112820683, -11.541872413946209], [25.31046799371676, -11.552211788078019], [25.306308604406777, -11.565135469419076], [25.324737940414145, -11.579076288247391], [25.331337940061697, -11.620076285168228], [25.348937938822363, -11.631576288391669], [25.386137940102387, -11.644376286929432], [25.41653793812507, -11.668476287136151], [25.44253793937706, -11.668476287136139], [25.477537938678505, -11.678276284903038], [25.496186095305934, -11.723237876870943], [25.45878903239868, -11.711714607874848], [25.428159618127175, -11.743336082264602], [25.36418009262589, -11.765835337771575], [25.363875863781892, -11.770409897230904], [25.34615662444704, -11.781490604334028], [25.344885037602808, -11.791280109381242], [25.336286991625578, -11.797521245740885], [25.338830159924154, -11.813335757754539], [25.333767591851096, -11.819762502347261], [25.317854966062235, -11.823967432678174], [25.315235114876046, -11.842521644958085], [25.307825410662314, -11.847437789916494], [25.303839414168483, -11.84444164087327], [25.29882880465146, -11.855276533567457], [25.27568869700596, -11.864134173044578], [25.26511196968166, -11.875787279205829], [25.26004940071025, -11.873786979710244], [25.250622610374425, -11.892671657569515], [25.233837806682953, -11.89853676973138], [25.23180515994347, -11.904312905648123], [25.23550847368542, -11.903263947155812], [25.22964721528987, -11.908535944935052], [25.23280756122295, -11.914788645703027], [25.22245585289415, -11.92233461191754], [25.220820519326743, -11.935943232991931], [25.211144568670466, -11.949509634672722], [25.21419353698302, -11.9544810885758], [25.206424930660486, -11.953704728109598], [25.202109038658303, -11.959683990301189], [25.205979568400494, -11.972504075091495], [25.20219017718974, -11.979903631766781], [25.211010166330922, -11.994035972395745], [25.208365780357695, -12.003538605257791], [25.191435272622083, -12.007071451948043], [25.19126596983541, -12.020934262913899], [25.185074241009765, -12.022038211706574], [25.192555911955882, -12.02937934781362], [25.186606048232285, -12.040851934982358], [25.189306867269963, -12.065538021898675], [25.17084043623125, -12.08818929015021], [25.16535167414972, -12.089366794654106], [25.169022265859127, -12.100749919977364], [25.181904919110412, -12.11186204197711], [25.18173502523229, -12.11910837439799], [25.188280711839443, -12.121178891847308], [25.184337612595325, -12.121492605583192], [25.190020523965977, -12.127264864390252], [25.185670993649666, -12.12608671894688], [25.18392761700809, -12.131137366320074], [25.1868902886629, -12.143765304857412], [25.190063308027987, -12.14299154316009], [25.18719689534747, -12.14982636357079], [25.192644502910863, -12.1495858754307], [25.18688672324953, -12.154639562705679], [25.188073932237437, -12.160271694573842], [25.18279234771161, -12.157339831997792], [25.182761656769898, -12.164065554365356], [25.171501778638344, -12.175321449929895], [25.17207740739432, -12.184288739676573], [25.180405786309752, -12.187100814397795], [25.188402968058025, -12.183170949818681], [25.193845822635268, -12.19669199222379], [25.189306148617714, -12.198945430066836], [25.1916354055893, -12.21128093238388], [25.185740961630497, -12.224266273885947], [25.17811145583644, -12.226287189898802], [25.17247845935457, -12.23560179220895], [25.175663360735943, -12.236739960807775], [25.17011205974099, -12.2563482640703], [25.149148750590253, -12.274556972435851], [25.140315689165064, -12.27259650964129], [25.13957330434628, -12.284118650628777], [25.12751236703483, -12.284615164984084], [25.114575541778642, -12.33554762578844], [25.107900428600296, -12.342931127381032], [25.10398430306923, -12.341569465167177], [25.095882394826802, -12.35424711962291], [25.07536610263285, -12.360586482109577], [25.06362562223102, -12.391430662581485], [25.030484808580923, -12.394682702869249], [25.026970761784533, -12.404921237878964], [25.016565138369014, -12.412335064638272], [25.01802110712027, -12.416908312568195], [25.007385055952934, -12.419142916576217], [25.009491881975286, -12.424280657959471], [25.003232315074342, -12.423875881663054], [25.00483377586733, -12.420616335727688], [25.001182618310796, -12.41893304468515], [25.001066479619272, -12.422427925722161], [24.99144856731686, -12.422920143023408], [24.98980271088422, -12.429380120346247], [24.983167094832293, -12.428596478935003], [24.980119073344067, -12.437337875096622], [24.97200932640246, -12.438296861744336], [24.970748328000475, -12.446523000864138], [24.957935790952064, -12.449240572930616], [24.957369628642553, -12.454528698670666], [24.93614644586328, -12.459503814954223], [24.931012785118657, -12.467608471814888], [24.920318176371175, -12.464614265599554], [24.913453287800852, -12.476492543148389], [24.906789037050967, -12.47760064515272], [24.904609680154206, -12.471731283784637], [24.902590067071227, -12.480790154856116], [24.89173905893787, -12.48564570461058], [24.88915050505617, -12.497383775403478], [24.884382902399896, -12.498935692881906], [24.886416666643584, -12.510692264438344], [24.877552669036604, -12.513150490839205], [24.881814583968293, -12.525604368396538], [24.86243626859309, -12.515099565687922], [24.863505708447242, -12.52659922691472], [24.879137940391555, -12.542290142636602], [24.87455779188056, -12.550055523604042], [24.881358548824434, -12.551512003026613], [24.873600612690844, -12.556357334695532], [24.877764463034516, -12.563291152007782], [24.86232937895575, -12.555937746668945], [24.867726422148444, -12.563828390841543], [24.860386570032905, -12.571875775430508], [24.874871601257077, -12.579408391352787], [24.864194607574056, -12.581188491073902], [24.858934135254003, -12.576079954386035], [24.85829163231503, -12.581764105237951], [24.84466633283518, -12.59202727766243], [24.853464007824726, -12.600246904286031], [24.836814182292898, -12.594790135915577], [24.836666337563443, -12.600226247948678], [24.82899479600395, -12.60446268306258], [24.832377351900668, -12.611009239753507], [24.82508738143619, -12.614579597944536], [24.83525014890791, -12.616799806355546], [24.833051398282525, -12.624643797783666], [24.826998169910752, -12.625003880612185], [24.827069473686436, -12.636066822402366], [24.83098980962123, -12.63807650557441], [24.828281637872944, -12.645320362770667], [24.835412136713213, -12.646210480921514], [24.82661192308468, -12.651804705988223], [24.821222686251783, -12.64732366221028], [24.82316614824987, -12.654717545956878], [24.819353841914506, -12.659205414767982], [24.83203392237427, -12.664270466753088], [24.835213711443338, -12.662586750628718], [24.83215560097614, -12.65707436710035], [24.836053750320062, -12.657634704416525], [24.838834597571456, -12.670644126708115], [24.845323242056363, -12.669948450817877], [24.848389301715564, -12.681079009081207], [24.859752532817183, -12.662116677620485], [24.857118358892087, -12.653882058809264], [24.864046370280796, -12.655293490873104], [24.86402165313576, -12.663528261328166], [24.871902771651033, -12.664566995981426], [24.87136633279763, -12.676384375070116], [24.86535614181282, -12.680482348123741], [24.86963727709833, -12.684002947094791], [24.87915917566656, -12.67931602066659], [24.878948025760703, -12.689632849043017], [24.871832138916844, -12.694874616932887], [24.877539656041424, -12.69970255592225], [24.87336012021455, -12.709769462048325], [24.88013397980217, -12.708169652943488], [24.88571995127553, -12.718205222727333], [24.877994864735232, -12.725906084832358], [24.884198295914082, -12.723123979771398], [24.89458934506239, -12.732642003644687], [24.906056573226145, -12.730997749078114], [24.904246332283062, -12.73638742400342], [24.911413750983158, -12.744574033068881], [24.907300719233415, -12.751500004800457], [24.925070522938974, -12.75866360437087], [24.917672943286657, -12.759456656807224], [24.90648890991453, -12.781329888233447], [24.93235409919523, -12.797913507713194], [24.94659253838234, -12.79867963584237], [24.93190063862299, -12.805029777285737], [24.94479170459689, -12.822452000104601], [24.937747432345798, -12.83396712810657], [24.951437757275787, -12.837234663063127], [24.948728214698384, -12.847245566913951], [24.956927194890387, -12.84912177086552], [24.9579264008624, -12.856908493331327], [24.965912424636535, -12.852250870147477], [24.974825398392785, -12.855657201179728], [24.975138732560502, -12.848143358216081], [24.982707362222737, -12.841828979100603], [24.98404080795574, -12.851858521980407], [24.994712821378855, -12.850625100199286], [24.989364248583936, -12.865828376181483], [25.00927158093167, -12.866439428971168], [25.000209545228724, -12.88248911694946], [25.005343416179162, -12.886520608273722], [25.016038981632384, -12.883462243025816], [25.01888213962517, -12.891917369137062], [25.009278382974994, -12.895000951706782], [25.002157470057124, -12.889279383604924], [24.974611487065765, -12.904313998260704], [24.980315787323292, -12.910360683962889], [25.005486022832198, -12.917449713352198], [24.99400611404991, -12.930167762684755], [25.009122516290052, -12.935032417753787], [25.006270364364642, -12.947541098251483], [25.01539724675299, -12.953517245808216], [25.01555792122134, -12.960407065893651], [25.00655569175678, -12.957463755960617], [24.997214897143106, -12.964134529314476], [24.998284454676554, -12.95572654606808], [24.99165320264029, -12.95496217075188], [24.976607991886382, -12.975683331127847], [24.989086151731552, -12.981519841886785], [25.00484428705447, -12.980894508190499], [24.99928259165337, -12.992428189384569], [25.00983295522068, -12.997358885857409], [25.0125424977981, -13.013986493070899], [25.00467531394954, -13.006205466372474], [24.994074820796072, -13.011994944167023], [24.993789605693358, -13.025981759878723], [24.982737519565145, -13.016302225110545], [24.974608890934597, -13.024314497779796], [24.96621881213217, -13.021767273796765], [24.953764419014465, -13.030427734932516], [24.954501224397053, -13.037999602401044], [24.940169166384262, -13.041588633244832], [24.935177900290245, -13.057935429262642], [24.93315762874216, -13.050387325917665], [24.91542675622435, -13.04015302610535], [24.8902089881588, -13.048396069827232], [24.884956277282832, -13.03628611109717], [24.86313732102735, -13.044922910865763], [24.85883532506429, -13.064233055973878], [24.85058785471159, -13.069697043928578], [24.842221546229897, -13.068585734201793], [24.84298211923823, -13.06041282328237], [24.828626293599694, -13.051776562899606], [24.814389306090064, -13.055550624364525], [24.81317714190354, -13.059949762217178], [24.806213140411312, -13.058560568562411], [24.799938408151732, -13.063978377091543], [24.806094298689132, -13.072614208152435], [24.7994630493478, -13.076781525787963], [24.800104783328898, -13.082314689024651], [24.787484014135746, -13.084143615747259], [24.783609841725074, -13.089491409657564], [24.75530224278133, -13.08611143222411], [24.744321461327058, -13.094214041020322], [24.733150537069864, -13.09446869043068], [24.748979976168517, -13.11134439494641], [24.741992204355526, -13.118867483883209], [24.738284408918613, -13.110256419417178], [24.727184788437107, -13.106112817344343], [24.718604565933493, -13.116344379688108], [24.72074368010207, -13.124422848168939], [24.694313746053393, -13.102987707735787], [24.694931714205328, -13.087963479255837], [24.686161350695425, -13.0819674239102], [24.67972024236033, -13.08472238584907], [24.679197347406518, -13.091667535938486], [24.687135835030773, -13.101483014388696], [24.66695686471752, -13.101506161594621], [24.674824050362787, -13.107432297028213], [24.6588044675629, -13.115140688818247], [24.65340915003387, -13.106830430087232], [24.642761117137255, -13.103404393059328], [24.64565428613854, -13.098462610821745], [24.641078960682304, -13.093659037002183], [24.633948584012916, -13.09336966130303], [24.642151990204347, -13.087017041050379], [24.634483361881358, -13.08370434308797], [24.635100648211967, -13.078100684813009], [24.639474625280414, -13.072823168979022], [24.644465889577784, -13.074617438869383], [24.645476028046815, -13.06929247176424], [24.652534420915845, -13.069731296689996], [24.653140504356582, -13.056916204006704], [24.657518551691563, -13.060769083891307], [24.660549640834997, -13.059270795769162], [24.656472744715877, -13.058444924364967], [24.658452636093646, -13.049136528318792], [24.667520777645564, -13.053027467903114], [24.67364034121118, -13.04680952286445], [24.685476766176937, -13.01329128986908], [24.712858096061563, -13.010594496858609], [24.7171886683321, -12.991639510661093], [24.713147641043943, -12.993626655566908], [24.712286984933137, -12.987168239718416], [24.734211917239318, -12.993764156853588], [24.736210083044934, -12.987319848873637], [24.72772425281638, -12.981957195071608], [24.72765362816707, -12.968154260641889], [24.721877343210856, -12.959513720269483], [24.727296430162312, -12.953329247866819], [24.729649452963027, -12.956664712263821], [24.735211148364183, -12.954232606342742], [24.725662153013683, -12.947365467163685], [24.725157996916682, -12.952693332570526], [24.719417365195806, -12.949681032105829], [24.726288690195123, -12.942204395762921], [24.722068166936783, -12.924895988309835], [24.730112928852385, -12.920562887067662], [24.71470011041626, -12.9065364630257], [24.717626401200377, -12.900251849210786], [24.71089724088298, -12.89535791878181], [24.71267983707154, -12.885974509858075], [24.698433374132293, -12.884162696669673], [24.68926740963923, -12.869750680071713], [24.695601901424727, -12.864992715366073], [24.690517927396773, -12.855411136025776], [24.694843737697997, -12.848659234681325], [24.687574512028412, -12.844220089601091], [24.688839685799845, -12.839090966992194], [24.67540162936119, -12.83254111190746], [24.664734516247968, -12.839977489806396], [24.66814090534743, -12.83520227389941], [24.655750854061974, -12.823448943621536], [24.664978799614723, -12.821427168696642], [24.653187408990842, -12.810874538043299], [24.6576996143236, -12.797119949649261], [24.64033132521068, -12.783935339164346], [24.649607148273116, -12.77921274020185], [24.646595961304804, -12.768049897378498], [24.633826953920067, -12.758893221708009], [24.638344971352744, -12.752146409210315], [24.63200087028864, -12.746874974726493], [24.63414287164258, -12.742161342033324], [24.6203948182775, -12.732826365685323], [24.629859821148866, -12.731455925272936], [24.629507297078554, -12.724039826137245], [24.62338208221151, -12.724581896839627], [24.625243571143248, -12.71881408401349], [24.61929034592385, -12.717706204771316], [24.628200054304067, -12.699266631419942], [24.620707593693112, -12.69756773438697], [24.625510289934265, -12.690139459793128], [24.62071844713839, -12.688704845135456], [24.61922110108681, -12.693818711822711], [24.61448167768271, -12.689055308735634], [24.609037655295605, -12.69136176996432], [24.606956749262444, -12.676125536881473], [24.60021924539265, -12.672693504631601], [24.607434783249314, -12.669304789941915], [24.59677486833642, -12.654590802350263], [24.58925284506782, -12.65398281904756], [24.594002603589267, -12.645072929097152], [24.591141870956285, -12.640676081738105], [24.584812690909, -12.647876288301967], [24.576952418698237, -12.641719712829236], [24.57300458443427, -12.62551038391223], [24.56830284625464, -12.63103780789031], [24.54860334184284, -12.618880363716897], [24.55143033824534, -12.610849867710051], [24.543369689623933, -12.606138021638287], [24.557274260952536, -12.605500525129635], [24.558470256362252, -12.600012962971563], [24.55333605483181, -12.599846476831413], [24.549732744242224, -12.589701067431836], [24.544373614446116, -12.587619881254454], [24.536200811161475, -12.594740484076608], [24.528227559634043, -12.591152701876267], [24.521601995730148, -12.59678098920601], [24.52078513608275, -12.590605689618714], [24.52642700432633, -12.586020168422852], [24.53121562935687, -12.589196098595062], [24.532604419396243, -12.583949571415456], [24.51288807875939, -12.586731346111975], [24.514239398271606, -12.577827036606955], [24.50336486775255, -12.56479288009978], [24.50192586817701, -12.570158235388968], [24.491883280018943, -12.569299405825403], [24.496712700241485, -12.563153047961828], [24.495444447943594, -12.55338773913702], [24.488673980394484, -12.553945962982148], [24.486940012707205, -12.559595297399017], [24.478098578983534, -12.55540055623719], [24.479014132039673, -12.551345269740118], [24.464195465620634, -12.556225628664851], [24.468777618272995, -12.550507799666306], [24.45354671227516, -12.545343616734376], [24.44817342862341, -12.527603036782256], [24.44070578576883, -12.527388581355737], [24.439870007601538, -12.520854649290019], [24.42870359378538, -12.518262005772323], [24.432983252240554, -12.511131537244584], [24.426992799039155, -12.511671918331954], [24.42529295834954, -12.501142685893708], [24.413899539362767, -12.504438237974828], [24.396582939311312, -12.525737009989834], [24.388672188968105, -12.521238052770757], [24.353433067121195, -12.547715713848008], [24.336811336399883, -12.550395653171732], [24.323213375349088, -12.545360256171113], [24.319625849057385, -12.52406313097454], [24.300153699260857, -12.514302286151967], [24.228310985617366, -12.558903055824347], [24.18415420530002, -12.578781700146855], [24.153703167697813, -12.581542950160127], [24.14768317699157, -12.587895452763119], [24.145411613420823, -12.555717694340073], [24.132171199819425, -12.521534067779632], [24.136981229906578, -12.49715180687081], [24.11820361257194, -12.49670025902389], [24.10009761526961, -12.488761624588486], [24.068160801018426, -12.49886766991861], [24.02394552510473, -12.504015193342392], [24.004797906077634, -12.499409517610038], [23.98435283681095, -12.508876340665951], [23.980238778286814, -12.505526344740115], [24.001144340137817, -12.48465034542373], [24.01336816177322, -12.460779690206145], [24.033397956053687, -12.446443268388313], [24.03359726077422, -12.440215434966632], [24.06565157466453, -12.424937148679653], [24.071763488177194, -12.409463320877624], [24.069704040201227, -12.396875963755885], [24.077510011948032, -12.381205803300642], [24.07611490226064, -12.358623544167711], [24.05950644863922, -12.341004134271007], [24.043163728356934, -12.333573124835747], [24.066681298203363, -12.30842295098898], [24.057745952803295, -12.288885281946051], [24.062495970039546, -12.269638285271498], [24.039443435557846, -12.234970671088282], [24.026223105591235, -12.222245086945257], [24.013700330019176, -12.219680416748211], [24.001376858269328, -12.209746148311245], [23.996726490249188, -12.184064662433697], [23.98377189541839, -12.169745585122495], [23.977194947439344, -12.077903360225765], [23.984701969741067, -12.000293549067433], [23.98423693168141, -11.883853219140034], [24.00217406277831, -11.848648059084681], [24.01861643227677, -11.84139841657646], [24.022702113021047, -11.829597022256154], [24.012504520560718, -11.811422526015138], [24.008418841613075, -11.790678066681945], [24.013534246794524, -11.786938694865105], [24.003237004219727, -11.775492651033879], [24.000978255116515, -11.755005642575473], [23.993671643361406, -11.745783618266183], [23.99071423044428, -11.713571700703435], [23.985133788999818, -11.6987398302527], [23.973972907009205, -11.690738097214819], [23.973302385616506, -11.67494815639732], [23.960353974788134, -11.660648206784098], [23.96556902918573, -11.653133359099657], [23.97549034478038, -11.652783246174721], [23.985473624366733, -11.627651242014121], [23.98393566009132, -11.620541987207655], [23.99899152486446, -11.605054283035665], [24.000475526442493, -11.590781575873061], [24.01253640805836, -11.581133871632183], [24.011511096145913, -11.57328330241366], [24.02966987396277, -11.534714509800859], [24.03830406096049, -11.531357004194268], [24.032664858018336, -11.504971418076739], [24.022357795959174, -11.488023059196642], [24.025136924733417, -11.477314132070665], [24.019875466063187, -11.475066527657216], [24.025865435072667, -11.460760767681641], [24.021548340226328, -11.453012614260526], [24.04502254030914, -11.423763408305083], [24.062803569362497, -11.422017879953708], [24.087761769226702, -11.404720709748807], [24.08101630987681, -11.380994897935173], [24.10308745377526, -11.369805783314998], [24.131418382865252, -11.369938045592635], [24.164875860737812, -11.390411398127604], [24.16706139085716, -11.399457295144117], [24.175290850886775, -11.401573253124917], [24.1747242322331, -11.407127567400769], [24.19785320256573, -11.418063003108925], [24.204539161104496, -11.437621454599954], [24.21703175238467, -11.456423943711153], [24.221942447682558, -11.457296603182916], [24.228121286582162, -11.46745098162219], [24.226367468822065, -11.472448705831997], [24.23092739984928, -11.472633805649359], [24.22984812523939, -11.478636242760626], [24.246495919680356, -11.497198038270717], [24.24687366485059, -11.504944978412016], [24.27283019303272, -11.511237557363154], [24.29133973422193, -11.521998069016652], [24.297977264583743, -11.51975082291465], [24.310469855863957, -11.530828259169349], [24.323081439783298, -11.532630580615347], [24.33028235396541, -11.52196411833776], [24.36191746543517, -11.518167990939924], [24.37422924561162, -11.524758777748643], [24.387318505988368, -11.521648456310992], [24.400985322905658, -11.529604534627602], [24.41149735535982, -11.526994489314758], [24.417653248592146, -11.533608355903288], [24.433363845968575, -11.530348016702334], [24.446531275944697, -11.534819328664062], [24.46164767818485, -11.525667038405581], [24.46647256461015, -11.53127954718254], [24.47942608505589, -11.532164498056634], [24.482373309281073, -11.517888520400682], [24.49297380243452, -11.522290162106051], [24.50298010135002, -11.51909956179876], [24.500817217758993, -11.52648213681637], [24.508232808632773, -11.522779230129993], [24.522733644816036, -11.546479101734135], [24.519460914251024, -11.552514037079646], [24.523414548936806, -11.558681723160214], [24.515577099324123, -11.573823835714133], [24.521032903116172, -11.612858572655972], [24.540714719700038, -11.619206029645266], [24.54323096189628, -11.61235211973348], [24.537806680885872, -11.609671461999948], [24.541934198867867, -11.603877971975495], [24.55670769619779, -11.607945754299635], [24.564157363763563, -11.604444999565162], [24.563679176164783, -11.594509519638574], [24.585298312066776, -11.600278550130653], [24.59468589992359, -11.592315284069269], [24.59528992622234, -11.582182131248217], [24.60369597168061, -11.581787643693604], [24.610239596654157, -11.589973104346836], [24.612303359238435, -11.582773857576257], [24.60837718155935, -11.57764551496821], [24.61950134670939, -11.576289446432927], [24.621665778097665, -11.570865109195404], [24.628435913270103, -11.573651258765311], [24.626145644978536, -11.564207821661203], [24.630197659560928, -11.562654433757332], [24.632211083251626, -11.56714198009158], [24.637622159027384, -11.556218872273028], [24.64562551938818, -11.558955854019725], [24.65186713166154, -11.553136653910514], [24.64152191455903, -11.536367357422249], [24.64009971258101, -11.509773680363981], [24.625256594918234, -11.483448588275778], [24.628069307209415, -11.467031927836123], [24.614789788147075, -11.463559347926756], [24.605506713883646, -11.435409172147953], [24.589410497603527, -11.428394033264604], [24.591328937927674, -11.419965668928226], [24.606368145240516, -11.41190643867501], [24.641516724093282, -11.401261189402769], [24.659399331944027, -11.367543006582975], [24.672074745655912, -11.352697682324052], [24.692663726827742, -11.343192236145384], [24.69701447615786, -11.331469538240883], [24.738911855195145, -11.331301587303987], [24.739973848913902, -11.326397391250786], [24.728754568344993, -11.316878062896901], [24.750593789694932, -11.303017325932501], [24.78283044811324, -11.302211084115145], [24.794512382613032, -11.309971080351456], [24.825378725744105, -11.296634506230655], [24.8415484430791, -11.299590778806111], [24.852099866658435, -11.296063402825714], [24.869776929192415, -11.285716195362651], [24.867241846629675, -11.269993094932277], [24.872860137690346, -11.265625414631478], [24.896909166130218, -11.274394305048713], [24.911571535571262, -11.274595887231854], [24.927295898731085, -11.25967854376787], [24.96792573603783, -11.26243360787254], [24.97703833072155, -11.252689973821255], [25.000744780339627, -11.253395558789245], [25.02787701278589, -11.245096430982167], [25.03352956199819, -11.25494111906528], [25.054598154598537, -11.250472410817276], [25.063231137853776, -11.25984653488293], [25.099407451375367, -11.25114439970073], [25.118394879227715, -11.254747923823665], [25.123961783060828, -11.24691923622477], [25.143608673146463, -11.24310561430849], [25.145664145178962, -11.237326282675753], [25.155222092241235, -11.240501568077336], [25.205101554143482, -11.236150241193442], [25.21155916273366, -11.229379513894157], [25.23804050017952, -11.226187304738694], [25.255186564955775, -11.20957044423806], [25.27020864319278, -11.209923287901663], [25.27711160416145, -11.202597460599831], [25.318599919164427, -11.188609312635299]]]}}, {"id": "106006", "type": "Feature", "properties": {"DIST_CODE": "106006", "DISTRICT": "Nakonde", "PROVINCE": "Muchinga", "Area_km": 4382.86933236}, "geometry": {"type": "Polygon", "coordinates": [[[33.062660993796015, -9.622202595847362], [33.04440970208131, -9.715172989429433], [33.04973210425706, -9.736040893955478], [33.04217467389147, -9.750248552324864], [33.04754003709735, -9.776713218582563], [33.0511003534191, -9.777342453061644], [33.044437851689054, -9.789593923104718], [33.04789744081631, -9.804322674403565], [33.0438897778561, -9.81586388792104], [33.056714541873866, -9.850395878684704], [33.02540585392386, -9.846462739784991], [33.0095300437903, -9.860454472898184], [32.973627888906904, -9.8585683690194], [32.95256390466397, -9.871599414634016], [32.91413683704519, -9.874479891134238], [32.901012356421106, -9.849813667092917], [32.89276426623082, -9.845871574823372], [32.89209856519797, -9.788527986352076], [32.902256986620316, -9.704303893249635], [32.89929556272544, -9.667698658404586], [32.86150662325021, -9.69452496325474], [32.84259917420422, -9.688719334706306], [32.81477625408547, -9.70864015423552], [32.80404699462256, -9.709480086299907], [32.784468417821074, -9.7201764285679], [32.7742061475586, -9.709704836690948], [32.77129703076609, -9.687621765239285], [32.75544057034374, -9.689088377316802], [32.747406944842695, -9.678805420980986], [32.73535078836519, -9.67307240617633], [32.71556316102066, -9.677671376836168], [32.68583258125953, -9.697421833700048], [32.67298181730251, -9.695596478676679], [32.67220358611062, -9.705089631045954], [32.664513491645586, -9.713925867110913], [32.66989347223776, -9.723135719098432], [32.65812966258802, -9.730882224757046], [32.66289835490069, -9.740835956582114], [32.657387457432286, -9.752323238736755], [32.637749307954394, -9.760548631088236], [32.62675546140265, -9.776278030657412], [32.62004081696191, -9.775141139042878], [32.6138765550244, -9.782378309709266], [32.58683491138637, -9.791619480941714], [32.57521925728315, -9.801846575234352], [32.57434716472051, -9.815210480007227], [32.54624934126021, -9.809835987789024], [32.53417927886209, -9.817369561002218], [32.52454131167093, -9.83344952236721], [32.51754863236158, -9.831370179066576], [32.50158106920319, -9.811569329967632], [32.49761610227013, -9.795830667204902], [32.48068688810852, -9.789279378695156], [32.477128206720614, -9.77444497183818], [32.463081863273864, -9.77481447217444], [32.44553589907584, -9.75946523401951], [32.43534968108364, -9.75791270673242], [32.43240923913886, -9.750270736273784], [32.41522478485897, -9.755419813360582], [32.402233362694766, -9.748263117008015], [32.39146760198689, -9.756965237819713], [32.38255738785519, -9.750734760897576], [32.37062038840857, -9.75387858793641], [32.366162043365264, -9.74701408809804], [32.35667261260634, -9.74479304359495], [32.35042265767894, -9.748262976238204], [32.34154424480661, -9.719799511626636], [32.34987552168715, -9.68164103306623], [32.35602547525883, -9.673557790829932], [32.35422966575074, -9.661469250605514], [32.3472746087838, -9.654259679419914], [32.3525197037428, -9.646817271676008], [32.34710507423181, -9.640377850106264], [32.3442529223064, -9.643517759655536], [32.33056259737643, -9.63897191032202], [32.32538119207273, -9.626318188694379], [32.31768038429962, -9.620694162001978], [32.31720502280073, -9.609539560019787], [32.307650316860006, -9.608367836705838], [32.292819133315824, -9.59608793524389], [32.29310434931686, -9.581135853329942], [32.27903373608606, -9.570401819577917], [32.26914627889277, -9.50941296007604], [32.26306169033442, -9.5067875218345], [32.261968365175164, -9.4871429827396], [32.254695380056106, -9.478422136370911], [32.26088962236793, -9.476797002085206], [32.26602349242004, -9.462683695207433], [32.25896442042465, -9.448077452679472], [32.262553375935966, -9.443036633095355], [32.253260118370484, -9.425569030112873], [32.26029542274007, -9.378976625982219], [32.24494134424205, -9.373653389433397], [32.24670017010987, -9.359113739201979], [32.232391879722904, -9.335426882391156], [32.231560002040574, -9.323934656137437], [32.21492245378374, -9.316898415103287], [32.196240866352994, -9.298744253327932], [32.19643100915592, -9.293865453659222], [32.18490356512203, -9.286945888905144], [32.177131452674935, -9.269118580683303], [32.16360750382041, -9.260345337770074], [32.15923420677664, -9.2373086641055], [32.151010503151355, -9.224499433432596], [32.14944182098479, -9.206809731113887], [32.165508937239586, -9.185904712797896], [32.163464896269055, -9.177598676280978], [32.17603813021061, -9.147235394119981], [32.17721921538324, -9.11895188186826], [32.18301858973717, -9.110573876131026], [32.18494379078216, -9.092925439767516], [32.18330380483988, -9.085462143197343], [32.172727076617285, -9.081965136869252], [32.156422640735755, -9.056972054758495], [32.172366709356204, -9.063625408044606], [32.19241474213192, -9.093623460602346], [32.25473776796112, -9.13055684506089], [32.355608671340036, -9.126864944204325], [32.437090096878045, -9.117457160837244], [32.44814411528247, -9.128163933437376], [32.46147619926366, -9.130365035988168], [32.4926358369451, -9.149448608970175], [32.48465663587553, -9.17224251123337], [32.54505989456889, -9.255601538909346], [32.57941046402221, -9.244881140273364], [32.61579941955133, -9.256582982213862], [32.647205654659714, -9.273494033765994], [32.717794187215894, -9.274928451855876], [32.7552400834403, -9.283232984789576], [32.76490353942933, -9.321056361090077], [32.79985807589254, -9.32067888122349], [32.81172963935896, -9.33478578467394], [32.8126522837159, -9.347299762180898], [32.86469779936383, -9.377764068653097], [32.892470801000535, -9.364769362000652], [32.897354432753865, -9.386936802756452], [32.90457371299197, -9.388125860115327], [32.912684790338496, -9.377721602006371], [32.92797268186468, -9.400356173866133], [32.95935532272214, -9.398827385007634], [32.94300577434538, -9.419168776421536], [32.94848393361159, -9.432842941764035], [32.94453456322851, -9.456836438192978], [32.95264563698178, -9.465287243710645], [32.946955147423424, -9.480575135692673], [32.95094698476326, -9.490851996564086], [32.98184126100808, -9.480638834394258], [32.99439007514696, -9.495565760254397], [33.03192321126022, -9.493936796365382], [33.03222049612706, -9.521243877363492], [33.014547434689405, -9.549717139861876], [33.00415151667222, -9.555434896438516], [32.998895802728235, -9.572068362909576], [33.01445065289562, -9.608598711116088], [33.00468500276328, -9.61808134913269], [33.00522734983627, -9.63677898238646], [33.03191889934685, -9.64116421469125], [33.045110611683434, -9.636371424374637], [33.051635768193066, -9.623686675801887], [33.062660993796015, -9.622202595847362]]]}}, {"id": "110010", "type": "Feature", "properties": {"DIST_CODE": "110010", "DISTRICT": "Nalolo", "PROVINCE": "Western", "Area_km": 4781.63636425}, "geometry": {"type": "Polygon", "coordinates": [[[23.358444323364782, -15.418002781176412], [23.459712442897725, -15.571568258805152], [23.450117160953955, -15.572954521317335], [23.44429474930455, -15.583931122931883], [23.429730695979774, -15.58560964721505], [23.41966990436083, -15.594120357933123], [23.42184317696815, -15.599651808030062], [23.412115712421855, -15.605873786353902], [23.406160466891382, -15.621823592845647], [23.389219615055286, -15.640209430680786], [23.393127471594134, -15.651201074400664], [23.38797604396983, -15.662731051816232], [23.3750404988129, -15.672851929604093], [23.363183357798395, -15.675463147308111], [23.340274630118916, -15.669071337306734], [23.283853388382706, -15.684843537130059], [23.252862264767117, -15.68636176909363], [23.223587317704574, -15.721266663281869], [23.20522908425025, -15.751770814861233], [23.203389544754174, -15.767552248410803], [23.179585045819458, -15.79542804799493], [23.181183750581127, -15.804620632305449], [23.19742688183438, -15.816716029201881], [23.200323530010774, -15.831200107864744], [23.21750917725336, -15.836119741013853], [23.220539686983482, -15.842905474632552], [23.21447539675733, -15.865194365079565], [23.224543461136815, -15.872250534574768], [23.229512457994936, -15.885584103314999], [23.23974156335543, -15.890217323165109], [23.236512280707426, -15.898297854939242], [23.2150284876811, -15.903587460918622], [23.2147467634316, -15.908897456823981], [23.22985707509413, -15.922821103975595], [23.22242341371007, -15.942095621050054], [23.241266749994264, -15.954049058871608], [23.23814269060877, -15.969609152713339], [23.243874023868162, -15.971428424370934], [23.250781722551626, -15.96375175931174], [23.257679271170744, -15.968040090307207], [23.24991672398479, -15.987036316054608], [23.250081890927852, -16.002204455801273], [23.233445375733613, -16.008763241621548], [23.231999439367456, -16.013443330105282], [23.253307546178736, -16.01849636110705], [23.254609399061515, -16.025934552600617], [23.246456735107227, -16.040802190905588], [23.254905979649198, -16.06502483009258], [23.261025977999402, -16.069448704094874], [23.269565533770137, -16.062797977326678], [23.27567130190791, -16.06588416005995], [23.267316410115175, -16.085908961217555], [23.280671640087995, -16.08591274437696], [23.29543086678128, -16.099693015194674], [23.28633192738816, -16.112822097645832], [23.284316534590367, -16.144731236981567], [23.275905703806572, -16.16197566240214], [23.27873436658393, -16.185041829201545], [23.27517956591804, -16.190136757867116], [23.25280005014548, -16.19592115022827], [23.2417037282777, -16.226142976399267], [23.240319791835823, -16.243752201849084], [23.234512311084767, -16.236402018036024], [23.237226477290918, -16.216414212922757], [23.230774555036504, -16.21010270997027], [23.22459956721452, -16.212046128684467], [23.217162316162625, -16.205037686633528], [23.20350960279524, -16.20264512711718], [23.201227148050013, -16.19397846889075], [23.195026682209896, -16.194182567687257], [23.18501744760005, -16.18017694033565], [23.155846593719378, -16.177091896364004], [23.152957176082758, -16.181374983172514], [23.135038275396216, -16.175969586633208], [23.131460405993817, -16.168914542082018], [23.134995185906984, -16.16498730420462], [23.118028069128584, -16.138173239376034], [23.103663774173558, -16.130434870401285], [23.105931828924774, -16.110045783910913], [23.092348367581014, -16.1055958708774], [23.092501224909743, -16.09981212592029], [23.079816928656353, -16.099923221123376], [23.064431324681756, -16.079760047750632], [23.055322037594877, -16.08295306258693], [23.018374550046303, -16.078159987248384], [23.007800019102877, -16.082316490421928], [23.003420209273276, -16.078522354872423], [22.992571951781326, -16.08213823065367], [22.966001242744454, -16.077369820052116], [22.961397706595047, -16.080395314362345], [22.94424024938435, -16.070337682668743], [22.90600629889044, -16.072426253243904], [22.89193665943342, -16.065969899575258], [22.888467367602793, -16.07448809986025], [22.857675881084358, -16.0608467130887], [22.849165153149404, -16.06494191985391], [22.845227077284363, -16.059971089847124], [22.82847504413446, -16.06037040942622], [22.797561536756017, -16.046916349622126], [22.785278099325097, -16.052398829034132], [22.778613360789986, -16.044516355156283], [22.77219535532744, -16.047406036574085], [22.764567040699447, -16.043112422279318], [22.745745848785354, -16.024746236767395], [22.725742492821947, -16.02084155459708], [22.71818214383001, -16.005521698321413], [22.705448151876805, -16.000011010198403], [22.70554825474217, -15.991642171306092], [22.69059586061839, -15.987461549718802], [22.67564803532616, -15.970679924804603], [22.67639697964313, -15.966132698647142], [22.648510855857637, -15.947023426002946], [22.63240406820328, -15.925528209997477], [22.62373700466278, -15.92311898128998], [22.618843637866743, -15.909091070762967], [22.610082254814703, -15.904713532873567], [22.610161552698074, -15.89743508593367], [22.600762361302706, -15.892490809052084], [22.599918307854995, -15.880524812834697], [22.580097998003808, -15.865325906410053], [22.58060213882948, -15.857586848589236], [22.573108336135494, -15.85670822810533], [22.570932212275455, -15.843166036047577], [22.553033423969833, -15.827126005840368], [22.548276299263037, -15.814346134239228], [22.52784768264077, -15.803024247154092], [22.513869399153208, -15.76389266315895], [22.507176128328027, -15.764441476728187], [22.510062841137348, -15.74920565512887], [22.500020803646603, -15.734430245694943], [22.461727337968476, -15.740119657420959], [22.44039000985928, -15.733464328371456], [23.089237939231655, -15.44417628683895], [23.102987391273626, -15.446100663700497], [23.10443951613378, -15.45899850089096], [23.11279972595299, -15.46896214694792], [23.116609333749256, -15.451150568230434], [23.213537940079636, -15.45897628839223], [23.358444323364782, -15.418002781176412]]]}}, {"id": "109009", "type": "Feature", "properties": {"DIST_CODE": "109009", "DISTRICT": "Namwala", "PROVINCE": "Southern", "Area_km": 5680.74709438}, "geometry": {"type": "Polygon", "coordinates": [[[27.210655535832093, -15.738785340022888], [27.18603794029269, -15.83337628640727], [27.180737939405226, -16.019376286891287], [27.08780424175463, -16.046179438069302], [27.080832513852616, -16.086810426598042], [27.086814101580472, -16.10951364117413], [27.066546490006598, -16.12492478200357], [27.065746807944052, -16.146369591908066], [27.057713248020026, -16.15664300032598], [27.059425339933487, -16.16931626262251], [27.035108262297676, -16.22206807578835], [26.998337939591096, -16.25077628741183], [26.9374684741299, -16.18186311230007], [26.824125991065277, -16.184107158019685], [26.81376317506801, -16.193762331270946], [26.799252857166874, -16.196695310584282], [26.7945824603092, -16.205813515740683], [26.78211115460968, -16.204666575754377], [26.76291855783459, -16.211296704917217], [26.75812931476315, -16.21859988131876], [26.738050449111917, -16.226456303855556], [26.723302447766432, -16.243035151255945], [26.719508093363707, -16.345689478594988], [26.715770587047096, -16.34953816494082], [26.70414807071345, -16.34428112481883], [26.701046357818964, -16.34759387340739], [26.689685288962224, -16.34025557306659], [26.672501247009023, -16.341061877579676], [26.655649789221783, -16.331824502820258], [26.622295454113534, -16.332980670830977], [26.59935940686964, -16.32711873561464], [26.58604937024048, -16.330197983998538], [26.525324236197637, -16.292280251153347], [26.42436403309295, -16.30629292857137], [26.423552633405833, -16.298550011428816], [26.296099943864274, -16.104013315191178], [26.375766595560233, -16.0012347071008], [26.394236606385366, -15.989976644225814], [26.402947031604608, -15.965323966242947], [26.388343639256906, -15.854566792406795], [26.365978020421803, -15.807530577943439], [26.323766186119357, -15.739506535056458], [26.335602611983408, -15.725322459777136], [26.379002843744924, -15.732277357052542], [26.393239831254515, -15.72783905938503], [26.39010246512473, -15.718664752876512], [26.40500495513955, -15.717680949093412], [26.420454105937356, -15.703655517944073], [26.417839632964778, -15.692603803129073], [26.43856526495931, -15.685281425584687], [26.446575054562604, -15.674160064708529], [26.469344728425963, -15.669880697367212], [26.488929498213032, -15.672352215244883], [26.508229053795727, -15.660932636592603], [26.535585935131586, -15.657454000738559], [26.566484240320452, -15.641662082870736], [26.57689459067096, -15.660177410669222], [26.57185578932537, -15.686608627249127], [26.57658560794248, -15.704502103709583], [26.581885854968352, -15.705691896172546], [26.606224209201674, -15.69246651185472], [26.6275440381291, -15.673885456384099], [26.63705120791994, -15.67827915909231], [26.63714627932139, -15.697340326191862], [26.64810329404817, -15.698598802773121], [26.657349016362076, -15.709169708966215], [26.660771599391197, -15.69736320738627], [26.676125677889228, -15.690407118676127], [26.67348743729088, -15.669903580775955], [26.695995662779, -15.689629119709474], [26.701866340908616, -15.685121246816726], [26.694213068387075, -15.665441044425453], [26.699299405882574, -15.659445068265214], [26.70353009537499, -15.661115719593337], [26.704884867112856, -15.67603655066267], [26.72066676916324, -15.681322658708257], [26.74897436990363, -15.665761431851456], [26.762070496104098, -15.669583198116484], [26.779468615572654, -15.662809244927757], [26.82248855993168, -15.664045050381848], [26.830640959781256, -15.658941582691826], [26.83190065921934, -15.651892638022812], [26.820658431186477, -15.622755951677142], [26.81138894214513, -15.61838394530231], [26.8125298007593, -15.611860099191063], [26.829547634622, -15.6215427847852], [26.83128269286405, -15.609593871623774], [26.842881443368555, -15.617147864951937], [26.849940516262247, -15.6103492850376], [26.83974407544214, -15.602428769937498], [26.845139394767784, -15.592333101627423], [26.883690968884935, -15.580725907263009], [26.88730369381869, -15.571980013023799], [26.898973743607282, -15.578047230413446], [26.906769626375134, -15.569759135326928], [26.92286235270035, -15.567908122953224], [26.93847603712896, -15.578711177769884], [26.94025862972426, -15.565042558961837], [26.950835358845183, -15.574796139237419], [26.964799014166672, -15.566427775971079], [26.9677462356969, -15.57018270691681], [26.963468010054616, -15.583805197905253], [26.972452285789913, -15.592390335706284], [26.973212860594888, -15.613519693623394], [26.98695072167474, -15.621897578884813], [26.994750975644767, -15.617919921071657], [27.00335059008045, -15.59875455290733], [27.043395997836402, -15.602294921378752], [27.05827826497753, -15.587949002685468], [27.07123178272831, -15.59662553712322], [27.08390008896967, -15.597426782177134], [27.08373371109759, -15.614252201213423], [27.09364493681499, -15.613588367078144], [27.099182863692022, -15.62132533095432], [27.114727086789607, -15.625262371171477], [27.11688996678739, -15.632060458068626], [27.142725702106556, -15.612901640147099], [27.14740798277714, -15.62473591302589], [27.157604423597245, -15.62830666173664], [27.159030498212488, -15.643824960753156], [27.168334961362795, -15.647766112289721], [27.15953556789612, -15.65699055983986], [27.165121030024732, -15.664325393592986], [27.160392478032193, -15.673645202015065], [27.166511452302974, -15.68084782957455], [27.176969340600014, -15.676808880145547], [27.18909098156677, -15.688490718865893], [27.192632401826522, -15.694771863365292], [27.188853304410596, -15.701281622048612], [27.196863094013896, -15.70066383298987], [27.191503427025218, -15.707711093594298], [27.201658785192436, -15.70881753182647], [27.19534194709887, -15.713671330673703], [27.205859252663767, -15.726369141388084], [27.20115885117727, -15.734157856870636], [27.210655535832093, -15.738785340022888]]]}}, {"id": "104010", "type": "Feature", "properties": {"DIST_CODE": "104010", "DISTRICT": "Nchelenge", "PROVINCE": "Luapula", "Area_km": 4091.71404294}, "geometry": {"type": "Polygon", "coordinates": [[[29.109440623634296, -9.096862146174647], [29.126009607977068, -9.099649762679421], [29.134315925167424, -9.112611386616972], [29.14865623061282, -9.116401302139321], [29.150487564897126, -9.123999515136756], [29.156458079092463, -9.124600277339036], [29.155760555240633, -9.117339794870887], [29.171013876001453, -9.1208602488499], [29.168033284753374, -9.129367954603232], [29.17920574243474, -9.126526939241108], [29.18045852574347, -9.130728472766823], [29.175329776986775, -9.134179099234087], [29.190390613935026, -9.137580108391665], [29.186260618399455, -9.139063827189428], [29.191840865807816, -9.146491600025964], [29.20810398188118, -9.149775010349648], [29.228037155166355, -9.141092720052857], [29.25098252243133, -9.145148731891435], [29.25642400258616, -9.160898060391137], [29.270132384551697, -9.170927811306262], [29.276728375916424, -9.190112805399572], [29.286142502701697, -9.1980219237549], [29.292378859830666, -9.191904301265623], [29.29542798355177, -9.193868277367093], [29.30377047589864, -9.218879647747498], [29.309227602010782, -9.219517785581056], [29.330222277636274, -9.20409499837467], [29.33744454656933, -9.219089183103318], [29.332413655788137, -9.229954232057157], [29.343669616366764, -9.242937950876323], [29.30596142016421, -9.242707680258043], [29.204614987301408, -9.214789958332947], [29.18645629212958, -9.270060208782175], [29.135545396296216, -9.355388251273606], [28.959805356878213, -9.326166096345178], [28.951153833293823, -9.335078409281367], [28.930808487803482, -9.362376812920084], [28.92591229670417, -9.377948139180557], [28.942736884982963, -9.621437810956516], [28.938889583877376, -9.654362423252037], [28.908485448214538, -9.75115200278579], [28.9073887112538, -9.770113419237664], [28.89210708188346, -9.764034388270176], [28.8799854409167, -9.773825322964917], [28.860020382828807, -9.773310017142903], [28.856241282717928, -9.767360527683357], [28.83606231509967, -9.75979468255929], [28.830999747026606, -9.762230763997003], [28.810060202806717, -9.7409144574067], [28.793027599742437, -9.73691634395364], [28.772532917420918, -9.720042762126518], [28.75465806831929, -9.715685857147804], [28.750205194016075, -9.720534115572733], [28.742395186138737, -9.707813788728785], [28.73169962158381, -9.701816273972428], [28.706121149388963, -9.70959105321063], [28.678710936871322, -9.740600584146298], [28.661758953112187, -9.750970821173022], [28.64103715872056, -9.749959010798095], [28.618481398879158, -9.717936011375665], [28.631292309976914, -9.698584854731331], [28.625207721418597, -9.683988754294758], [28.624565988335803, -9.661683371722363], [28.607004191330905, -9.623267379201849], [28.611660004039972, -9.592461689560682], [28.580904308199088, -9.576829785328238], [28.594333185652133, -9.565275305357826], [28.612277970395258, -9.564056553724605], [28.61888545390745, -9.550157794349989], [28.612491881722292, -9.543290238666417], [28.58532514318936, -9.562087791927466], [28.574962327192093, -9.555829869961366], [28.570589028351694, -9.542235483288824], [28.572609301696456, -9.485789552655756], [28.56060649975692, -9.47463053308725], [28.53690987770806, -9.478662825007875], [28.53778929333691, -9.455195158770724], [28.5132607927074, -9.446989304404692], [28.511763414316512, -9.43854879063833], [28.521508263958456, -9.41974446007924], [28.52488330904108, -9.391911235803237], [28.52253028264711, -9.35755627825945], [28.487258682211106, -9.330609297746978], [28.41774938473891, -9.289211491114157], [28.389037731665184, -9.264581577662062], [28.380090125159803, -9.246681733593675], [28.39131945338518, -9.235821038657056], [28.484632327222254, -9.190306090640702], [28.558835790974523, -9.14511381388037], [28.669253778088983, -9.05891244138361], [28.763012478615053, -8.96109887793125], [28.941343481196288, -9.0747855477173], [28.945276081829665, -9.103784471018258], [28.95068432342069, -9.109211144388254], [28.949420547427845, -9.124996426159372], [28.960512359752915, -9.152249176297113], [28.992385150175487, -9.15051273661889], [29.05011743994974, -9.172827683139195], [29.060139296787646, -9.153779445442153], [29.06909980399885, -9.151151328393745], [29.071928187400122, -9.133927297872994], [29.079034796443718, -9.130125696904503], [29.0828376641804, -9.117993156398699], [29.109440623634296, -9.096862146174647]]]}}, {"id": "102010", "type": "Feature", "properties": {"DIST_CODE": "102010", "DISTRICT": "Ndola", "PROVINCE": "Copperbelt", "Area_km": 953.721374461}, "geometry": {"type": "Polygon", "coordinates": [[[28.624698826708453, -12.827291474720397], [28.63138994696684, -12.873901616311164], [28.649770048110113, -12.870735754357959], [28.65999001221428, -12.897553570989292], [28.669902215298723, -12.969422993125335], [28.680365540199862, -12.962503160054444], [28.69537576696334, -12.973090284004266], [28.71729265934769, -12.974204290278376], [28.711220395675088, -13.00917407172874], [28.77306294230319, -13.01720488203836], [28.79260124403724, -13.087916988050807], [28.741950080796915, -13.095878580971958], [28.72178551676592, -13.09267054630536], [28.689439024931087, -13.112464609854127], [28.685775735626645, -13.131596560598888], [28.677973458650587, -13.138892894069446], [28.632451611902226, -13.081039179410247], [28.61012119355152, -13.108506128172042], [28.583424980886306, -13.115405068895637], [28.591496298798365, -13.132655046804839], [28.580908983930115, -13.15088382122828], [28.583666517204946, -13.160664079018042], [28.575158229094317, -13.169150313186444], [28.510266536287208, -13.102084304703213], [28.509667095887995, -13.059514588246518], [28.51955850297363, -13.041580650175549], [28.538135150111177, -13.028512634838828], [28.52615187305439, -12.98890879874403], [28.506802879588335, -12.996850661163565], [28.490402790197074, -12.956946875619913], [28.47506566829836, -12.969278766681878], [28.46048780966429, -12.968341563698589], [28.436817882850736, -13.017101569772937], [28.398033119560548, -12.968791183426948], [28.407152884596904, -12.942080964081649], [28.394278766239143, -12.94243714772871], [28.384074018697575, -12.95146470380698], [28.340350562317063, -12.91128365129535], [28.343729667784768, -12.887503867019142], [28.34685327711427, -12.87004731522606], [28.381888732919986, -12.862516603014292], [28.39861938257287, -12.84194643966148], [28.39837213117237, -12.82089242337949], [28.403399567931313, -12.823062194003317], [28.41493794715715, -12.815668824847656], [28.41493794715715, -12.802328068614928], [28.42202580656413, -12.786253929714585], [28.443454223843087, -12.77250972921769], [28.465459560757093, -12.74759143925136], [28.453877963582933, -12.722833266178615], [28.46107932871933, -12.734805193128523], [28.480444048092707, -12.749943892161479], [28.49564335674874, -12.776996327820786], [28.506286517183252, -12.783750099763198], [28.51036882565197, -12.778524831256641], [28.519663366011674, -12.796972748054115], [28.543027291605178, -12.82352258574775], [28.543501132256317, -12.84392176158419], [28.536429989598457, -12.852770366648466], [28.543027294300135, -12.867908223403635], [28.558518195199074, -12.881090915669274], [28.564568759167727, -12.896973186789522], [28.581371830100476, -12.898607544875544], [28.6093283539565, -12.8335091492396], [28.624698826708453, -12.827291474720397]]]}}, {"id": "101010", "type": "Feature", "properties": {"DIST_CODE": "101010", "DISTRICT": "Ngabwe", "PROVINCE": "Central", "Area_km": 7194.3098767}, "geometry": {"type": "Polygon", "coordinates": [[[27.908031259946434, -13.93593583618938], [27.895563301369663, -13.944759973339616], [27.87826062340846, -13.948267682249512], [27.85594983594166, -13.966511872676833], [27.840684263957026, -14.002129107258305], [27.841603298883165, -14.02239926095234], [27.833488477358536, -14.036924545851159], [27.83162959443941, -14.064985873921959], [27.82342326602838, -14.072649684825942], [27.83120095611508, -14.092831714615699], [27.828784185268546, -14.100194350791554], [27.838368629936742, -14.102563615171164], [27.85404897115608, -14.124214073001305], [27.854756583088513, -14.139217078672727], [27.8593048926109, -14.144509695245173], [27.85431482486948, -14.173075635241009], [27.85706078784343, -14.17799953117552], [27.852265103851398, -14.182232698732548], [27.860069411019964, -14.187527222391017], [27.855890035093214, -14.19268518788686], [27.860521443270933, -14.201728627804384], [27.865950098178473, -14.202695784724147], [27.850858040282528, -14.215788004756178], [27.844569627579492, -14.248478277118975], [27.85100442435135, -14.250936503011058], [27.86930368610219, -14.24132214341008], [27.901199396140942, -14.240515967845887], [27.925700852090504, -14.259151913110902], [27.984430051742876, -14.281845412584769], [27.967351866364446, -14.326831337071944], [27.982964162895946, -14.400568518956746], [27.9625452211293, -14.471584789993242], [27.962743923978575, -14.486354411366896], [27.9708115785609, -14.506772528884408], [27.967026273786335, -14.543327120346836], [27.954958119409923, -14.539683735098311], [27.802969236965044, -14.394824314994038], [27.28333015590401, -14.389669637689213], [27.282023852767306, -14.380596421857526], [27.271779875797293, -14.382599433244168], [27.268072080360387, -14.37362027957745], [27.259777074756087, -14.380182002776765], [27.265386305408764, -14.386329129115303], [27.25673478002775, -14.396458854135677], [27.245373712069334, -14.38409592218478], [27.236294364932554, -14.38349732868151], [27.232396424896123, -14.369660127773239], [27.22823703738276, -14.372192791870212], [27.226288067813673, -14.387664436029961], [27.211242972044158, -14.378754557841642], [27.196815839934978, -14.38411894561568], [27.189789288749502, -14.372666984112994], [27.203564342777085, -14.368326148277722], [27.21229178568107, -14.344640481653462], [27.221165078156304, -14.337588030241589], [27.17489391608672, -14.303073224853529], [27.1679910009321, -14.290757864647878], [27.165396052842205, -14.264563967704502], [27.15516399831267, -14.259403465131417], [27.149363096822736, -14.240818922141667], [27.132503654809256, -14.22386736109871], [27.10854645664928, -14.179143003951907], [27.1057192186, -14.162996046002666], [26.967877417576172, -14.247937084785237], [26.95895126104312, -14.239467512053762], [26.980522437688705, -14.233831621107567], [26.986572445600192, -14.219535686785106], [26.98485666430582, -14.160048921962671], [26.966245708710925, -14.126365432665361], [26.9012645993971, -14.074669483403174], [26.888229934131715, -14.056282645695612], [26.86613423209005, -14.038929453238023], [26.85935118094044, -14.025429417092653], [26.86511230502957, -14.015502929212069], [26.908166353030037, -13.985481565132227], [26.914966968040066, -13.960744410253955], [26.919636262664902, -13.896036946394503], [26.92989603381425, -13.88067481033031], [26.94268798866289, -13.845092773138768], [26.940307617551674, -13.829895017770244], [26.93328857538364, -13.819274900758026], [26.897888184383667, -13.81030273088808], [26.879699708263534, -13.799987792008077], [26.867126466237114, -13.75280761582097], [26.83811887127787, -13.721092371937761], [27.342889027874694, -13.723307797730588], [27.355792921790883, -13.74846164163306], [27.347778080960772, -13.752446315969108], [27.35095548679939, -13.759453104584567], [27.34289185936448, -13.767242510306142], [27.34605713884511, -13.777227560983915], [27.356843436836964, -13.783312125840519], [27.35703957140283, -13.799029577392828], [27.361670713679246, -13.801091177346999], [27.354784199066767, -13.80831658374052], [27.382533966676974, -13.814951539666833], [27.38087523199645, -13.825190515800509], [27.38872110600984, -13.838475383119707], [27.38040436297227, -13.843732867765432], [27.379907335905347, -13.852444721312091], [27.381895445969665, -13.868876982405883], [27.388422557213378, -13.87708751784416], [27.384668335944276, -13.873372157289818], [27.38024740663088, -13.88035601523436], [27.376820532349658, -13.877968829901407], [27.376218868620125, -13.885815975208812], [27.393588673190905, -13.89696405207897], [27.407426971309434, -13.926520364879048], [27.4245875016567, -13.917506598249567], [27.419146358370085, -13.907197463632928], [27.424796776778578, -13.898106761124131], [27.444207012889084, -13.892926426764964], [27.448078597253406, -13.897497319269055], [27.456868137998047, -13.889828328673516], [27.463355655097292, -13.897700467313635], [27.46084435812668, -13.882514619127745], [27.468901436843147, -13.885511237878513], [27.47528431817808, -13.874591173257244], [27.488887176843807, -13.874946718883107], [27.491032244147814, -13.868191270151774], [27.4815102395784, -13.851479575833695], [27.48208574706178, -13.834411075015325], [27.474865767934393, -13.816172810771677], [27.477481701567612, -13.805249490246004], [27.486271244108885, -13.797018555570931], [27.51080871082326, -13.793919179251876], [27.535189223891166, -13.807739036054], [27.536026321683618, -13.82272655782038], [27.551669612787368, -13.827197223597938], [27.556012064379235, -13.798136356397059], [27.566636378159078, -13.780974242840577], [27.567520073361937, -13.769326183293183], [27.595813283989823, -13.743356442431516], [27.599312895757926, -13.73206525228422], [27.59668818558436, -13.704017039358355], [27.60306247992351, -13.700009875180742], [27.613061368636224, -13.710574062150778], [27.624685079729243, -13.709602662884107], [27.617935828590486, -13.675479704195395], [27.64343299965886, -13.649550235700334], [27.654775491355526, -13.647060371207475], [27.665649286154398, -13.65140243404273], [27.68383476818971, -13.669194955659536], [27.696208395576807, -13.67717989936948], [27.704644957703625, -13.676299441829679], [27.718768391873088, -13.688079061894422], [27.74426556294146, -13.68610571100983], [27.773481071176576, -13.694818681359155], [27.795208536715315, -13.682329463006445], [27.805189523801072, -13.684536794086151], [27.834185123556303, -13.649237854078882], [27.935137575098434, -13.783495356244508], [27.91923282573798, -13.810103837609361], [27.906339035173783, -13.821163846848387], [27.907929267924047, -13.833224919083003], [27.90376027382702, -13.840152449923924], [27.87935916688122, -13.847065694354708], [27.893101403654835, -13.890892393661264], [27.90333048026923, -13.894355324993898], [27.900064054979207, -13.910535957335561], [27.91223425976855, -13.926857647989447], [27.908031259946434, -13.93593583618938]]]}}, {"id": "110011", "type": "Feature", "properties": {"DIST_CODE": "110011", "DISTRICT": "Nkeyema", "PROVINCE": "Western", "Area_km": 3775.05438988}, "geometry": {"type": "MultiPolygon", "coordinates": [[[[24.898134540255466, -14.843667391284793], [24.903873944715677, -14.820687411641236], [24.90032861094601, -14.812426273018678], [24.893900475711582, -14.811339529182778], [24.893108435985514, -14.803603917004834], [24.908592972920392, -14.787917837585965], [24.905221123619548, -14.788484934755393], [24.87665858520924, -14.728979590366002], [24.884304303185445, -14.725822040540383], [24.910226373001866, -14.693166667759616], [24.958290249993482, -14.677688536913255], [25.023079180697408, -14.638146646792578], [25.04601764872947, -14.628567425133632], [25.05976975658752, -14.632501006840178], [25.092292991056166, -14.626430636013543], [25.115882370429787, -14.633423688325662], [25.11848166636562, -14.629595180222818], [25.141297596279607, -14.634080194869622], [25.15116606308784, -14.621525651722909], [25.17641172204631, -14.618028963062443], [25.19202086459287, -14.624293823808104], [25.23172129412688, -14.60321598385847], [25.264595859703096, -14.600447546264059], [25.266954795215067, -14.593939151160223], [25.28065671380208, -14.594861994574641], [25.2912615952257, -14.590116550905432], [25.308311499842365, -14.59369629620905], [25.3257776801684, -14.581067503431669], [25.35142486000778, -14.585099081071625], [25.35945528840472, -14.57946456800442], [25.371300169212216, -14.586216252826048], [25.39413669659736, -14.583836184815103], [25.401263702787787, -14.588256290023311], [25.407186142742372, -14.58296186891633], [25.440784056938266, -14.578165927338437], [25.516665184670753, -14.53711871913172], [25.567447130040033, -14.53711904695427], [25.576305107137937, -14.534111783842576], [25.582043191236693, -14.525576323667044], [25.591298787832226, -14.524598413933935], [25.596437940876495, -14.53137628761343], [25.596932080758084, -14.53654323931339], [25.587421542284975, -14.541851956988262], [25.575337061926533, -14.568267643763802], [25.56253438299005, -14.58295509039749], [25.542893198104807, -14.580114384059636], [25.542705842774218, -14.591144574787739], [25.536335729194402, -14.596009772611955], [25.537210057663827, -14.610876664110041], [25.509575004915416, -14.641121035852498], [25.500175965335306, -14.670998743193662], [25.476595032820292, -14.698200803643262], [25.497237938960332, -14.727376286674515], [25.489503194632398, -14.791241009275106], [25.486605514291792, -14.796883164198904], [25.47119146336709, -14.796104943819259], [25.450424754109537, -14.81851655064281], [25.447205110384566, -14.855475068242903], [25.431630077767707, -14.872940629664999], [25.429939764609987, -14.886865391250948], [25.44013793917859, -14.915776286667139], [25.464837938975627, -14.953976284974397], [25.467005926794105, -14.976771184788394], [25.461323430445166, -14.990224768119178], [25.46723793917411, -15.015976288255578], [25.465337938567814, -15.03727628675743], [25.45013794000564, -15.05227628712132], [25.43933793911244, -15.071876286615202], [25.421137939403827, -15.081076286409921], [25.424837939260655, -15.127476284834144], [25.420837938929854, -15.139776285821823], [25.407637938736464, -15.144676287183236], [25.38433793995353, -15.139076286404748], [25.338750900668344, -15.163209682945409], [25.31917111473447, -15.185720999408401], [25.317014144752928, -15.203113013268592], [24.86945913811742, -15.056165377447492], [24.864784234445274, -15.036830699395301], [24.870362191281842, -15.023348212931229], [24.869004106546665, -15.012198135730435], [24.876516027757877, -14.984803662570604], [24.892606367437175, -14.95706724870712], [24.88383838299029, -14.940384754130632], [24.893279850794457, -14.924329559176273], [24.8878425456123, -14.905038556339427], [24.89508709295473, -14.892214217884547], [24.89435966831937, -14.87903423069856], [24.901050258025922, -14.877579937607626], [24.899677939277048, -14.864944027662899], [24.90870363715164, -14.852479526655882], [24.90745304481526, -14.847064930143071], [24.898134540255466, -14.843667391284793]]], [[[24.898134540255466, -14.843667391284793], [24.89887233925045, -14.844800311562503], [24.897953016846316, -14.84474788017947], [24.898134540255466, -14.843667391284793]]], [[[24.89978989638702, -14.845665141106581], [24.899825581978547, -14.846091347739216], [24.899755486793417, -14.845468616102838], [24.89978989638702, -14.845665141106581]]], [[[24.89983046135827, -14.846149623700418], [24.899842174135006, -14.846289512737243], [24.899782262134313, -14.846197517488632], [24.89983046135827, -14.846149623700418]]]]}}, {"id": "107009", "type": "Feature", "properties": {"DIST_CODE": "107009", "DISTRICT": "Nsama", "PROVINCE": "Northern", "Area_km": 7495.42376764}, "geometry": {"type": "Polygon", "coordinates": [[[30.709186327023364, -8.28410669421439], [30.574983265245606, -8.512236397231526], [30.378639799746015, -8.639992151817019], [30.377970932151758, -8.658909728655514], [30.34506826368016, -8.66770653480399], [30.334674849267664, -8.675569996689156], [30.33083061501047, -8.687292732636863], [30.351707375076856, -8.735243780044156], [30.350749141264938, -8.778837666622072], [30.36060305806051, -8.79285846625883], [30.35371036034394, -8.799904975723127], [30.349764884157608, -8.787878851139006], [30.33466971270089, -8.787357824942553], [30.325188848276518, -8.796640109562135], [30.312473010376838, -8.791942411840331], [30.31323502068964, -8.797080616427559], [30.305764486158154, -8.804867749569526], [30.30039890286503, -8.806927865406266], [30.29302237343474, -8.801200632167738], [30.287065100406686, -8.812846716261552], [30.283991099640428, -8.809427601732027], [30.284371719419543, -8.814442094258832], [30.279102874801072, -8.816929090979944], [30.269738281120553, -8.81550077712002], [30.25615521144222, -8.821239061561823], [30.2501927793895, -8.830786741569643], [30.217759436636403, -8.848865362931654], [30.222345037022826, -8.86451520865252], [30.22785919537573, -8.868343084261179], [30.224365311265885, -8.872123956140195], [30.220277230223157, -8.867755988592204], [30.219944475377286, -8.881963426136538], [30.227003551864236, -8.894080409608927], [30.231923512385944, -8.893422910393939], [30.2320185819908, -8.899974380364185], [30.26141950609382, -8.89328201641033], [30.268026987809346, -8.8955597820755], [30.272020001942217, -8.906737062338614], [30.278912699658786, -8.91079930905946], [30.267765543925698, -8.926366920958538], [30.255596365012405, -8.92432414899739], [30.245447460342174, -8.928362720433967], [30.253282612064343, -8.928656618674758], [30.267242648971855, -8.944633951736192], [30.279221683285588, -8.947639235961592], [30.28704133008596, -8.95555146838693], [30.28264426541642, -8.961092276929032], [30.275157366275376, -8.956866244384297], [30.265127302429022, -8.960176640714629], [30.2654125166334, -8.964355679244074], [30.273413224269177, -8.96411766099967], [30.286280756179284, -8.97670469416729], [30.288942765301762, -8.984334576738943], [30.26179979169968, -9.00154231074012], [30.279245450013065, -9.005814771770794], [30.289869712588935, -8.99792711089376], [30.291248252850902, -9.006213842912338], [30.30383435875216, -9.013841421283491], [30.296629659967763, -9.017497506185101], [30.297128786397504, -9.028365877570241], [30.31925672538147, -9.02871798194469], [30.326036395272343, -9.055119761098018], [30.319529703633386, -9.048058642050776], [30.315810372929917, -9.053810210899968], [30.31844482263778, -9.063414000774277], [30.32902212937544, -9.06913174503617], [30.33061779064496, -9.091879452214153], [30.343808990043502, -9.105960762086854], [30.35267442585325, -9.102111928378518], [30.366745039084016, -9.10793210110185], [30.367838364243273, -9.121426091571072], [30.375325259791058, -9.130343581953221], [30.370405299269347, -9.144611100036844], [30.39189150427222, -9.16157650299761], [30.39580376704754, -9.146603572952905], [30.402753444902597, -9.145573196843742], [30.40681776101448, -9.137101952392868], [30.418107524298918, -9.137688609187302], [30.411761490060293, -9.154419688917713], [30.42697296100697, -9.163899502194454], [30.429587433081245, -9.158643400978152], [30.450431903204695, -9.156414222959976], [30.48741479515528, -9.16516658585877], [30.492073307301762, -9.171103050223316], [30.505502185653135, -9.165424697189785], [30.510493450848823, -9.168240420629175], [30.51118272008149, -9.164626902842011], [30.537184829679486, -9.163524068275487], [30.54531346190329, -9.173777946913688], [30.560572468101544, -9.174200298952938], [30.55713790334317, -9.183918145651905], [30.512605145740025, -9.208481978121668], [30.49802833633823, -9.235827530852017], [30.48345954440033, -9.268116772888606], [30.474258020995045, -9.356593193969925], [30.469504157172725, -9.345711424971695], [30.448793307854494, -9.331185891548978], [30.41849837678747, -9.348103564849673], [30.388123060875543, -9.34421046935243], [30.34339182410367, -9.316723004966518], [30.264529874256038, -9.317332820663362], [30.23928840773499, -9.313298598072016], [30.154484286437583, -9.276285232685925], [30.09981812728938, -9.246071255026585], [30.0792350130147, -9.240159513034946], [29.99821324103453, -9.234944572619506], [29.987810046663537, -9.244839878387971], [29.970092789910545, -9.24442911236206], [29.96291497231266, -9.237813593364937], [29.87991728220326, -9.218904546625794], [29.86893659686872, -9.221156785661742], [29.860855249266535, -9.24330306942897], [29.838513487888754, -9.224065956612693], [29.83247650285396, -9.226693491010055], [29.822303887151772, -9.22031221621742], [29.80633185128159, -9.220546788698456], [29.794210144737818, -9.234294581272268], [29.755198974555, -9.235290409045142], [29.75061963093452, -9.214173910005359], [29.7583121553424, -9.2040270786902], [29.751834595169782, -9.200180068874076], [29.750096893185876, -9.19012921711743], [29.738474961655438, -9.184873670338954], [29.73066882102536, -9.186534484712167], [29.7222502449672, -9.17732263173588], [29.71981917743292, -9.161371823735296], [29.70061937976254, -9.129170464062847], [29.708733627263715, -9.12382676929657], [29.705880403648166, -9.11548086832162], [29.7140998546489, -9.101817074042739], [29.707738189724346, -9.084269492443207], [29.72051726991831, -9.056563042892046], [29.71846608284971, -9.046035736990225], [29.690184867425828, -9.03286044042794], [29.6653064397555, -9.044326158194949], [29.659221242139385, -9.040975562191408], [29.64679787413667, -9.042404299105856], [29.642153178977583, -9.048582028752934], [29.631535543273568, -9.047032756732953], [29.624353233200967, -9.058201395831517], [29.608317865204956, -9.05585832227987], [29.60921998934587, -9.060882141698988], [29.59421174516425, -9.066286979740765], [29.56681530741317, -9.053397487257225], [29.54711078860545, -9.058077866306027], [29.547943084902716, -9.046476137241836], [29.54077765507264, -9.033064979405076], [29.544430064880675, -9.025723438948923], [29.523219728009973, -9.015732147580026], [29.531442084162315, -9.001497286260053], [29.538956830178844, -9.003119185233572], [29.54303900839185, -8.99878733033252], [29.540858929249637, -8.98620216325565], [29.54782168837186, -8.971683058414783], [29.545524945023708, -8.96129836319618], [29.555302534664495, -8.958242271709322], [29.560557598228222, -8.945284831091225], [29.54631848710129, -8.933687087320871], [29.53614257997194, -8.912656878119266], [29.563089888827037, -8.870621588887223], [29.617711277738092, -8.810911832235611], [29.761082125792345, -8.670049217316924], [29.88664521811692, -8.583304148205066], [29.89459801141208, -8.576277276630437], [29.890052510023278, -8.57063437639429], [29.893864297132414, -8.558654292748738], [29.916259893646856, -8.540653321393966], [29.92914761429466, -8.54076049680274], [29.945170979001862, -8.520336501119926], [30.001801617132497, -8.520047073329163], [30.024125011555963, -8.513464535089904], [30.03385572530861, -8.52290904822609], [30.04902418671612, -8.527202007712397], [30.073820042143847, -8.519332994149845], [30.109930346560052, -8.526767816439637], [30.1426097926667, -8.52562242228875], [30.173942963301474, -8.516668451306654], [30.186628095886395, -8.508499351736313], [30.18548661114645, -8.497456404784172], [30.175658203810027, -8.488127263566946], [30.143691174724278, -8.468222800402954], [30.137066600763813, -8.450472087570992], [30.146076178447395, -8.43379553789312], [30.160667457911803, -8.421848881104692], [30.169294249079805, -8.39367606675309], [30.18390452162424, -8.389176680781143], [30.186730993410627, -8.382653857151729], [30.197132685798447, -8.378148748144998], [30.205637617803184, -8.35595152723613], [30.215511452045234, -8.3515700270692], [30.219958415433844, -8.332058428078676], [30.215055580394736, -8.32957714299282], [30.214012098258998, -8.301646077851627], [30.429537940400664, -8.273276285673989], [30.440137938582403, -8.281476286260107], [30.464437940142982, -8.27197628732693], [30.49893793985221, -8.293276287105634], [30.515837940800772, -8.285276286012627], [30.52583793893287, -8.287676286270813], [30.53703793985917, -8.278976287142758], [30.550437939170788, -8.292076286783768], [30.564037940295584, -8.297176284848826], [30.709186327023364, -8.28410669421439]]]}}, {"id": "103006", "type": "Feature", "properties": {"DIST_CODE": "103006", "DISTRICT": "Nyimba", "PROVINCE": "Eastern", "Area_km": 10446.4905208}, "geometry": {"type": "Polygon", "coordinates": [[[31.03106382422102, -13.801466388208649], [31.042202294079907, -13.802906351880772], [31.042622815180675, -13.824431012235452], [31.050252679626706, -13.830559108807183], [31.045761574880288, -13.832184960782612], [31.048085960226263, -13.840859373697173], [31.056055217207504, -13.848198891116075], [31.061927299977913, -13.845902374902801], [31.0668229413936, -13.849968490607582], [31.063148880308365, -13.861696205072718], [31.080058031005873, -13.87687021215848], [31.083513668082748, -13.892805193798834], [31.096882390949784, -13.89404295278465], [31.093392862563714, -13.912689947187257], [31.097062598981214, -13.933710884160904], [31.11756179905604, -13.950001237314629], [31.12503765995866, -13.948490024927086], [31.12196535865696, -13.955750521354592], [31.125521516703916, -13.96604910507773], [31.165891131628623, -13.972543541902692], [31.173404197774957, -13.98122142305276], [31.1403452987355, -14.002572110318976], [31.129841351922902, -14.00296635311957], [31.11046139318872, -14.024430976028759], [31.09971757632718, -14.025162417073888], [31.10097201982553, -14.04206439497057], [31.069395035880774, -14.059279047147927], [31.036928769291713, -14.10191564494875], [31.029956772157707, -14.124067300339085], [31.042489938266776, -14.124509901231614], [31.049852395856355, -14.135717372244956], [31.057193745058303, -14.137461651076498], [31.066893761213542, -14.164880960116845], [31.071681770578547, -14.163128735058345], [31.077759034788844, -14.169183747213722], [31.089685556691883, -14.165805743864558], [31.093899801097724, -14.177071644943558], [31.10221155390608, -14.181324218052923], [31.14062293988247, -14.175258647295527], [31.1395223979036, -14.178094163719683], [31.124470276586603, -14.189976580687503], [31.119219370426, -14.202195924328215], [31.107851063843018, -14.205871250941629], [31.101550313677876, -14.214701692409442], [31.09516441939348, -14.212788151156332], [31.096230394445612, -14.218985392348584], [31.081682067028176, -14.227197473696593], [31.07575727438587, -14.237381308825055], [31.079247301129893, -14.2489012255995], [31.071950952626928, -14.273473423907193], [31.027321907303428, -14.267947904867862], [31.017786834043243, -14.2822886284041], [31.004865535268433, -14.27968980257792], [31.00050058357367, -14.284430168198769], [31.00853061222031, -14.290019252906815], [31.009418908594053, -14.298693430223814], [31.019358254274835, -14.303972221570088], [31.021725347387815, -14.313170213660646], [31.028971541151844, -14.311794069955564], [31.038932469755597, -14.332561970380597], [31.05553498820797, -14.342056011670413], [31.144416144863403, -14.438969916962657], [31.140419356908016, -14.444004754357959], [31.119313546207156, -14.445687959431881], [31.10202116743071, -14.439241121745631], [31.043966996018785, -14.478045300954788], [31.02614749391843, -14.515556335360515], [31.008066272151634, -14.538716269331251], [31.019965001570544, -14.584372838670108], [31.031352601270886, -14.586768434609144], [31.030070175354457, -14.592712184016376], [31.024875241422553, -14.592372497380323], [31.019259099132082, -14.600049274151166], [31.039126204023056, -14.625115824615383], [31.04165346944615, -14.641961112621328], [31.061660979219397, -14.650654948146872], [31.062573602869392, -14.66057093421838], [31.072823064952523, -14.673950011758645], [31.071840239759716, -14.687735716646426], [30.9951798837054, -14.74429553890046], [30.799808294731942, -14.78930204433593], [30.684185944968352, -14.82900591626855], [30.48263659597192, -14.907984761779993], [30.3841434828444, -14.95824744998479], [30.21569855135598, -14.997935340097378], [30.21091258803359, -14.979492481075182], [30.214377743122384, -14.967976958223023], [30.20552347157497, -14.950925408815383], [30.197356148911886, -14.9152036206954], [30.208104689814068, -14.894508471914508], [30.205423622034516, -14.881406981337669], [30.210478779904815, -14.869680780686405], [30.201025370690505, -14.81631036813848], [30.184961110179966, -14.811397032576307], [30.184293114849858, -14.79719189758888], [30.17108547987486, -14.783446234025948], [30.14259222700965, -14.767740119371743], [30.112180717974944, -14.725637795736391], [30.10064834758002, -14.720799309943427], [30.091349600409835, -14.70546576739586], [30.079570380161407, -14.703926324966487], [30.071045669949026, -14.6963939999278], [30.056740547021754, -14.696750334791687], [30.05863007956005, -14.684373048635825], [30.05051055355829, -14.667014503782928], [30.032205662963836, -14.66374198161257], [30.009631985325758, -14.651587129040495], [30.00735616284228, -14.644461262315911], [30.013146031223847, -14.62269697500668], [30.003962103120053, -14.614518710590437], [29.991317568097745, -14.614132329258766], [29.98057108433759, -14.59404369438007], [29.97833793991493, -14.577976286307514], [29.987337939760945, -14.545776287417068], [30.001837938714395, -14.536476286800697], [30.006037939960038, -14.528176285929321], [30.00453794028517, -14.522876286352101], [29.99697433400199, -14.52382909376453], [29.99551022920925, -14.519061705859547], [30.00123793866474, -14.510476287301902], [30.016601698306584, -14.502972919994916], [30.021731004018747, -14.49348355797638], [30.0146766841112, -14.480338978183994], [30.021265153882098, -14.462811660111662], [30.028718774035088, -14.45765630481813], [30.030715279754038, -14.436969231786229], [30.044025319078163, -14.42407911885528], [30.063258322074702, -14.422081084766232], [30.067317884302117, -14.407772056141598], [30.061394917036445, -14.391077031266915], [30.076368709928623, -14.367740579749654], [30.101537939324416, -14.356976286322626], [30.11543794002487, -14.36967628585481], [30.129123155337528, -14.371446648636432], [30.143251653310255, -14.347303066780194], [30.153766581932896, -14.339630459061889], [30.144915407776622, -14.336471072318519], [30.145514357695678, -14.329636334296127], [30.160337938797618, -14.321476286923758], [30.159556450314522, -14.313064445870685], [30.175829968878876, -14.300626266255254], [30.175595044160683, -14.292492970668796], [30.20128341894239, -14.275337888202529], [30.230299300860107, -14.228090164969881], [30.26746758172912, -14.208220594780133], [30.283646526558684, -14.184345140353395], [30.29679957899871, -14.188187976327779], [30.303005384424832, -14.183752173643414], [30.315060235650233, -14.185924989080968], [30.316330416631075, -14.173939595052795], [30.30117525478134, -14.162346189080866], [30.312255860623246, -14.15158597723209], [30.305558118882896, -14.148593942879884], [30.301294788206302, -14.136469662233898], [30.304536040007143, -14.126433804867478], [30.293472069167667, -14.12246470202942], [30.287049978167197, -14.109362949131397], [30.28766556488534, -14.095808617658], [30.27522068133323, -14.098535684934246], [30.27252539861263, -14.092226266928655], [30.27016286624635, -14.095808617658003], [30.25785108068, -14.077686510375875], [30.234375500784903, -14.07909050024063], [30.206657346686182, -14.066922298029917], [30.194694949171485, -14.07044049066109], [30.193196881772753, -14.06304095477516], [30.183298229774433, -14.063678410130704], [30.176227271271127, -14.048087741219497], [30.162601120188445, -14.03930743541678], [30.167209721937734, -14.016854795416133], [30.15975609908975, -13.9955784476076], [30.15328409409886, -13.992817865241827], [30.1601387634345, -13.984277613837632], [30.153816495923344, -13.972443429303317], [30.13970785610828, -13.967648233038906], [30.123868909240684, -13.954133960365418], [30.11594943625607, -13.958089833060317], [30.11383646755378, -13.94597980327602], [30.095657103045582, -13.937068958259776], [30.09485967934765, -13.931255486672155], [30.892714903685118, -13.927557859836549], [30.894434801060108, -13.916428626843096], [30.90751274356259, -13.909271684934346], [30.921742378361586, -13.886398560422762], [30.947504228146954, -13.895341453588529], [30.949170933579044, -13.88987135463339], [30.940636025691553, -13.87071958835823], [30.944430822065407, -13.858148648286155], [30.970464901806057, -13.860305411823857], [30.980914590281174, -13.854119549618932], [30.98359487742474, -13.845099853786982], [30.976377392020563, -13.818647016257907], [30.98102089242031, -13.802958982279673], [31.00855565904707, -13.80186607867231], [31.024295888040335, -13.788947905841853], [31.03106382422102, -13.801466388208649]]]}}, {"id": "109010", "type": "Feature", "properties": {"DIST_CODE": "109010", "DISTRICT": "Pemba", "PROVINCE": "Southern", "Area_km": 1892.36344075}, "geometry": {"type": "Polygon", "coordinates": [[[27.58275117519251, -16.497500733239765], [27.669664913577904, -16.569971409126307], [27.56279288411369, -16.74889913839627], [27.45284033930077, -16.892003949030553], [27.408940860735274, -16.93568450167706], [27.364962141778577, -16.990521907229816], [27.272467799353677, -17.081606072169734], [27.25986462097042, -17.072360018801362], [27.25463360081527, -17.058469576722107], [27.26795646089513, -17.022316109928386], [27.266942959133694, -17.011645198388575], [27.2788478366224, -16.990360718141165], [27.276690521687836, -16.98308446263334], [27.27091418822262, -16.97478098835962], [27.24455967223358, -16.974419967137568], [27.231923945192655, -16.97153179900025], [27.231588720878065, -16.96645980431271], [27.262323759060692, -16.91593278511654], [27.28210441727526, -16.901362051972473], [27.294488482187667, -16.880502528752565], [27.292777187978132, -16.869192119111673], [27.301257601365528, -16.86211366873799], [27.313504199784937, -16.86791789412834], [27.317601797579815, -16.878735287993056], [27.3256829089251, -16.879099193659112], [27.33617356506877, -16.866012548381637], [27.340701364256557, -16.877566966706258], [27.33560313396502, -16.88034174224372], [27.34083208889334, -16.882013410312716], [27.338372102793436, -16.88678952409179], [27.355535275984263, -16.879529467675557], [27.253977511755924, -16.77131093828847], [27.255901619551206, -16.7671771057545], [27.24516526519418, -16.74730373609891], [27.227881681822648, -16.732975449595102], [27.199608673407216, -16.72618289963638], [27.195844700925726, -16.720158999850728], [27.191212939710113, -16.68571577724681], [27.19738862192983, -16.671357465350578], [27.192885520124136, -16.6611889124148], [27.179504876811944, -16.658292314105623], [27.180598487635443, -16.643438868165614], [27.190440979657225, -16.637583459182864], [27.187417468701494, -16.627659670008413], [27.194365111872393, -16.623036612678945], [27.18574488828747, -16.60935171078999], [27.188318089062633, -16.599303166129936], [27.182785709282474, -16.590672092852255], [27.18542323931345, -16.58210229127554], [27.181756427714788, -16.569154377593087], [27.173779506569424, -16.557870490664737], [27.168633105019097, -16.536472450691456], [27.156410403582843, -16.54011090195851], [27.153129572908938, -16.523768168254087], [27.151778642367233, -16.529627042944007], [27.14547430163589, -16.528886985323574], [27.13428087997073, -16.51624387879427], [27.1308070579361, -16.49891222897215], [27.116429300828212, -16.476119673885343], [27.11428853375948, -16.449074606764583], [27.155192551263948, -16.4583607602715], [27.175766118243814, -16.473561199150982], [27.27032825938358, -16.49330439298203], [27.28879593728392, -16.504972491243684], [27.308336524332084, -16.50703443311273], [27.323310317224248, -16.515260842897526], [27.356634412345073, -16.519114397013443], [27.36244566871529, -16.516129288579275], [27.39124230061827, -16.537959741198684], [27.39913337606011, -16.52781274570044], [27.40506347415253, -16.531241990338167], [27.413952679384682, -16.524101458755847], [27.426213487355277, -16.52427559807755], [27.44306823477309, -16.507372531774013], [27.45551295213682, -16.512805284103358], [27.45468107714946, -16.50612838893517], [27.460171468774885, -16.505080116712467], [27.461359862640666, -16.498106694225083], [27.472459483122176, -16.49441477790805], [27.517939677685785, -16.49315288967864], [27.522420540798297, -16.48708365284097], [27.568233154237866, -16.499936652734142], [27.58275117519251, -16.497500733239765]]]}}, {"id": "103007", "type": "Feature", "properties": {"DIST_CODE": "103007", "DISTRICT": "Petauke", "PROVINCE": "Eastern", "Area_km": 3642.93584432}, "geometry": {"type": "Polygon", "coordinates": [[[31.313388990020268, -14.067473817102313], [31.336072781011968, -14.074082099235614], [31.341863226409856, -14.087366259843629], [31.36609615499912, -14.097204191120966], [31.37122331315823, -14.093255013348822], [31.390384940867573, -14.099129118823871], [31.40455164925945, -14.091349165614801], [31.41717482491599, -14.10076700111976], [31.457727301147354, -14.101911370924244], [31.489087122781438, -14.116700187071162], [31.493497632138904, -14.123719339233565], [31.493659760900034, -14.223133597277734], [31.52230011109638, -14.22278800678423], [31.524034386007504, -14.29986050873634], [31.479536074303926, -14.293050082902587], [31.476977436117856, -14.455732288943738], [31.511612990705142, -14.500252022856495], [31.534217327843898, -14.513516158387343], [31.53944010236299, -14.525591379074427], [31.557099159963677, -14.542157319145954], [31.5757191849497, -14.55412346629702], [31.597075581597405, -14.558001021749009], [31.503465578301974, -14.610481347269747], [31.428968063617894, -14.633123959835139], [31.273953657092758, -14.66212122363182], [31.086638636592678, -14.72166739570242], [30.9951798837054, -14.74429553890046], [31.07233165325446, -14.685630567921729], [31.072050847083123, -14.671233514969956], [31.062573602869392, -14.66057093421838], [31.061660979219397, -14.650654948146872], [31.04165346944615, -14.641961112621328], [31.039126204023056, -14.625115824615383], [31.019259099132082, -14.600049274151166], [31.024875241422553, -14.592372497380323], [31.030070175354457, -14.592712184016376], [31.031352601270886, -14.586768434609144], [31.019965001570544, -14.584372838670108], [31.020880922037602, -14.577787625791654], [31.01072565729517, -14.559748809097227], [31.010996214587355, -14.531337636583917], [31.02614749391843, -14.515556335360515], [31.043966996018785, -14.478045300954788], [31.10202116743071, -14.439241121745631], [31.119313546207156, -14.445687959431881], [31.140419356908016, -14.444004754357959], [31.144416144863403, -14.438969916962657], [31.05553498820797, -14.342056011670413], [31.038932469755597, -14.332561970380597], [31.028971541151844, -14.311794069955564], [31.021725347387815, -14.313170213660646], [31.019358254274835, -14.303972221570088], [31.009418908594053, -14.298693430223814], [31.00853061222031, -14.290019252906815], [31.00082544132984, -14.283422095825236], [31.004865535268433, -14.27968980257792], [31.017786834043243, -14.2822886284041], [31.027321907303428, -14.267947904867862], [31.071950952626928, -14.273473423907193], [31.079247301129893, -14.2489012255995], [31.07575727438587, -14.237381308825055], [31.08218393331954, -14.226530089568136], [31.096230394445612, -14.218985392348584], [31.09516441939348, -14.212788151156332], [31.101550313677876, -14.214701692409442], [31.107851063843018, -14.205871250941629], [31.119219370426, -14.202195924328215], [31.124470276586603, -14.189976580687503], [31.139968478325624, -14.176382057832202], [31.15720574223964, -14.169070500034366], [31.1773367537822, -14.189302085780854], [31.191889325394285, -14.196839426226806], [31.19228802627175, -14.212106601785107], [31.203433393482964, -14.235741631566345], [31.200759723415743, -14.2411838580998], [31.21584311046143, -14.261621302692289], [31.211796471883083, -14.288572492901382], [31.25159473791139, -14.294270734729668], [31.261770993843886, -14.265110426283387], [31.259874097989453, -14.259435271892617], [31.276486312731734, -14.244549359554735], [31.24272364963498, -14.226889657892745], [31.245357680345908, -14.216371772801283], [31.30990469831284, -14.204763025262553], [31.301133285288124, -14.18930208555446], [31.286423493308632, -14.179110023646158], [31.284389494213436, -14.163181070426775], [31.309323613392394, -14.158815909136738], [31.31529113296921, -14.151438339604047], [31.319759683527604, -14.110084453188087], [31.31615010873367, -14.101486932589442], [31.307212018031816, -14.100254987482614], [31.30533696400775, -14.085688818578364], [31.313388990020268, -14.067473817102313]]]}}, {"id": "105007", "type": "Feature", "properties": {"DIST_CODE": "105007", "DISTRICT": "Rufunsa", "PROVINCE": "Lusaka", "Area_km": 9504.754063690001}, "geometry": {"type": "Polygon", "coordinates": [[[29.978074078664804, -14.649225937970874], [29.988921760336677, -14.648582069380355], [29.99498502738176, -14.653278924136382], [30.00589424185395, -14.647401516897327], [30.0286776383816, -14.662402218980004], [30.05051055355829, -14.667014503782928], [30.05863007956005, -14.684373048635825], [30.056740547021754, -14.696750334791687], [30.071045669949026, -14.6963939999278], [30.079570380161407, -14.703926324966487], [30.091349600409835, -14.70546576739586], [30.10064834758002, -14.720799309943427], [30.112180717974944, -14.725637795736391], [30.14259222700965, -14.767740119371743], [30.17108547987486, -14.783446234025948], [30.184293114849858, -14.79719189758888], [30.184961110179966, -14.811397032576307], [30.201025370690505, -14.81631036813848], [30.210478779904815, -14.869680780686405], [30.205423622034516, -14.881406981337669], [30.208104689814068, -14.894508471914508], [30.197356148911886, -14.9152036206954], [30.20552347157497, -14.950925408815383], [30.214377743122384, -14.967976958223023], [30.21091258803359, -14.979492481075182], [30.215450459132388, -14.997451927231406], [30.194006201860002, -14.990887477414255], [30.194702091676323, -14.996372236429107], [30.18245603673764, -14.99592270199233], [30.182451454431384, -14.992291564990278], [30.161687097861588, -14.984147798747637], [30.157075289126738, -14.989754258589468], [30.154084334015202, -14.985232716178784], [30.142935760740606, -14.985864663975018], [30.13274688822675, -14.99777932066882], [30.102552464266978, -15.07172954967843], [30.085237940222104, -15.137976285619061], [29.941027677620283, -15.265637498290102], [29.778149716440325, -15.333534103109242], [29.670601231312666, -15.454339128001006], [29.636670142757698, -15.476941457022592], [29.309752088779312, -15.684531720200667], [29.30761824592478, -15.681388480382791], [29.31432561041845, -15.673169411402213], [29.305992218903743, -15.671603835004358], [29.297963712003178, -15.65878523759307], [29.290748217265673, -15.65956807683984], [29.28414248367166, -15.64263853521514], [29.18993453836695, -15.634320030402034], [29.16361322680579, -15.62541396817273], [29.162650839184014, -15.61068072311723], [29.1699178514048, -15.596521858237478], [29.156538781940963, -15.591219071157063], [29.152355628598446, -15.573063839385982], [29.12675757402872, -15.572491450095443], [29.118367497921238, -15.577963385587953], [29.107941836685033, -15.567720262119588], [29.086507368354287, -15.571100905328052], [29.062940251928385, -15.55573151399259], [29.05746015589439, -15.542857790065812], [29.03526981094764, -15.539788782858428], [29.026334284986174, -15.532350151232633], [29.005331742813745, -15.540907150125122], [28.994965452132956, -15.536771742414748], [28.97577161298787, -15.538930484889736], [28.96572927006988, -15.532220098186128], [28.953804826375983, -15.531866899309978], [28.951151750100703, -15.526403369249763], [28.956124460594204, -15.512791191226132], [28.946837502015498, -15.497725204333264], [28.95624201682724, -15.49308058093741], [28.95200998435349, -15.4852637829911], [28.955023914776717, -15.473327927618545], [28.937080314013116, -15.474161155992496], [28.929909369425502, -15.46441754260584], [28.93367117606886, -15.459658867737145], [28.924266657663825, -15.454220247954959], [28.92244387713768, -15.4478572143708], [28.887118816162488, -15.431331161743492], [28.868780006979556, -15.412406100879165], [28.860786166964118, -15.411839455931513], [28.84609160908983, -15.40061956428026], [28.838607696847127, -15.408182777658826], [28.830040631069114, -15.403710553720833], [28.833424165231147, -15.398876723115587], [28.827290646337588, -15.3964405491859], [28.82903096780889, -15.389707457100661], [28.815022484758096, -15.374328229837335], [28.807387022235364, -15.35191441092132], [28.797591809445315, -15.339591651826643], [28.793426503830872, -15.34002687299663], [28.789309059556466, -15.312191200743909], [28.801808613678404, -15.287658526385036], [28.81341829218834, -15.276644772175406], [28.801928138120196, -15.251879825374319], [28.80488931497838, -15.241723806060826], [28.801401007609822, -15.210924715349536], [28.81298218257579, -15.185892640252428], [28.807079749899188, -15.170059505407325], [28.84195799963187, -15.164593999009501], [28.87230676763217, -15.166481651157499], [28.95579999989335, -15.004044999346664], [28.966708979905274, -14.990045083964956], [29.003902880726205, -14.990780107219598], [29.12595117795773, -14.973158316701271], [29.246216878102377, -14.867971493253465], [29.367076778773196, -14.98239989324281], [29.50291047143786, -14.981940693633627], [29.502800735937708, -14.81963991486481], [29.514316362634016, -14.818374687771627], [29.52023982487141, -14.808480290569973], [29.52634205813855, -14.807696372020594], [29.535817917150148, -14.82131169330236], [29.552653736166587, -14.813429327731997], [29.56654858233395, -14.816692674613105], [29.565215760031737, -14.811999029313936], [29.570191525695552, -14.810941306872769], [29.58302620621572, -14.821396146056642], [29.5875688824029, -14.817915244189722], [29.582244579392018, -14.803993098372484], [29.599237405953875, -14.78895974391221], [29.606378192300777, -14.78813421680585], [29.60855756357054, -14.779533327373775], [29.627650484179995, -14.78623830592168], [29.628566179169894, -14.772542473035221], [29.654748143165882, -14.764355883062075], [29.66146035766374, -14.757567811307082], [29.65263536760139, -14.750135956690675], [29.654399470173182, -14.74574206112531], [29.663797961780947, -14.75117862616501], [29.68184135459279, -14.743719584265287], [29.702555880715494, -14.745769910842354], [29.71407802738414, -14.730040668377802], [29.72402942126947, -14.728836068755143], [29.729083700587417, -14.718369009917826], [29.741795947920895, -14.718089425399905], [29.75128679981458, -14.707610109631426], [29.769842096692766, -14.719985930207713], [29.79563029586207, -14.708031923203986], [29.81214900509165, -14.694295502878884], [29.830435878176463, -14.690884860398585], [29.836834262636568, -14.696840558662293], [29.852257377562488, -14.690272121965926], [29.86366598077249, -14.692513727999348], [29.868859206108688, -14.682252239761176], [29.87875861538686, -14.684869173746815], [29.891891582395434, -14.675880446973839], [29.89915162279123, -14.646432776750354], [29.909394282831027, -14.649225938840008], [29.915117600423148, -14.670536928894284], [29.92030851529242, -14.674142209974407], [29.933618551921615, -14.669249315107649], [29.935091302100673, -14.661723024312781], [29.941837157607647, -14.667408257024663], [29.95795564761522, -14.659557316923733], [29.95765704581816, -14.644627130004215], [29.971152860336268, -14.643302271781529], [29.978074078664804, -14.649225937970874]]]}}, {"id": "104011", "type": "Feature", "properties": {"DIST_CODE": "104011", "DISTRICT": "Samfya", "PROVINCE": "Luapula", "Area_km": 3288.9859099000005}, "geometry": {"type": "Polygon", "coordinates": [[[29.659988194982883, -11.262515309793699], [29.67954602429458, -11.259042829936432], [29.686439840413687, -11.26407288214342], [29.65013293161275, -11.37406103179081], [29.644212702412037, -11.407299949587504], [29.653900350031666, -11.423654181680416], [29.666649400444, -11.432725573261884], [29.722598320580243, -11.454260692914685], [29.743258497729915, -11.471575804400914], [29.817317840269574, -11.454366707393646], [29.829989539447762, -11.45867758906196], [29.840629102129512, -11.479745543397295], [29.834166584246336, -11.490684556588114], [29.83514575419424, -11.504693547956698], [29.827312398204302, -11.5161113221365], [29.828683236311026, -11.523690932633887], [29.80048315941858, -11.534916056066706], [29.80789418415577, -11.550348900852464], [29.804720488359237, -11.562909606356746], [29.79921240710924, -11.57575026260346], [29.794935599008443, -11.572266102660656], [29.793723018003636, -11.579290576279758], [29.782512714299358, -11.587028122838701], [29.793774313603013, -11.584452852949251], [29.799772039564935, -11.588618252816508], [29.792487219142032, -11.598368923809149], [29.787218448185364, -11.59512136530702], [29.787576216620316, -11.605515203000587], [29.799420975256975, -11.60446841072441], [29.785998279111375, -11.615067270073835], [29.7899195097682, -11.618076840295497], [29.793893368225916, -11.611764173796917], [29.80140545792415, -11.624741566127142], [29.788465832619245, -11.632790485623303], [29.79404840307091, -11.634600714361023], [29.788920973939394, -11.641964348829433], [29.781447886395863, -11.640244029632164], [29.78442234304885, -11.654054420582053], [29.780085204093602, -11.656821206152104], [29.7767428136699, -11.653555043175864], [29.77683942927531, -11.666927247319212], [29.782782485565697, -11.668339689058294], [29.777498056973656, -11.670972253287504], [29.77794884775291, -11.67605899764483], [29.783012520753765, -11.680455676629627], [29.775550838221083, -11.67999016383869], [29.77403999857567, -11.685346863609183], [29.77004467128094, -11.682302120129503], [29.769449829357654, -11.688331178659066], [29.761895575434952, -11.685894316339866], [29.768487321361643, -11.697626421632982], [29.771605204829555, -11.696556542117923], [29.770972634562682, -11.702442552358946], [29.77695895192053, -11.704464035073805], [29.77941978962331, -11.699528329721803], [29.780655274074604, -11.703029906993125], [29.784448256749865, -11.696718846703103], [29.792111972186586, -11.702775030842972], [29.79459842534971, -11.700420376661127], [29.792337399017246, -11.707110972149787], [29.797548506217506, -11.711613330910998], [29.79303034325775, -11.714525651137398], [29.789956075691816, -11.738038977422717], [29.78211956122538, -11.744258174236409], [29.78836578365277, -11.765721963742696], [29.783574160944127, -11.773428413789064], [29.785998493808727, -11.790962580402125], [29.7929577557895, -11.799589646654535], [29.787110836302542, -11.808021017665189], [29.794241227344955, -11.816815051366769], [29.783532269807473, -11.839713982090334], [29.788878914817797, -11.86888540069732], [29.794944503109527, -11.874002517706812], [29.78827452110812, -11.889198474773442], [29.795315598051733, -11.910244878281922], [29.793126468383015, -11.916185969769872], [29.8059730569706, -11.932845325057189], [29.801409608140773, -11.943379346136606], [29.78733896796052, -11.93970527494706], [29.787671720111426, -11.948611322761117], [29.780779006225178, -11.955238349826839], [29.7865070866849, -11.96600401414049], [29.786031728779275, -11.974537185992151], [29.782014940732463, -11.973444397287688], [29.785223616926093, -11.977257512431361], [29.780253139644408, -11.98017253364756], [29.797692889738162, -11.990489654628474], [29.78488789494489, -12.002114106715648], [29.786432813078925, -12.008071443757245], [29.782065447610965, -12.008391103088213], [29.793028425354596, -12.017661028758456], [29.787621211436257, -12.017341381311033], [29.791394377276372, -12.032219105723579], [29.787442952446238, -12.033090823255174], [29.797544339831212, -12.045062106381852], [29.790205978919, -12.053778722681843], [29.791245828267726, -12.064034914739157], [29.799861716583116, -12.064645044375517], [29.79641536233496, -12.067753776819673], [29.79983200660172, -12.076266289895653], [29.810616725355338, -12.075278503985997], [29.813528301735072, -12.08030455417224], [29.810052235708902, -12.087828928653112], [29.82149057225647, -12.08637636338603], [29.825085479106562, -12.090065864214115], [29.818371026006982, -12.09442347712642], [29.824431858617608, -12.101424558253004], [29.824966638282685, -12.111243193768232], [29.82093202676226, -12.121735371884347], [29.816820166415663, -12.119411558947972], [29.81018890270127, -12.128590502884862], [29.81350181580725, -12.150125427821429], [29.79721981175671, -12.154950701744326], [29.7753608984374, -12.149185429930375], [29.759527609159495, -12.15708131480273], [29.74247637593453, -12.171180523665438], [29.733117427267285, -12.189978307339679], [29.73715587728887, -12.205015575201768], [29.729784102641418, -12.199314043961769], [29.72702770124382, -12.205642109073235], [29.716835421420104, -12.206581907979734], [29.71997643830321, -12.218798985828005], [29.700489313590893, -12.218861635668704], [29.68151500832819, -12.23189256338298], [29.662027885412517, -12.234210496870057], [29.645938186409797, -12.233771968740335], [29.63606641919122, -12.227381930206333], [29.63600231631085, -12.219300186772168], [29.626002345128192, -12.213536313770708], [29.622284405915142, -12.222432673135772], [29.61747672671909, -12.221680881582481], [29.59997677782318, -12.20138164706755], [29.60029728863171, -12.196306592706755], [29.58689988994287, -12.194113641300067], [29.582925542801622, -12.200504483897591], [29.577476840191864, -12.198624838756338], [29.57933581024756, -12.182584671352652], [29.563502477850534, -12.18569856043653], [29.52266790820231, -12.16094390340585], [29.501312428734554, -12.160246862869064], [29.47749696855671, -12.149442544416912], [29.45118587263698, -12.155576662672164], [29.43867206135313, -12.151010940391394], [29.42508869073921, -12.12678689914219], [29.395461973292882, -12.00870248509518], [29.416248301756234, -11.989108408068164], [29.46804921603373, -11.973723919389577], [29.496000296099126, -11.958168683807703], [29.470580501417754, -11.939682600695198], [29.46423446358588, -11.921613850730353], [29.47097267083648, -11.896880737773602], [29.500597289818316, -11.851379123318273], [29.507745628301787, -11.81881517195862], [29.515451981375158, -11.805763879596011], [29.512840559081276, -11.747266947780892], [29.491504066405334, -11.724525311402044], [29.483945867081914, -11.707175469120902], [29.48686779025711, -11.692858312037], [29.460223944881356, -11.631895188351523], [29.43530196958101, -11.59630197940954], [29.46761925179604, -11.59249001867416], [29.46818973410373, -11.588810930349013], [29.45230522917652, -11.559759866865154], [29.443130789977065, -11.512089643193082], [29.450296835153125, -11.494030133692254], [29.46088546605323, -11.488754602254865], [29.470819146957815, -11.46884018198598], [29.490227027685652, -11.457681691854662], [29.49021520765313, -11.446119514841797], [29.475268088436717, -11.4227095247691], [29.49980657024734, -11.382766004854558], [29.497343273855616, -11.362625843666299], [29.503566620684317, -11.349817089777993], [29.533078421147916, -11.339311122355916], [29.580037939761848, -11.309776286346931], [29.606837939283384, -11.261576286936236], [29.637732733856126, -11.259042831698475], [29.659988194982883, -11.262515309793699]]]}}, {"id": "110012", "type": "Feature", "properties": {"DIST_CODE": "110012", "DISTRICT": "Senanga", "PROVINCE": "Western", "Area_km": 10682.4293677}, "geometry": {"type": "Polygon", "coordinates": [[[24.121471581167665, -15.322486660673047], [24.57103471915337, -15.512368105810697], [24.557011221660932, -15.5201600908571], [24.538418963600407, -15.523051149061743], [24.516225073901513, -15.56312839985195], [24.50502088233439, -15.566424322299113], [24.49833694859829, -15.577591381359941], [24.48995930786928, -15.575469172645995], [24.478173020574506, -15.58112785223129], [24.464053042223917, -15.604884801945838], [24.45222913079007, -15.60861019317786], [24.449218552879497, -15.61434946201], [24.438017806351482, -15.615500041818573], [24.43035870735705, -15.623746689130952], [24.407824629253316, -15.628708247038398], [24.390760922022327, -15.617588859788107], [24.38130408483686, -15.619674908784116], [24.36694003332526, -15.653725728326345], [24.35804157544568, -15.658283520138232], [24.350360184757438, -15.653816360935906], [24.34303160829535, -15.66146673266405], [24.341790030571477, -15.67202034424399], [24.34840951288089, -15.686309567954778], [24.329496090936573, -15.7124415046176], [24.336681296279387, -15.721476673664723], [24.338404425792717, -15.745212647297073], [24.331405273223425, -15.764187869373252], [24.335604596241048, -15.780608889575408], [24.316097009703185, -15.795663311877616], [24.313618586580393, -15.818880029332899], [24.29839084714392, -15.832455646809672], [24.28076202324243, -15.864409792665414], [24.272767145672837, -15.867023824833254], [24.271408239888032, -15.888723855745], [24.256168719944938, -15.901090745568316], [24.23171731003815, -15.938247237681114], [24.164800966395926, -16.003395474740966], [24.13310684100193, -16.019604726767724], [24.11406707909773, -16.043999672679217], [24.1158202895967, -16.048534385915], [24.107889682892452, -16.05976244238523], [24.113404135892768, -16.072146799906932], [24.103470193578428, -16.090553646192244], [24.101322206749767, -16.10776583173434], [24.105009326562087, -16.109842021183198], [24.09721013799398, -16.138942962790804], [24.102312167260877, -16.14574071568433], [24.098238083766887, -16.1619478047688], [24.105785143980807, -16.185580542870568], [24.09903029903278, -16.19030527386132], [24.09783691502559, -16.213723178970827], [24.106427876888475, -16.23581128421508], [24.09718748877072, -16.244152955754906], [24.10065422669101, -16.2492657312199], [24.094914798712608, -16.259805341582876], [24.0989401521957, -16.27969480760907], [24.087319711868666, -16.30546727992044], [24.079528535374585, -16.306334464953864], [24.081959913725957, -16.315886848817463], [24.074590309408215, -16.32165276231964], [24.07403743408008, -16.333533908134516], [24.062107275304317, -16.346365268921133], [24.06324283385836, -16.353094135576793], [24.052577619783605, -16.361389156891196], [24.045586992226365, -16.37598934026716], [24.05253321336418, -16.38700953708184], [24.04730559872227, -16.39316622174803], [24.038729695318526, -16.393477098267496], [24.034734993251213, -16.408111229010423], [24.02560933167335, -16.41182386203168], [24.019533950846697, -16.421963105131173], [24.021119535713677, -16.428369350043475], [24.007268115903763, -16.432816541389087], [24.00452379415182, -16.454202662132268], [23.998106593579767, -16.45420633998707], [23.990056846912655, -16.465023118389748], [23.98562700092174, -16.464577117787535], [23.984864627689557, -16.478002119864275], [23.972602165920506, -16.486998818959922], [23.973628236011074, -16.500465548079163], [23.95004146444674, -16.520208992880523], [23.950648855834537, -16.533252095941034], [23.935129816107622, -16.538605146886265], [23.928918044969695, -16.546750751662778], [23.92269083628358, -16.547098441609567], [23.91647353871002, -16.5588311751139], [23.904400560380513, -16.56463613803521], [23.906910541319228, -16.573732085869025], [23.89197939414854, -16.59403459920131], [23.880503037304873, -16.601119928042845], [23.87707881395203, -16.62044657790902], [23.868374851212934, -16.620602088837035], [23.866778747074008, -16.646854738591845], [23.862121639892617, -16.654065294207637], [23.847459530963008, -16.662060021344008], [23.835980517801023, -16.65605645358374], [23.822028714851406, -16.6593972802556], [23.793346688215752, -16.682975425326624], [23.783345726191367, -16.677565172952363], [23.776502372933322, -16.68368817195687], [23.74437736702003, -16.68642400384366], [23.735390071148746, -16.69903706929636], [23.71617296833275, -16.69526930836671], [23.69095990923591, -16.70926711588754], [23.689548841875812, -16.72412813885012], [23.67023332412886, -16.718012038933395], [23.661819086035205, -16.711026297050555], [23.646983221370082, -16.70906635874961], [23.636199577899852, -16.681234201976686], [23.625691667814532, -16.670029075389973], [23.598793158140595, -16.67564540283211], [23.575414526227572, -16.666662241755862], [23.57174268855487, -16.653036501628904], [23.583653318854687, -16.65476173975533], [23.584767133687258, -16.6461202872853], [23.56040545290097, -16.638727760942462], [23.537183844702987, -16.60757441539504], [23.521088903132274, -16.602239162709736], [23.497106577297178, -16.58342673140115], [23.48952998227336, -16.55290019731685], [23.457487003325245, -16.519240769760078], [23.458220069021298, -16.507244904118437], [23.4414689126271, -16.470374908604583], [23.412268210424486, -16.454173359043462], [23.411966569626813, -16.43613488863114], [23.384618045318057, -16.38011437239064], [23.366162629421325, -16.378688162785924], [23.338296874934905, -16.359904999806545], [23.32268726885767, -16.339805320273236], [23.29881951595054, -16.33594105721766], [23.289580534594553, -16.314115251034536], [23.289501250185896, -16.2983807302662], [23.269352787558052, -16.291336898665037], [23.250980298738472, -16.265000892394326], [23.247489881227295, -16.24889473820214], [23.23945288434899, -16.24054277584983], [23.2417037282777, -16.226142976399267], [23.25280005014548, -16.19592115022827], [23.27517956591804, -16.190136757867116], [23.27873436658393, -16.185041829201545], [23.275905703806572, -16.16197566240214], [23.284316534590367, -16.144731236981567], [23.28633192738816, -16.112822097645832], [23.29543086678128, -16.099693015194674], [23.280671640087995, -16.08591274437696], [23.267316410115175, -16.085908961217555], [23.27567130190791, -16.06588416005995], [23.269565533770137, -16.062797977326678], [23.261025977999402, -16.069448704094874], [23.254905979649198, -16.06502483009258], [23.246456735107227, -16.040802190905588], [23.254609399061515, -16.025934552600617], [23.253307546178736, -16.01849636110705], [23.231999439367456, -16.013443330105282], [23.233445375733613, -16.008763241621548], [23.250081890927852, -16.002204455801273], [23.24991672398479, -15.987036316054608], [23.257679271170744, -15.968040090307207], [23.250781722551626, -15.96375175931174], [23.243874023868162, -15.971428424370934], [23.23814269060877, -15.969609152713339], [23.241266749994264, -15.954049058871608], [23.22242341371007, -15.942095621050054], [23.22985707509413, -15.922821103975595], [23.2147467634316, -15.908897456823981], [23.2150284876811, -15.903587460918622], [23.236512280707426, -15.898297854939242], [23.23974156335543, -15.890217323165109], [23.229512457994936, -15.885584103314999], [23.224543461136815, -15.872250534574768], [23.21447539675733, -15.865194365079565], [23.220539686983482, -15.842905474632552], [23.21750917725336, -15.836119741013853], [23.200323530010774, -15.831200107864744], [23.19742688183438, -15.816716029201881], [23.181183750581127, -15.804620632305449], [23.179585045819458, -15.79542804799493], [23.203389544754174, -15.767552248410803], [23.20522908425025, -15.751770814861233], [23.223587317704574, -15.721266663281853], [23.252862264767117, -15.68636176909363], [23.283853388382706, -15.684843537130059], [23.340274630118916, -15.669071337306734], [23.363183357798395, -15.675463147308111], [23.3750404988129, -15.672851929604093], [23.38797604396983, -15.662731051816232], [23.393127471594134, -15.651201074400664], [23.389219615055286, -15.640209430680786], [23.406160466891382, -15.621823592845647], [23.412115712421855, -15.605873786353902], [23.42184317696815, -15.599651808030062], [23.41966990436083, -15.594120357933123], [23.429730695979774, -15.58560964721505], [23.44429474930455, -15.583931122931883], [23.450117160953955, -15.572954521317335], [23.459719581809292, -15.571554942900095], [23.565937126605277, -15.732587701886503], [23.87670898473607, -15.812683105426924], [24.121471581167665, -15.322486660673047]]]}}, {"id": "107010", "type": "Feature", "properties": {"DIST_CODE": "107010", "DISTRICT": "Senga Hill", "PROVINCE": "Northern", "Area_km": 5214.99293472}, "geometry": {"type": "Polygon", "coordinates": [[[32.139447406780484, -9.06429808034222], [32.1599987368638, -9.057540715658197], [32.172727076617285, -9.081965136869252], [32.18301858973717, -9.085180507206793], [32.18494379078216, -9.092925439767516], [32.18301858973717, -9.110573876131026], [32.17721921538324, -9.11895188186826], [32.17603813021061, -9.147235394119981], [32.163464896269055, -9.177598676280978], [32.165508937239586, -9.185904712797896], [32.14944182098479, -9.206809731113887], [32.151010503151355, -9.224499433432596], [32.15923420677664, -9.2373086641055], [32.16360750382041, -9.260345337770074], [32.177131452674935, -9.269118580683303], [32.18490356512203, -9.286945888905144], [32.19643100915592, -9.293865453659222], [32.196240866352994, -9.298744253327932], [32.21492245378374, -9.316898415103287], [32.231560002040574, -9.323934656137437], [32.232391879722904, -9.335426882391156], [32.24670017010987, -9.359113739201979], [32.24494134424205, -9.373653389433397], [32.25974876195709, -9.377686863090709], [32.253260118370484, -9.425569030112873], [32.262553375935966, -9.443036633095355], [32.25896442042465, -9.448077452679472], [32.26602349242004, -9.462683695207433], [32.258940651900545, -9.478531817973897], [32.24864877586127, -9.475976087610222], [32.22315768009916, -9.448334967997548], [32.20991894544901, -9.448264630633593], [32.197036730575576, -9.439120767971072], [32.179638612005355, -9.434454956670963], [32.17041665821555, -9.438182919636768], [32.15632227915561, -9.431617924922124], [32.133742750790105, -9.440480636256089], [32.122001398124134, -9.438581502123292], [32.105756022879305, -9.422215699735304], [32.08959383432473, -9.425240382969582], [32.071792006577596, -9.407350199645444], [32.05377592165205, -9.41422047630701], [31.99853926222986, -9.41698730641652], [31.9334864529833, -9.411266040608925], [31.9095046149334, -9.418886561187957], [31.89253431542398, -9.416823173323062], [31.831735814175257, -9.437579677150227], [31.8270536817267, -9.433728503092317], [31.81483696756184, -9.437714382649004], [31.806969783713264, -9.443622777688224], [31.803570971004874, -9.459753115717024], [31.76863212092315, -9.482564065826995], [31.76105015307562, -9.502115098749176], [31.741108862613537, -9.515336029322127], [31.7227124902855, -9.512616870696869], [31.703127718701804, -9.518336452244558], [31.6913863642392, -9.539690267795065], [31.675556926038908, -9.541026300048447], [31.6700190000602, -9.548432990759924], [31.66046429411949, -9.548620500993616], [31.65164639356131, -9.554925432191219], [31.630326563735597, -9.579886188792868], [31.626778235431306, -9.578939866656995], [31.623600242992783, -9.589612185995307], [31.604371989389175, -9.57962838899999], [31.58535764980752, -9.579862755274561], [31.56263551478896, -9.546346947065436], [31.54050757580499, -9.524618503344914], [31.52715000122929, -9.526306198954213], [31.518807457678463, -9.532658422605671], [31.523656115322826, -9.535752451074424], [31.516288059700624, -9.544542155810912], [31.517405150689026, -9.59366655516247], [31.487909156981182, -9.584878119333487], [31.45803287497252, -9.58752639323482], [31.449238742040155, -9.583893802410344], [31.42266620223674, -9.592119805668416], [31.40626633383103, -9.573394225691178], [31.349460991343946, -9.545550027856097], [31.317160380962267, -9.518899028720558], [31.308627696405132, -9.529470606620935], [31.291918845270914, -9.534955507097973], [31.281413420824002, -9.548573624330738], [31.274568260155636, -9.566269328170549], [31.256005509057186, -9.587010800632678], [31.2545081306663, -9.60735262160254], [31.223586058749962, -9.620546028255532], [31.208136907952156, -9.644611537344925], [31.189740532929164, -9.661247835759603], [31.165989075020416, -9.668944231940479], [31.161318689840833, -9.667910591773067], [31.156958456097925, -9.646791936955358], [31.15839385792073, -9.617666102035322], [31.15299547983153, -9.599793582897775], [31.165135932418675, -9.569576235933638], [31.16251678191841, -9.563654235590711], [31.13703358324596, -9.548042970418827], [31.125188415875886, -9.550514734095357], [31.11541081276034, -9.56256466274232], [31.089518559036755, -9.564623941859764], [31.06301644984657, -9.578156567577409], [31.052956004078982, -9.574351297433024], [31.035771548002458, -9.600982683846423], [30.985086609904066, -9.631961470587706], [30.967811281151693, -9.66493480470267], [30.961940884194767, -9.651600635083083], [30.94171438042661, -9.642087310003955], [30.91673429131386, -9.609796247640404], [30.917359849331653, -9.601456590389086], [30.930568526352385, -9.59669982365186], [30.927691305142343, -9.589852984862445], [30.944091172649713, -9.583701035937302], [30.946527384835637, -9.561025746762114], [30.958292506924042, -9.5573342818017], [30.972276200964554, -9.56036317369443], [30.966017083221256, -9.545908052313127], [30.975018842866934, -9.543830819198867], [30.97671264867448, -9.5274494870603], [30.986779868637612, -9.52304333717102], [30.982350028934935, -9.507658869318496], [30.9883395460918, -9.488319135947034], [30.97525116516571, -9.469246281889456], [30.97632072000424, -9.464322993039273], [30.986481507589044, -9.465377991217503], [30.990403216149577, -9.451662784561275], [30.99943502893308, -9.460689092335075], [31.019711040653206, -9.468120957854547], [31.03621589157291, -9.462857713847118], [31.050996491881733, -9.473555025253875], [31.077973085815106, -9.472335948203941], [31.09339170467303, -9.414632103201216], [31.11108180804996, -9.397330890905213], [31.131728266128604, -9.397327198747343], [31.145056669712094, -9.367111182841374], [31.131762320362743, -9.368070362041612], [31.134015196280608, -9.36516198066137], [31.18616710120428, -9.345767809215012], [31.195888181423825, -9.33791115382558], [31.239953914792203, -9.326489373317035], [31.270543234557632, -9.301275696020712], [31.319031065947563, -9.326866719251344], [31.349015338928126, -9.326971099248318], [31.364879585049014, -9.339797383262802], [31.38515343272761, -9.344175124338333], [31.408529529594883, -9.318779717763707], [31.43364895908628, -9.309952015592925], [31.46247356991709, -9.286067467003999], [31.47095021666849, -9.276660121134679], [31.414006878580718, -9.27704385710827], [31.402277308218007, -9.259562746781905], [31.400477829092004, -9.247426280023273], [31.42923701292575, -9.197077830388299], [31.443411766949094, -9.135182684259425], [31.523473018006662, -9.109293644726328], [31.585904312387136, -9.127687952887106], [31.626072105719082, -9.11161272558736], [31.659513577409886, -9.108280251303613], [31.682782375008056, -9.118136773621696], [31.70887955690583, -9.116235894060841], [31.763688393673963, -9.094903106787841], [31.78367721938762, -9.067959553003513], [31.80069505414865, -9.060683508917935], [31.835840178080847, -9.068896112918221], [31.83764239706846, -9.03145703718661], [31.830416948997613, -9.007278771904215], [31.816679087019427, -8.990235643716819], [31.812448395730385, -8.971125728344918], [31.790391763217052, -8.928066040746803], [31.792435804187583, -8.913226411617], [31.7873850130279, -8.889090694034001], [31.80145562625866, -8.885122136010153], [31.816358115375156, -8.88782264010674], [31.821514209747395, -8.894477215039554], [31.85614562310124, -8.90097262513836], [31.92519144378571, -8.924453562628143], [31.938287572681133, -8.91719811521591], [31.945322877949053, -8.91933484705919], [31.94950603308819, -8.924406604622247], [31.94961299009917, -8.940513656166846], [31.929505322663335, -8.982233713297815], [31.93725366658632, -9.00045098323149], [31.936873380980458, -9.019136816672486], [31.953439626359955, -9.035239664137984], [31.964705619323663, -9.05796081975934], [31.98806949101824, -9.07525892327442], [32.013683751195686, -9.071413517296048], [32.015276200988055, -9.062119016864514], [32.06944330287676, -9.048129875624262], [32.139447406780484, -9.06429808034222]]]}}, {"id": "101011", "type": "Feature", "properties": {"DIST_CODE": "101011", "DISTRICT": "Serenje", "PROVINCE": "Central", "Area_km": 11546.728844699997}, "geometry": {"type": "Polygon", "coordinates": [[[30.15208476414282, -12.443555270272663], [30.16991070896035, -12.451028650344943], [30.170504905893246, -12.467111931636893], [30.19976322244491, -12.485398782011796], [30.196316873586643, -12.49521466464639], [30.2047307182182, -12.507327369967246], [30.198966276650733, -12.521906305835802], [30.213604771566484, -12.53967426059399], [30.2378451609248, -12.548466606915296], [30.231950643304202, -12.56999365617383], [30.236222511569217, -12.584473302164744], [30.226039559851408, -12.593377229400543], [30.216104974343352, -12.627891168633143], [30.247200229768332, -12.653450460286635], [30.23746433722808, -12.679136419018352], [30.238424681182593, -12.699295660184728], [30.224913641118683, -12.710182279719154], [30.214846595428707, -12.73773593695766], [30.217727623698927, -12.74090134760082], [30.212992136712366, -12.74752274112625], [30.22070799935134, -12.768193293400392], [30.219648310709594, -12.777462196757526], [30.21378690499033, -12.781079238743668], [30.222363764201564, -12.79257591512257], [30.24382247087528, -12.78618176158739], [30.258658120843037, -12.797161522928423], [30.257465970222768, -12.806267902309743], [30.261837188564947, -12.807107482042401], [30.26071126803562, -12.814017756818542], [30.269950435342892, -12.831486341898236], [30.265214948356338, -12.842108972910223], [30.26004896532944, -12.842722426306617], [30.256075130227902, -12.86164181809711], [30.26124111415312, -12.876459940567418], [30.27157308290185, -12.885337479936682], [30.273858037658538, -12.906900519285681], [30.281607016690447, -12.915421926936864], [30.282534244251988, -12.926718796594711], [30.301080443891315, -12.944713698647124], [30.321479542771616, -12.94383325923907], [30.349884554126504, -12.957032301344816], [30.37581552523883, -12.99294850774965], [30.394973268279163, -13.00605697508468], [30.41998689868797, -12.991515517909392], [30.436954399047014, -12.995481535276902], [30.448180664017254, -13.004075026436432], [30.4347988403188, -13.02223571276054], [30.446986764377126, -13.03046146715034], [30.454106371144565, -13.023869512176228], [30.469515440012714, -13.024496907206904], [30.504004075135303, -13.065891531136016], [30.53511778015963, -13.072444769872195], [30.533466636243176, -13.089592366857223], [30.544506659793825, -13.11243667276342], [30.51687732931373, -13.165151456847443], [30.539018554380796, -13.185799355282926], [30.53616991037656, -13.21817782103137], [30.527272440643777, -13.23346737825789], [30.528350076726618, -13.242265772362426], [30.5345639373459, -13.26059436090835], [30.55336831728946, -13.272704410826673], [30.553308082554704, -13.288659520980739], [30.557449204623424, -13.288362757692838], [30.561213036967732, -13.298962064205254], [30.568736532575087, -13.303155446671692], [30.57583583921376, -13.297677553848825], [30.58609495908451, -13.317574028665602], [30.59673361177292, -13.319474062249315], [30.6100867127385, -13.347596312415835], [30.616423073019842, -13.350538884328632], [30.630248147039076, -13.347021375967405], [30.634641328291664, -13.35211676661225], [30.64055450122578, -13.351219789333829], [30.643912709185, -13.358837387248895], [30.65270798028286, -13.358209009080234], [30.657879997293502, -13.375268928397029], [30.662475822304522, -13.376754601655], [30.66104037826087, -13.384656132939995], [30.668801091985316, -13.387737525839887], [30.6650266729954, -13.392586445936464], [30.66766438268946, -13.405503449628243], [30.65878093925152, -13.410074401723802], [30.660393443034284, -13.419889938596308], [30.671173403411817, -13.4245091680102], [30.669271642107567, -13.437408601642684], [30.676005956958083, -13.435853562166445], [30.67319218824816, -13.451321540327418], [30.68302979073984, -13.45785176181015], [30.675864595370033, -13.46090454904334], [30.67289360441737, -13.46931826208068], [30.668520304678673, -13.46871729139103], [30.67576889963944, -13.479947823425615], [30.66813939474367, -13.486511868998281], [30.665501280807767, -13.49927610376933], [30.90581487916657, -13.32790925017348], [30.923638803673047, -13.359412005383183], [30.89462310860489, -13.569154023712578], [31.052965898123524, -13.590294027704422], [31.029753344045275, -13.634646590052228], [30.995358829008293, -13.682099083009032], [31.008689626602006, -13.682297070797128], [31.015895891149977, -13.688140224336339], [31.017474606599954, -13.699143306664325], [31.007155837696008, -13.717377513660374], [31.01072665712007, -13.73149818859468], [31.02999585144278, -13.743094277743504], [31.029759914323296, -13.74813976689429], [31.035076231311308, -13.743615042274634], [31.036051033650285, -13.74919447441415], [31.0414127793405, -13.74629928335635], [31.04748024870447, -13.753854711939686], [31.05255887865482, -13.752770148922773], [31.046694330628693, -13.76117720879857], [31.052831237967485, -13.765118650780014], [31.039706132802767, -13.771802785183617], [31.011687387350108, -13.800740660630847], [30.98102089242031, -13.802958982279673], [30.976377392020563, -13.818647016257907], [30.98359487742474, -13.845099853786982], [30.980914590281174, -13.854119549618932], [30.970464901806057, -13.860305411823857], [30.944430822065407, -13.858148648286155], [30.940636025691553, -13.87071958835823], [30.949170933579044, -13.88987135463339], [30.947504228146954, -13.895341453588529], [30.921742378361586, -13.886398560422762], [30.90751274356259, -13.909271684934346], [30.894434801060108, -13.916428626843096], [30.892714903685118, -13.927557859836549], [30.09485967934765, -13.931255486672155], [30.09470328984321, -13.923857178779917], [30.087085619353005, -13.92593674717774], [30.07301500702052, -13.906765339302936], [30.07875138701518, -13.888595605672593], [30.06811881502292, -13.877993710695282], [30.076413820627256, -13.862325865180155], [30.061511333307404, -13.860641333989182], [30.050126495028206, -13.837333571041837], [30.05192727581309, -13.831315785399253], [30.025031556306434, -13.804786994945008], [30.02139825186784, -13.80716977520965], [30.017120274160543, -13.792894691424216], [30.020844410850778, -13.790133977417796], [30.00867239505779, -13.778518136653503], [30.013545329672713, -13.765740071755333], [29.990999577961876, -13.748722051670732], [29.97849816163235, -13.748300002766468], [29.966621726602167, -13.731100195327715], [29.96998262860893, -13.718520140725957], [29.960837579590603, -13.710483665987958], [29.959238819133354, -13.700874350255948], [29.964031988740963, -13.691846441733375], [29.958458411323544, -13.6695380210411], [29.926539159136205, -13.655875156122105], [29.93162204620268, -13.647437671940583], [29.928743749709223, -13.633096392713428], [29.918548616836155, -13.62583897368449], [29.920275238999366, -13.618818925064984], [29.895760190641226, -13.617891692002885], [29.894919616368604, -13.599139507813733], [29.867858080436918, -13.578564226393869], [29.862039017706902, -13.5629814786566], [29.846454999242223, -13.553734519659526], [29.837868177714515, -13.531649903413983], [29.840108349657672, -13.523122228722883], [29.79518569806838, -13.513615117291378], [29.795120165070095, -13.500393157595958], [29.8147347759926, -13.444506628403827], [29.81476954438733, -12.990626447958851], [29.84671057622877, -12.993952104974557], [29.8723554959069, -12.977487296676424], [29.902529358328138, -12.938031329209453], [29.912428828691738, -12.904022003371201], [29.928731456264547, -12.887732922884807], [29.955250499596215, -12.872546907109356], [29.9685980076508, -12.84355262418386], [29.9883129343394, -12.830209786967943], [30.024211974763677, -12.826501365632295], [30.052855683760903, -12.81497528929891], [30.05186657485267, -12.811193418303711], [30.059745825770488, -12.810379064811857], [30.061978574934425, -12.805741366829407], [30.072025154307273, -12.806986273600907], [30.072893240383753, -12.798254570613725], [30.057132794593926, -12.795290623973191], [30.04748714860374, -12.786847928333701], [30.050294280560355, -12.783398438090657], [30.059667318404546, -12.785392559983327], [30.05247772658825, -12.764858020618776], [30.06178619981799, -12.75869163280171], [30.056294176852024, -12.753242656835726], [30.067177979781455, -12.748808802825298], [30.065659605965738, -12.74185734176935], [30.06984288327579, -12.741101738892262], [30.049500837297447, -12.727456114104513], [30.047023344829267, -12.717207065784295], [30.040329226892812, -12.712522490795669], [30.043472735702483, -12.708699286795833], [30.057293047752392, -12.712084812909051], [30.035107925610742, -12.69901477114506], [30.034269521667834, -12.691770989372056], [30.04105573129399, -12.685362124248078], [30.03449909242689, -12.681131086680782], [30.024488530107075, -12.689102233370383], [30.01694461579324, -12.683395707016969], [30.014306866573357, -12.667716405105844], [30.025035322044083, -12.667374120095113], [30.03157363168612, -12.657759844300296], [30.026708632788413, -12.649112733343665], [30.0141587990617, -12.643851758202349], [30.04607566532369, -12.604965572191652], [30.05208719120502, -12.609199190294563], [30.062312981782075, -12.605540136228065], [30.059183270196847, -12.594018317221614], [30.062746805182282, -12.589330814152296], [30.07179507959334, -12.585006135832561], [30.07644316768928, -12.588635241390442], [30.081277179201226, -12.581679416207944], [30.09577921014383, -12.582979864714927], [30.10457958996068, -12.576023887160204], [30.10975445912236, -12.567676459628785], [30.10306121524664, -12.558209669008445], [30.110839014029498, -12.555669000339678], [30.11700547504285, -12.545475829901987], [30.109506561833168, -12.531228915913387], [30.117997069589425, -12.523969037061015], [30.127386205243493, -12.530926423727076], [30.13169343209643, -12.52599577297267], [30.112388377027575, -12.512080545139915], [30.131166649234046, -12.503095747045943], [30.126735471939895, -12.496591407826465], [30.12887359436844, -12.490601219288411], [30.148550497167705, -12.476835362359019], [30.14557571981611, -12.468091393602144], [30.14935616380666, -12.462191317434348], [30.14315871361096, -12.450795106966142], [30.15208476414282, -12.443555270272663]]]}}, {"id": "110013", "type": "Feature", "properties": {"DIST_CODE": "110013", "DISTRICT": "Sesheke", "PROVINCE": "Western", "Area_km": 11794.779180499998}, "geometry": {"type": "Polygon", "coordinates": [[[24.397479041146575, -16.69625753022066], [24.180772301580173, -17.00514765167854], [24.35993730815606, -17.28046314083395], [24.39620386643109, -17.278787249843035], [24.419828664579725, -17.284274400640154], [24.440420550903166, -17.279092095985828], [24.462449077826207, -17.28564616429361], [24.4701111753971, -17.281378425116458], [24.495970752003938, -17.286713083846706], [24.534340934705646, -17.280899471939104], [24.55056869578438, -17.29505901873563], [24.63772781976941, -17.320225494167246], [24.60499878576075, -17.535413800342265], [24.585270990705705, -17.53371492265943], [24.558953380203523, -17.538955903427464], [24.552898001264964, -17.533448427759943], [24.55017836072543, -17.519984811603496], [24.538037938681022, -17.508576287925028], [24.52290058413517, -17.515059355640634], [24.510976145831165, -17.513415797365536], [24.4732930521509, -17.48627271932771], [24.45116762934807, -17.479119777303865], [24.42825034611382, -17.478897631920052], [24.38721350640635, -17.469656135273034], [24.328383167232765, -17.492492441331382], [24.29020166487671, -17.484161081291074], [24.278764302102882, -17.4845955090329], [24.269958541377452, -17.491111787785233], [24.2601912338534, -17.487781275341078], [24.24643898086435, -17.473831176298805], [23.43799781787766, -17.63807296683568], [23.417213442351773, -17.59856223964713], [23.402616500806126, -17.593843460300874], [23.391839981874444, -17.576368330869798], [23.36367607115531, -17.57522010713283], [23.33968544129375, -17.553153991213804], [23.289726256604972, -17.549709318873916], [23.2874164580408, -17.543800354203167], [23.245786667363742, -17.548036574589204], [23.223205566946486, -17.533565519730065], [23.22680473360765, -17.52441215459702], [23.21033668486851, -17.517604825852345], [23.21138954272085, -17.506536482650098], [23.196258544653965, -17.49843215726421], [23.195934296853842, -17.487632748819514], [23.180137633686684, -17.47603225587271], [23.14056778056743, -17.467475891042504], [23.148431778990027, -17.456886290167414], [23.125656128635043, -17.444808958071803], [23.107781830200704, -17.42176805010039], [23.121477439919477, -17.42379249197758], [23.196886373612784, -17.365936887398288], [23.24056847425255, -17.3253351557107], [23.37111313625597, -17.11959327387784], [23.417137458353448, -17.022873530861528], [23.428232506410165, -16.96726096811909], [23.448982551020883, -16.947744978692047], [23.47948529385415, -16.93276046107034], [23.489791169238828, -16.933738915788222], [23.500460008015732, -16.927681701837734], [23.591661224690817, -16.925884030076052], [23.599979998819254, -16.92201847232876], [23.606397336833556, -16.91621998478828], [23.606159658779053, -16.877445122062248], [23.69210587297588, -16.726041063957158], [23.690959909235904, -16.709267115887542], [23.716896372647877, -16.694994180813882], [23.735390071148743, -16.69903706929637], [23.744377367020018, -16.686424003843666], [23.776502372933322, -16.683688171956877], [23.783345726191357, -16.677565172952377], [23.793346688215742, -16.682975425326628], [23.822028714851392, -16.659397280255615], [23.835980517801012, -16.65605645358375], [23.847459530963, -16.662060021344008], [23.862121639892617, -16.654065294207655], [23.866778747074, -16.64685473859186], [23.868374851212927, -16.620602088837035], [23.87707881395201, -16.62044657790902], [23.88050303730487, -16.60111992804284], [23.89197939414854, -16.594034599201322], [23.90691054131923, -16.57373208586904], [23.9044005603805, -16.564636138035212], [23.916473538710022, -16.55883117511391], [23.922690836283575, -16.547098441609567], [23.92891804496967, -16.546750751662792], [23.935129816107615, -16.538605146886276], [23.950648855834533, -16.533252095941055], [23.95004146444674, -16.520208992880534], [23.973628236011074, -16.500465548079177], [23.97260216592051, -16.48699881895992], [23.98486462768956, -16.478002119864286], [23.985627000921724, -16.464577117787524], [23.990056846912644, -16.465023118389766], [23.998106593579767, -16.45420633998707], [24.00452379415181, -16.45420266213227], [24.007268115903766, -16.4328165413891], [24.02111953571367, -16.42836935004349], [24.019533950846686, -16.421963105131173], [24.02560933167335, -16.41182386203169], [24.03473499325122, -16.408111229010423], [24.038729695318505, -16.3934770982675], [24.04730559872226, -16.39316622174804], [24.05253321336418, -16.38700953708185], [24.045586992226355, -16.37598934026717], [24.052577619783598, -16.361389156891192], [24.06324283385835, -16.353094135576807], [24.06210727530432, -16.34636526892114], [24.074037434080076, -16.333533908134505], [24.074590309408215, -16.321652762319633], [24.081959913725946, -16.31588684881747], [24.079528535374575, -16.306334464953864], [24.087319711868666, -16.30546727992044], [24.098940152195684, -16.27969480760909], [24.094914798712608, -16.259805341582886], [24.100668121831845, -16.249667323380265], [24.097187488770718, -16.244152955754902], [24.10640082681863, -16.23630788962223], [24.10361255139816, -16.226168402117462], [24.452251022733517, -16.551488371093082], [24.397479041146575, -16.69625753022066]]]}}, {"id": "110014", "type": "Feature", "properties": {"DIST_CODE": "110014", "DISTRICT": "Shangombo", "PROVINCE": "Western", "Area_km": 7811.81102477}, "geometry": {"type": "Polygon", "coordinates": [[[23.030598027626908, -16.080605328153062], [23.02292399503918, -16.097123166149245], [23.048894941181636, -16.185831995797624], [23.064953969903932, -16.271746183741612], [23.040842722350835, -16.291392542832448], [23.02136758206274, -16.284843003605044], [22.988914670409468, -16.28693434682338], [22.97104260339028, -16.280411000922957], [22.953845020232503, -16.28008230972905], [22.930497325399557, -16.286975985607203], [22.906677759920907, -16.278014378319316], [22.86406946404927, -16.2876173899027], [22.816727802113476, -16.27509329681518], [22.74912135200873, -16.27528934196453], [22.717437988431833, -16.260741221354596], [22.704782794000373, -16.259527488885823], [22.68305507244176, -16.245998271598545], [22.67498628598219, -16.24449727778169], [22.67133908191124, -16.248622237864662], [22.64058699819609, -16.23634703792618], [22.638141254885028, -16.23973251393784], [22.645741206106255, -16.369104089837258], [23.027893968365998, -16.646665953208334], [22.616864596295223, -16.717612157718904], [22.60888671934238, -16.71539306419474], [22.62411448123675, -16.789846920821603], [22.650154753962937, -16.793896821043763], [22.65891018837118, -16.809696062774783], [22.674073717129456, -16.817422451406603], [22.673834742806008, -16.840132604309467], [22.67663582011761, -16.845956416592227], [22.68258910911737, -16.845661987707203], [22.679709855019862, -16.86766760812086], [22.683693619200252, -16.872065675151248], [22.690578359640032, -16.870950925707692], [22.689146614858707, -16.88684073015209], [22.697955826911457, -16.893554649135186], [22.694867888783527, -16.909027902870864], [22.722234179073688, -16.918814996276396], [22.730292088731805, -16.912369175639782], [22.740679840164734, -16.92000246282095], [22.740286036710486, -16.92824099805896], [22.750245208209567, -16.92985177691373], [22.754296167271512, -16.94021607529963], [22.747500487605635, -16.94408047730114], [22.776660980317782, -16.978448050083117], [22.777234170147747, -16.987394258846138], [22.78714054406432, -16.999512202868452], [22.784840540729995, -17.003874449330418], [22.79350417899431, -17.00640209524362], [22.795756990233517, -17.02145406087971], [22.817059851781824, -17.028537720817972], [22.81854245737788, -17.032806518179807], [22.835707184654147, -17.034648576130728], [22.841240013591953, -17.04289508729779], [22.862005749075703, -17.04658062922446], [22.866107391984283, -17.0430979187728], [22.869177312602563, -17.047895328027053], [22.883055531852303, -17.050392259185273], [22.884346729817516, -17.06210309576725], [22.89627110883271, -17.06868370193794], [22.893335995694223, -17.075259985123402], [22.90256006681312, -17.082641006718692], [22.89447752624826, -17.095266550816337], [22.89693714314055, -17.1014825679401], [22.892047048008774, -17.111940850163894], [22.89986739819004, -17.120646218322538], [22.886378654311493, -17.136724782307212], [22.89220291559205, -17.138704899983427], [22.896066646884183, -17.14992406398965], [22.89102824708549, -17.155520647070432], [22.888078359355507, -17.152854400075476], [22.883403574227675, -17.16490183058831], [22.892069072004613, -17.166863748873435], [22.89706440117867, -17.161886834895718], [22.89870522884232, -17.17215390975184], [22.907109993303013, -17.172000203802753], [22.903504736962564, -17.18420361990312], [22.915357746625062, -17.18534173308589], [22.921971447377327, -17.194832898771423], [22.923923814374803, -17.20997514502739], [22.932015757605782, -17.213308456682913], [22.928471209412212, -17.22637288165912], [22.939786435443374, -17.224081461347758], [22.944852603964108, -17.229520863150498], [22.943508791672702, -17.238276764960283], [22.961124208218582, -17.237772531401138], [22.96943385456541, -17.250804460183616], [22.965637047761945, -17.25886001910337], [22.918337940817786, -17.23797628702286], [22.87398476272817, -17.19779334733951], [22.831176171294278, -17.189827204682047], [22.800257265041008, -17.165817569729683], [22.796627357132508, -17.1528746007055], [22.80654366192453, -17.150196683909936], [22.792999579129553, -17.125755917037655], [22.733293443639358, -17.079043474717533], [22.732181498200898, -17.065122941833145], [22.716308904934383, -17.059532774426405], [22.722614600325144, -17.055670391680742], [22.719871832658633, -17.047329554681003], [22.685132092363038, -17.032974028403995], [22.692445508856384, -17.018622041185125], [22.67567937574978, -17.013148872649566], [22.623362591343913, -16.960140624301648], [22.616387105789077, -16.958400051707244], [22.618576413324206, -16.952645333133827], [22.60873794036503, -16.937976285779346], [22.59083794023207, -16.927476286793873], [22.570537939002318, -16.90347628827147], [22.49003793908189, -16.837676287132027], [22.439637940303427, -16.779176286238688], [22.36663793875752, -16.709976285900236], [22.323937939268415, -16.646776287179847], [22.2817379393715, -16.619676286426948], [22.258337939232824, -16.58337628661128], [22.224137939099233, -16.56997628674904], [22.18933793891604, -16.540976287332906], [22.142837940010985, -16.480676286875514], [22.134737939790202, -16.43577628690658], [22.135180823598333, -16.408065078166782], [22.127754762859915, -16.401521105018862], [22.12746150603879, -16.38632950858503], [22.11828613528637, -16.38340747637342], [22.127045296804706, -16.372890089790108], [22.119429908035325, -16.358139059700207], [22.12227933087889, -16.353207223052877], [22.11271473897848, -16.34535469914488], [22.111983469913017, -16.33347242513989], [22.09787488309855, -16.33043554838184], [22.090884280694123, -16.32084933482883], [22.10049238429194, -16.314205799582023], [22.100288694894548, -16.30969918702345], [22.085730214717795, -16.30415870572091], [22.080180457028455, -16.292330032673075], [22.071032687013155, -16.29009452086125], [22.08147040184385, -16.280228222121536], [22.071991340338283, -16.27546726104415], [22.08083012223522, -16.259993489627778], [22.060548878726895, -16.2608174721451], [22.05980024702363, -16.252864856937325], [22.052552981569477, -16.250520856215076], [22.0448102063029, -16.23488923487299], [22.030687739618976, -16.23432914962677], [22.02838203557587, -16.217680578864307], [22.01972674984707, -16.216447240041173], [22.016017303306665, -16.21010379857438], [22.001284502354096, -16.208053521155794], [22.001073119784596, -16.1921305322192], [22.440390009859282, -15.733464328371472], [22.46172733796846, -15.740119657420964], [22.500020803646585, -15.734430245694934], [22.51006284113735, -15.749205655128872], [22.50717612832804, -15.764441476728186], [22.513869399153208, -15.763892663158968], [22.52784768264077, -15.803024247154095], [22.548276299263016, -15.814346134239228], [22.553033423969836, -15.82712600584038], [22.570932212275448, -15.843166036047574], [22.573108336135473, -15.856708228105344], [22.580602138829473, -15.857586848589246], [22.580097998003804, -15.865325906410064], [22.59991830785499, -15.880524812834691], [22.6007623613027, -15.892490809052088], [22.610161552698067, -15.89743508593367], [22.610082254814685, -15.904713532873576], [22.61884363786674, -15.909091070762965], [22.62373700466278, -15.923118981289974], [22.632404068203257, -15.925528209997475], [22.648510855857637, -15.947023426002945], [22.67639697964313, -15.96613269864714], [22.675648035326144, -15.970679924804626], [22.690595860618384, -15.987461549718798], [22.70554825474216, -15.991642171306095], [22.7054481518768, -16.000011010198403], [22.718182143830024, -16.005521698321417], [22.72574249282194, -16.020841554597087], [22.74574584878535, -16.024746236767392], [22.76456704069945, -16.04311242227933], [22.772195355327433, -16.04740603657409], [22.778613360789976, -16.04451635515628], [22.7852780993251, -16.05239882903414], [22.797561536756014, -16.046916349622144], [22.828475044134457, -16.06037040942622], [22.84522707728435, -16.059971089847128], [22.849165153149396, -16.0649419198539], [22.857675881084347, -16.06084671308871], [22.888467367602782, -16.074488099860247], [22.89193665943342, -16.065969899575254], [22.906006298890432, -16.072426253243915], [22.94424024938435, -16.070337682668754], [22.961397706595047, -16.080395314362352], [22.965586663952603, -16.077361991001005], [22.992019149216716, -16.082127857193903], [23.003420209273276, -16.07852235487243], [23.00780001910287, -16.08231649042194], [23.018374550046296, -16.078159987248387], [23.030598027626908, -16.080605328153062]]]}}, {"id": "101012", "type": "Feature", "properties": {"DIST_CODE": "101012", "DISTRICT": "Shibuyunji", "PROVINCE": "Central", "Area_km": 1639.53629347}, "geometry": {"type": "Polygon", "coordinates": [[[27.77757469662126, -15.305835065631067], [27.77777562280085, -15.311091697790134], [27.782915435208597, -15.312495808253756], [27.775428537864183, -15.323269886418473], [27.783925572779275, -15.33705187273547], [27.78288572612549, -15.343527086941823], [27.789748712962357, -15.344128755740662], [27.79132333838285, -15.35186434619597], [27.786272654122683, -15.352179493713724], [27.784341510722136, -15.358023962754922], [27.79563127490487, -15.368881635241491], [27.799285595429527, -15.385295985158486], [27.80846595542506, -15.391340037715837], [27.83683891489057, -15.392858183628164], [27.861943787182803, -15.377504344806999], [27.902345607815917, -15.372932282992272], [27.911518425556284, -15.406105357692319], [27.93303308200086, -15.38472226980278], [27.959345042998233, -15.454771910846967], [27.963455635821994, -15.513020048859554], [27.96050967013654, -15.583803944962574], [27.78976163882099, -15.578889517909563], [27.791591136050535, -15.58884588537918], [27.76913703495656, -15.62615377114129], [27.790877688661986, -15.646289734193296], [27.791353049262582, -15.657504160114344], [27.769130039775465, -15.657160868854726], [27.754869283741737, -15.641712245254514], [27.721118829322418, -15.673866957657943], [27.716484085700042, -15.672493906047443], [27.716365243977865, -15.66219572474988], [27.705907358375747, -15.657046440325018], [27.67191922500363, -15.676155356203004], [27.672869940814905, -15.651553723786366], [27.652786043699766, -15.644115439651747], [27.640545563705754, -15.626262451835045], [27.651478809010104, -15.612642782213438], [27.65979758224021, -15.610239215942602], [27.664313487733665, -15.596046160041835], [27.662293214388907, -15.592039878282428], [27.652025726711294, -15.591288140578229], [27.655519355699592, -15.561933030281201], [27.647913620226255, -15.560673711027897], [27.626879006401545, -15.541439537827335], [27.626284808570357, -15.515791178332073], [27.620937026292882, -15.512928440051816], [27.61309361096841, -15.520256971171564], [27.597525619346726, -15.517852325098753], [27.592296676096534, -15.508118949985766], [27.568528750271998, -15.50697381584261], [27.558783899731722, -15.489910584348923], [27.568291068624205, -15.479717779898506], [27.56734035191463, -15.47353313584091], [27.56032881606914, -15.469753542415807], [27.55588359990372, -15.47543202428517], [27.465488978725578, -15.413724678270512], [27.463924088347827, -15.385708345829123], [27.468414500551823, -15.381983317879168], [27.557252035017036, -15.38512098410119], [27.59443304321702, -15.378517200020449], [27.59364440414426, -15.357640386961048], [27.58292436858267, -15.32587731886854], [27.564448268976545, -15.303364333080657], [27.55235241594663, -15.27307121994186], [27.553543531707714, -15.262351184345487], [27.509557015374345, -15.17965319615175], [27.503726597939146, -15.12859451193664], [27.511401170414395, -15.125900994814762], [27.510522772576753, -15.091624019370096], [27.503183904116444, -15.083881525161875], [27.49989822972652, -15.066611160682367], [27.483831642579414, -15.048657582113826], [27.5557524431773, -14.98745063431089], [27.56723010886634, -15.01272461808662], [27.59036135014, -15.017248136085575], [27.608039595755177, -15.05292320722672], [27.610194407983393, -15.063475936750484], [27.606038699969407, -15.074941089145382], [27.614855835162953, -15.080163896774755], [27.615537459732558, -15.090205767291604], [27.62530007355927, -15.091054951004445], [27.627674764622938, -15.106297241661865], [27.632380167030604, -15.108695998813909], [27.629081988091922, -15.11587088028992], [27.631962398321228, -15.131514675778977], [27.64337410341389, -15.139070830365993], [27.65300478886134, -15.159360743223234], [27.658040011318832, -15.160336987827367], [27.6575342903566, -15.167870891282348], [27.670309241893545, -15.185908723853158], [27.66929780086738, -15.203456996426304], [27.673695374881678, -15.210501355180135], [27.70034467303118, -15.22238287578495], [27.708831989971536, -15.231399656250295], [27.715758169695352, -15.243152710382605], [27.71597804942913, -15.255647567760429], [27.73655869423513, -15.269944673725037], [27.74873997435362, -15.287528355685552], [27.750367076658055, -15.298090585330792], [27.76116778542374, -15.30475876073491], [27.768714100035975, -15.299170715350337], [27.77757469662126, -15.305835065631067]]]}}, {"id": "106007", "type": "Feature", "properties": {"DIST_CODE": "106007", "DISTRICT": "Shiwang'Andu", "PROVINCE": "Muchinga", "Area_km": 9254.196523}, "geometry": {"type": "Polygon", "coordinates": [[[32.38847551320149, -10.837025496104323], [32.37683532341292, -10.893166320564866], [32.366632313213145, -10.919531198799081], [32.354219353091295, -10.93192718423994], [32.33123280615538, -10.942458852361016], [32.32379979425332, -10.963688345305806], [32.34953794019328, -11.008176285864067], [32.37093590907569, -11.031043992608213], [32.31607869174131, -11.080374522660692], [32.302763473629554, -11.098161908744155], [32.28341234396981, -11.108989766094524], [32.26206705678722, -11.153911949085238], [32.269541330106954, -11.175811317583692], [32.26943421678908, -11.196875121778245], [32.24411892312471, -11.225288691965229], [32.24203200556568, -11.256829350114277], [32.2368803812103, -11.264486839118021], [32.2273391832365, -11.24858536187616], [32.19948319074225, -11.227977398905775], [32.18389144137627, -11.223501265063994], [32.16107680323966, -11.197483629347381], [32.130854700389314, -11.197710928008036], [32.121713911182056, -11.193700630233923], [32.07332241063161, -11.204985159277468], [32.0541179444167, -11.198736676886513], [32.02759294255979, -11.202467066015092], [32.00344543181532, -11.18367926368995], [31.98813889665372, -11.180881256715226], [31.95552870077398, -11.154060833246051], [31.96270264034476, -11.177355991247833], [31.950652268119352, -11.19945972270883], [31.951436586295614, -11.213658395008952], [31.978460633733892, -11.255411081779256], [31.97453891439353, -11.264012626247807], [31.977391044759376, -11.274921546255438], [31.96583980615026, -11.292472820324413], [31.99571603336166, -11.317714085384392], [31.970474496772006, -11.323726856907474], [31.961846711169017, -11.341554791782793], [31.957497126953797, -11.374411229382105], [31.94851281887913, -11.39293498356012], [31.949724933658302, -11.420963001978867], [31.94102584787289, -11.437876310847214], [31.940455388023068, -11.454928389863815], [31.933752818736377, -11.464292606897601], [31.938458842778243, -11.477919112082663], [31.944261414236284, -11.476715488430543], [31.949149017441442, -11.482233116872246], [31.939301112171783, -11.49577074989781], [31.925396875016474, -11.497377833944462], [31.87484249985812, -11.491787940823254], [31.824189789718858, -11.470309479879914], [31.808122671667437, -11.477111019783205], [31.813164732100894, -11.500172740231138], [31.793556194688023, -11.533849166709514], [31.79369880223938, -11.546424390729355], [31.79961701562057, -11.552641932106448], [31.813378643427928, -11.553061088118044], [31.829136777852543, -11.572970233580026], [31.8267837532552, -11.584146678355568], [31.837621928056404, -11.598326149219707], [31.83148980334818, -11.610968318810349], [31.819795984137155, -11.619209867798801], [31.816516009557713, -11.63045430078859], [31.808529986681894, -11.635622397639857], [31.81024127729814, -11.645818628875919], [31.796550953266458, -11.6648133496602], [31.779224134878653, -11.654827316433636], [31.782575414132097, -11.650986436714248], [31.77872500934721, -11.640860233921535], [31.784001488747307, -11.639673000355486], [31.78435800762569, -11.632270130107623], [31.77965196022764, -11.626403563897433], [31.76154079940905, -11.61320334098481], [31.720469823720816, -11.617184424074532], [31.68388361971486, -11.561272486607981], [31.660788565275805, -11.572271691888371], [31.637757445732134, -11.567731120908793], [31.618558246339713, -11.586139988019474], [31.566421132177247, -11.590476479170514], [31.592105119587035, -11.546870173066242], [31.528395248571073, -11.514812592954346], [31.510997126407595, -11.490567128432005], [31.508073665316623, -11.440672206692252], [31.51556055816945, -11.416979519296575], [31.502084139176617, -11.37343293608602], [31.48857146238227, -11.368470293801812], [31.451899261755877, -11.386304331967343], [31.440561961423235, -11.384137410347577], [31.440419353871885, -11.394971848092244], [31.42865423088518, -11.39392337383254], [31.40705029986769, -11.40720323921522], [31.390542984869157, -11.40601501901067], [31.38469607256868, -11.395810086313608], [31.396817710840512, -11.37001652876145], [31.394678595773577, -11.343591442287945], [31.399242037416908, -11.320030506333516], [31.41741967626146, -11.292879361293455], [31.407358520824797, -11.281850560701544], [31.375250049302636, -11.272409995352875], [31.360670519802127, -11.21820077041646], [31.354103207152846, -11.210300958258978], [31.36595292179489, -11.185495076804859], [31.36268989123834, -11.127895175344248], [31.370176786786093, -11.113902201579148], [31.36600088913614, -11.098775718972876], [31.361080928614424, -11.093877766339958], [31.35658879164507, -11.095766986369597], [31.359797460652242, -11.092338391077073], [31.357230523829536, -11.081632523876804], [31.354592285926113, -11.084291534897401], [31.34389671957457, -11.073795300784976], [31.331347255055416, -11.074704990113078], [31.321578636889374, -11.068407088190035], [31.31287957895171, -11.069666680116056], [31.31123959031451, -11.0760345287988], [31.29819100026395, -11.07092626397981], [31.28221895181735, -11.078833539724828], [31.26539126165591, -11.068686998660755], [31.24663836775453, -11.068617022170171], [31.244570558259895, -11.063368668967511], [31.238224523122977, -11.0681271783334], [31.22745765299575, -11.063438647593372], [31.221396833859835, -11.067007537995194], [31.217760341300306, -11.055880861224544], [31.21426645539381, -11.06042955335527], [31.201930902201685, -11.054971114330181], [31.193944878427565, -11.058890003919931], [31.171843481066972, -11.029929454353104], [31.167318795439957, -11.033482313720807], [31.15728221880778, -11.019916612223682], [31.142062818432095, -11.01725184703368], [31.14091108032151, -11.01297202377293], [31.13248466376751, -11.01774682294272], [31.126596616711886, -11.00190879303896], [31.12421087367526, -11.006754053824261], [31.12133152705129, -11.000132174605083], [31.111048149972913, -10.999486132330258], [31.112858024403394, -10.987453289872663], [31.107510667927375, -10.984465192032173], [31.108251070164325, -10.974208518832144], [31.100764771996207, -10.972027920690245], [31.13026847594417, -10.938205666349344], [31.15089903384226, -10.925627231996408], [31.159122738365873, -10.900725493021847], [31.18514861738627, -10.87967291409859], [31.186527156749936, -10.872203790800597], [31.17780432669492, -10.86015943839663], [31.153489740985687, -10.843282519936873], [31.149900782779444, -10.826241237107688], [31.15793434270347, -10.820008088144988], [31.17759041716451, -10.816622990208092], [31.194798393830137, -10.829229368127049], [31.21317100212566, -10.813634732631565], [31.188262215890287, -10.785408249690112], [31.172908137392263, -10.78821000424758], [31.164969648869686, -10.79995374160089], [31.156104213958265, -10.797082055051074], [31.157815503676215, -10.777866731275314], [31.136590747048576, -10.76735965606168], [31.14441039474724, -10.752182121636867], [31.17728143623266, -10.732753765396156], [31.20732409341844, -10.721497825431465], [31.23679632219547, -10.730068259316008], [31.253814156058173, -10.721217590946113], [31.265198990744057, -10.73086223782511], [31.26871664427633, -10.740856852618288], [31.274872535712024, -10.74209448065855], [31.31962754190633, -10.711455866594896], [31.319698844783705, -10.706294635039043], [31.31190296560911, -10.7023010444], [31.313400344898326, -10.687890982207014], [31.30548562669651, -10.669346068876616], [31.309858924638576, -10.66070384624614], [31.32212317495335, -10.6547242213085], [31.343038947954184, -10.65897537473908], [31.342040694196374, -10.647226162858741], [31.329348623024202, -10.638863626790894], [31.32925355341935, -10.629543096868554], [31.356372755802404, -10.618306694594356], [31.37258247871022, -10.617816115433092], [31.391050158407193, -10.608681836972458], [31.42781914082737, -10.600201433723516], [31.461403220069567, -10.563076462912417], [31.48070277295727, -10.56637092915271], [31.49726535860028, -10.58825246211326], [31.505095328839896, -10.587710916243031], [31.526030579112724, -10.564408284862221], [31.539596700276586, -10.564214604103148], [31.557683276002475, -10.57411733872545], [31.58331878403133, -10.566415473606254], [31.58075325217376, -10.558172129989622], [31.58954994799962, -10.554656439189074], [31.589200800696446, -10.54900726336765], [31.600230288805427, -10.543264081245159], [31.59817861664655, -10.547970003875328], [31.605856169731904, -10.550291482920727], [31.6128939588416, -10.535588266971065], [31.627830939671746, -10.534892717753184], [31.63445248181811, -10.524680639350427], [31.64031978767215, -10.523688079980124], [31.64159065406752, -10.528058934163669], [31.649677429290673, -10.522357872996041], [31.65084606291513, -10.529545112391311], [31.662130297069, -10.531287323722788], [31.667663959643342, -10.527364976250418], [31.672203380335986, -10.537436308349594], [31.680893454222485, -10.533419339588942], [31.685192700442418, -10.52441015587405], [31.703920640043524, -10.521191527997077], [31.71365874243937, -10.511583265062324], [31.745992340754924, -10.525613956682566], [31.80058352381455, -10.52251773112742], [31.81945442041161, -10.51440044800173], [31.840094461824194, -10.518227191836976], [31.837181509225438, -10.541849206985793], [31.80134060327475, -10.601360857406807], [31.807482526806073, -10.665694043145864], [31.814637304413537, -10.685901887188164], [31.79272126992025, -10.700762888909198], [31.812977471093387, -10.73469387416448], [31.812907143786425, -10.7424224782635], [31.841155949791485, -10.771729517828847], [31.867937287711325, -10.77261614198413], [31.88786979714151, -10.78014491067496], [31.938133449626154, -10.740168982845109], [31.944828493725687, -10.729274392578736], [31.982072429809616, -10.71400049487587], [31.995515305709766, -10.692854398617515], [31.99811626981709, -10.677981589420169], [32.00850543340162, -10.667633581708385], [32.00830764773225, -10.655399273813345], [32.02414851429958, -10.627686399095275], [32.03014052697632, -10.632937881718473], [32.04019774330044, -10.681503712160566], [32.02474636108748, -10.730948523152884], [32.0261913317647, -10.78762846804125], [32.033650125315454, -10.804860853972636], [32.04674536308209, -10.816253711271047], [32.108733454752524, -10.831457728094382], [32.14249651612854, -10.832572370806773], [32.1635331781121, -10.82856756120958], [32.19921728402826, -10.808485668194077], [32.21659843881267, -10.809729399587479], [32.22411551685569, -10.803166258353668], [32.246996378795025, -10.799015784619396], [32.258572952590114, -10.837222814188436], [32.264781609268994, -10.839885105409454], [32.26860961096896, -10.849821558795298], [32.30841929540446, -10.84937581666744], [32.310230926041335, -10.852870183014579], [32.31880663720562, -10.842148966628418], [32.340081335671485, -10.835383864985808], [32.356429445845464, -10.836910631018831], [32.36471607735469, -10.833858698723768], [32.365452510834736, -10.829198771113552], [32.370600320045114, -10.837486305031984], [32.377460106184614, -10.834196869783774], [32.38847551320149, -10.837025496104323]]]}}, {"id": "109011", "type": "Feature", "properties": {"DIST_CODE": "109011", "DISTRICT": "Siavonga", "PROVINCE": "Southern", "Area_km": 2557.1913408}, "geometry": {"type": "Polygon", "coordinates": [[[28.833451075163786, -16.236481645415715], [28.856946241027043, -16.242241520970104], [28.85647092534223, -16.24674830668485], [28.822364313167267, -16.300308668623686], [28.820225364288653, -16.317588521292343], [28.824384855108292, -16.325629072338927], [28.84167617027944, -16.331160183787436], [28.839774993778434, -16.35755991622638], [28.851837467209034, -16.3758037402199], [28.84583610486681, -16.38275884688916], [28.840132066019034, -16.41154561436709], [28.820345397176915, -16.434572107774105], [28.81761220734796, -16.447793923957185], [28.82349505585305, -16.472753246802654], [28.802341773681004, -16.500586771128482], [28.77215649816407, -16.5154564448773], [28.74701631040308, -16.544846767638486], [28.738528704205194, -16.548551303263196], [28.63078795086065, -16.56906483901955], [28.39719154186977, -16.665339868236533], [28.35723791588476, -16.612676930195498], [28.303760085923646, -16.559886683676087], [28.294550013251786, -16.535138053074245], [28.277520295576185, -16.52428638392448], [28.28203620017131, -16.518566942161634], [28.2748345179296, -16.51781497078549], [28.270841507390024, -16.509543090787382], [28.253110635770554, -16.503093969850354], [28.240584589432537, -16.504484365060293], [28.232760538192334, -16.48495324271571], [28.21847601632946, -16.49803479461878], [28.207447696928707, -16.48948858392611], [28.20053123068804, -16.493066643254288], [28.18779162336596, -16.48303879618141], [28.192806654390825, -16.479437760224382], [28.18004328034127, -16.47451471705585], [28.17186711376419, -16.47649762535249], [28.16542600363253, -16.464599874641728], [28.15023830210829, -16.455687482003917], [28.145228855909547, -16.45817749511653], [28.13842170924906, -16.451977393841343], [28.12777365838615, -16.45609865897342], [28.12876240706994, -16.450445573407563], [28.122905978017346, -16.447272478573936], [28.119309537743074, -16.457307149106626], [28.106407487169864, -16.334503120710213], [28.404020358589875, -16.243675132004935], [28.466389575790952, -16.152991458035434], [28.481496080393317, -16.165770802236832], [28.591053890199035, -16.310609712264334], [28.629439090037355, -16.293568895631353], [28.632505152391467, -16.283393886573524], [28.644543605769677, -16.279218788011033], [28.653147596797417, -16.269043033742964], [28.66346287484818, -16.268951769283795], [28.67800884508629, -16.24508457970548], [28.695929861305306, -16.237485718870236], [28.714326233633344, -16.240475096175714], [28.723785869070912, -16.23324118358971], [28.72951393785254, -16.239379758060537], [28.744677876242566, -16.24031536077133], [28.765688719746542, -16.252044241586194], [28.77540980086442, -16.247434921214506], [28.787174924749422, -16.253618688895205], [28.80317073812687, -16.24494766760078], [28.808138235696784, -16.247047002799253], [28.816765992553705, -16.238421332314307], [28.81819206716891, -16.24161606980367], [28.8273189513539, -16.23636754442394], [28.831716016023435, -16.240338180862015], [28.833451075163786, -16.236481645415715]]]}}, {"id": "110015", "type": "Feature", "properties": {"DIST_CODE": "110015", "DISTRICT": "Sikongo", "PROVINCE": "Western", "Area_km": 8133.55627236}, "geometry": {"type": "Polygon", "coordinates": [[[22.506612306129842, -15.701208179296902], [22.440088525368477, -15.733598676384164], [21.99927419941069, -16.194022242630627], [21.99942473998431, -14.704629480353281], [22.005196509109577, -14.704080355805381], [22.000203166110637, -14.449818299271024], [22.00855302194788, -14.447030516390148], [22.020042458262083, -14.451564699735336], [22.02891266592262, -14.44651034476428], [22.049262804823336, -14.44644129727422], [22.0601010002858, -14.455541818347992], [22.073274352854607, -14.4554700326823], [22.08296698163248, -14.462015900332045], [22.09306889632851, -14.45888881188013], [22.103160929556434, -14.462114763196103], [22.11805537605618, -14.456344148847219], [22.151241687578732, -14.481960515075976], [22.153558430120068, -14.474472618215788], [22.15593222556343, -14.477860270888318], [22.165414281153854, -14.475360031007897], [22.192728268833207, -14.495649887005062], [22.208128392277757, -14.51274334020725], [22.20969472085829, -14.525937118357218], [22.20159995242574, -14.527798376963155], [22.201434487241972, -14.53545045674488], [22.209891613602245, -14.540632189308582], [22.209880592172023, -14.551340199780306], [22.21542329179817, -14.549784358940462], [22.21746358589564, -14.556217756178134], [22.222685365081446, -14.553653508748575], [22.23049545919708, -14.560514910614806], [22.234684098551064, -14.554757243720903], [22.238661944630344, -14.558797474729934], [22.23893177608379, -14.554787836600253], [22.24600180842397, -14.553949244115323], [22.246662327075967, -14.5653869336153], [22.253804862442717, -14.577171301653456], [22.266522908401363, -14.58708936478136], [22.261788422138032, -14.60001560499037], [22.265856503987614, -14.597617865198345], [22.26785464374206, -14.601522301628032], [22.26885188599687, -14.597273266660798], [22.27718170221676, -14.60688735379639], [22.28642377377733, -14.603525602260165], [22.28586373168988, -14.608647071687352], [22.292767769738575, -14.607878060361122], [22.29544872882196, -14.615397826225916], [22.30084501383655, -14.61619858471416], [22.30414110239559, -14.610488209259413], [22.319087366415875, -14.612828979286123], [22.32440928709461, -14.61830278721149], [22.32698534181742, -14.615802324754462], [22.328172810418454, -14.63028085513785], [22.342609809622726, -14.64098172226232], [22.346303835682917, -14.657454785051533], [22.349125426922377, -14.653790249806871], [22.3672074922072, -14.661100456754063], [22.375499660931865, -14.672250647278904], [22.382038063998696, -14.668945968282452], [22.3872703453885, -14.677661515353227], [22.40017569367712, -14.674445422720973], [22.40054427243817, -14.681418312666969], [22.40988616119989, -14.68468084232529], [22.411013678035506, -14.695224653002564], [22.41695090515799, -14.696080352263508], [22.413623751059795, -14.705174816893901], [22.425838410777633, -14.714894456262192], [22.424887461404378, -14.721698289384543], [22.434247657831573, -14.725074552878606], [22.436020144379924, -14.732934238342025], [22.449672207367, -14.737537347925619], [22.4459644110318, -14.75479914366788], [22.449125543889057, -14.755258826844129], [22.44199516811799, -14.764498245984344], [22.442874581051882, -14.768474293750812], [22.447010199142852, -14.766704616571442], [22.447485557946788, -14.7742888446372], [22.454758542167543, -14.779689572637448], [22.458466340299374, -14.777552280937236], [22.46017763091562, -14.784883338414142], [22.469233211324894, -14.785756615324095], [22.469803640632016, -14.790398705237171], [22.48527655995392, -14.791363879152227], [22.489626089371885, -14.798142962578522], [22.496613860286562, -14.789272662853492], [22.506762763160165, -14.79694802214039], [22.511397511274097, -14.795293476754763], [22.514629946110404, -14.807978002115949], [22.524517403303737, -14.814136163148776], [22.525754514604007, -14.824144498666806], [22.538463236049978, -14.823648799612723], [22.539604094664185, -14.830840442691143], [22.551060234922375, -14.832793403331936], [22.54697215028639, -14.841363248420656], [22.552486310435913, -14.840076645344688], [22.552201097129835, -14.848002919410183], [22.554625422807927, -14.8431782652692], [22.556431784825623, -14.848048869145568], [22.56109029876873, -14.846440663405756], [22.55945031192816, -14.856411346406935], [22.566152866841794, -14.864107296750571], [22.560971459741477, -14.867897740646006], [22.568291980112104, -14.881841399994615], [22.562231160976186, -14.883426370920553], [22.568393853556906, -14.887249051385137], [22.567626479403536, -14.894796479031868], [22.573615994763777, -14.896289478385937], [22.569195161570132, -14.906418636229054], [22.57416265734342, -14.91190793340839], [22.574725079966377, -14.924963080763268], [22.590384656627908, -14.932903578652272], [22.608356695358438, -14.921403307996252], [22.617958934754107, -14.932449895824636], [22.61781632810108, -14.94241659961154], [22.62440855282984, -14.945947033770977], [22.625201154371297, -14.953190640418685], [22.59930454202196, -14.950551726022367], [22.59727006900751, -14.974872079110542], [22.575299065703707, -14.97486212969367], [22.57960868117697, -14.96280846368349], [22.569729857691843, -14.956269967421568], [22.550732001297366, -14.958755071283722], [22.535045138309066, -14.968472590793098], [22.534958908126615, -14.97625005369283], [22.528455991208464, -14.982752410129995], [22.52134461390734, -14.977829740381873], [22.51522198529, -14.980860501088706], [22.50949865601979, -14.974284613200187], [22.504079559186867, -14.976194947376074], [22.505714793939593, -14.969618916253122], [22.49381081296952, -14.966951949767441], [22.48692760685225, -14.96992775904881], [22.48535774879099, -14.980280229929726], [22.47775199804627, -14.98037207029549], [22.462264788324838, -14.992797772773939], [22.444831674086085, -14.993761203928065], [22.42363683135739, -14.985788968971894], [22.415493246675698, -14.989632602091515], [22.404450607230977, -14.984436022360043], [22.39912553705885, -14.990243037634002], [22.409226926240446, -15.006424033710793], [22.424730774557585, -15.01765220588999], [22.422998469651866, -15.040308316077468], [22.43183444970346, -15.04441791993694], [22.451235295724306, -15.041162563168774], [22.463128788863433, -15.04969381376848], [22.455922341059157, -15.074573145092787], [22.46169856043831, -15.07890300385865], [22.461242215375673, -15.090212267995915], [22.456032275985315, -15.096637719248651], [22.449833587012833, -15.092562169796526], [22.44067463926045, -15.103346556875724], [22.430845494407173, -15.104888659726594], [22.483196394132545, -15.215636198099169], [22.52505901106325, -15.270943300624294], [22.454498712556447, -15.392054115842559], [22.514769028672585, -15.420989510386422], [22.51258110184806, -15.42756678068772], [22.524390066213876, -15.45946476627493], [22.51506246695342, -15.492158265814478], [22.52385714965475, -15.506321722127858], [22.534820384316568, -15.510500915614326], [22.549166261113328, -15.544439638692129], [22.54323377440059, -15.564809234070273], [22.51098560586857, -15.584985163663337], [22.51474093565872, -15.597484933714627], [22.49406284430565, -15.633697919286096], [22.49353994755518, -15.642761610126989], [22.49881642695528, -15.64962777380232], [22.49620195577933, -15.656722568055114], [22.506517234728392, -15.666563327599007], [22.50437812235638, -15.680934559049861], [22.511128213419923, -15.683314412057173], [22.506612306129842, -15.701208179296902]]]}}, {"id": "109012", "type": "Feature", "properties": {"DIST_CODE": "109012", "DISTRICT": "Sinazongwe", "PROVINCE": "Southern", "Area_km": 4826.20764934}, "geometry": {"type": "Polygon", "coordinates": [[[27.811957096080032, -16.988324153584372], [27.63031001023816, -17.24537589979256], [27.621694137194112, -17.331613477574297], [27.552337939595837, -17.41067628483539], [27.3315379410974, -17.587876286851145], [27.25093272959259, -17.67559020410147], [27.143958840158298, -17.807058662058786], [27.152196904251717, -17.83794473630284], [27.082904982010295, -17.90184996113062], [27.04148937125657, -17.96251018336654], [27.018256225097073, -17.95448364811135], [26.985813008960672, -17.970027661060815], [26.962995799845707, -17.966127658342884], [26.915721394775236, -17.979234724872875], [26.89620792966217, -17.989407718690394], [26.877526340434805, -17.984321294219193], [26.867234827314885, -17.9940192802222], [26.838024046913127, -17.99160048483775], [26.82444268403384, -17.966048861158182], [26.819650612167543, -17.965475041965558], [26.815898113867174, -17.9414538849186], [26.822636322016113, -17.936168561182658], [26.820000029863607, -17.92780041174913], [26.80443008979608, -17.917896464256565], [26.80324117041587, -17.912590891393943], [26.79132207888442, -17.908420467126444], [26.794114811745317, -17.88410622489779], [26.780462093886392, -17.87434307325238], [26.75299629990717, -17.880600176070338], [26.745687664247775, -17.87720715999205], [26.740221040248123, -17.860976330287347], [26.729050115092605, -17.857922279891092], [26.72780016417199, -17.833445404363196], [26.73849786492064, -17.8029970023397], [26.73237762402532, -17.782629056189446], [26.713244445416414, -17.7658690217308], [26.71042794582801, -17.754811743960044], [26.95577235501795, -17.75384971731587], [26.986048930808785, -17.655103969785745], [26.985339232089927, -17.644049551958354], [27.0060767452024, -17.614772263813407], [27.01453812508556, -17.596104807164618], [27.015560147367438, -17.581581820672415], [27.017794436243793, -17.57781909482312], [27.022179089789404, -17.58130458130879], [27.02273806018671, -17.568258618774998], [27.029749598727157, -17.566400544300343], [27.039898501600767, -17.54906513777218], [27.05576825978428, -17.54485465436762], [27.057676911166766, -17.53768858527458], [27.068241379182375, -17.5358990953515], [27.073210580856383, -17.527410841761707], [27.067387718252704, -17.464529816939756], [27.074042738813098, -17.414417165247194], [27.104193255816742, -17.328027400766945], [27.13098035193757, -17.270210070694233], [27.18255685268407, -17.18507894412844], [27.226395138012386, -17.131398100733723], [27.364962141778577, -16.990521907229816], [27.408301785767424, -16.9381622122835], [27.415877743885705, -16.943425332994817], [27.468642537886677, -16.931647598361238], [27.4676205156048, -16.93805950664213], [27.478434922780227, -16.94476676781292], [27.507621934657884, -16.928032276683442], [27.526232220109577, -16.93269352810346], [27.52889422833373, -16.92805501534554], [27.524853680745945, -16.92289339837499], [27.545531774793943, -16.918686690401927], [27.552899832212773, -16.929123702724947], [27.571367510113113, -16.925121779169213], [27.573364016730398, -16.928941797821526], [27.58020917919539, -16.927804895067762], [27.58265727519418, -16.93505821638829], [27.609895318401115, -16.9470630969752], [27.61217703922278, -16.956566416104362], [27.62061464968351, -16.95622539703609], [27.62408476886251, -16.96377315857839], [27.634756565791655, -16.959294554103664], [27.641506656855164, -16.966751259869216], [27.65650810887493, -16.962819857832045], [27.811957096080032, -16.988324153584372]]]}}, {"id": "103008", "type": "Feature", "properties": {"DIST_CODE": "103008", "DISTRICT": "Sinda", "PROVINCE": "Eastern", "Area_km": 2638.66128555}, "geometry": {"type": "Polygon", "coordinates": [[[31.70351980498354, -13.958023200972248], [31.703448421899385, -13.978581743204355], [31.79458611472407, -13.978795236116744], [31.798204028887774, -13.97541248022976], [31.79695220555104, -13.981294248326638], [31.80479562087551, -13.981986161054706], [31.80075507328772, -13.983277726204475], [31.799162113252276, -13.993831368490072], [31.81304422580048, -13.998069589987173], [31.810591453172275, -14.003435883188407], [31.81709673894786, -14.006679160380285], [31.812777024614153, -14.015286091422434], [31.82079935380051, -14.034843832755488], [31.815682547247224, -14.041129898726428], [31.810745728940894, -14.03841094691291], [31.800617535827822, -14.062353077022355], [31.80556091722561, -14.068158897228882], [31.800484530368546, -14.070997243425667], [31.803100310389855, -14.075448214940309], [31.79913230265956, -14.082522287821467], [31.803274582656677, -14.085046919143698], [31.797476966305762, -14.10838026518966], [31.81085443317507, -14.114453772262271], [31.831104707263997, -14.138770628590624], [31.837117990250004, -14.138240526343951], [31.84280406728369, -14.153306598345315], [31.86450195399507, -14.168090820787995], [31.87731933565782, -14.168823243074545], [31.89352420227319, -14.185660672034663], [31.905157243268743, -14.189925642254163], [31.92183720817665, -14.190441111951673], [31.948546337717342, -14.179345662076878], [31.963887297218957, -14.185223631281664], [31.990798428222632, -14.206574948332946], [32.00103162810421, -14.203037751802574], [32.02130630223283, -14.222937981150096], [32.02665703367937, -14.240911360217611], [32.03261350900345, -14.241074449366883], [32.035171091669106, -14.26840687898269], [32.04398801935179, -14.27238578641649], [32.05404275632574, -14.263782583450554], [32.06103915016879, -14.26511190659134], [32.049923827136126, -14.278556157049037], [32.056549495244624, -14.286235012836855], [32.05039430988471, -14.308247885030385], [32.044404792727846, -14.308006064400711], [32.042016117590194, -14.297572927373656], [32.02280607643062, -14.288222990685005], [31.995665332447047, -14.306076799787455], [31.989063852375878, -14.314217986847959], [31.988163629070105, -14.324394054069389], [31.995259902098077, -14.337185872034677], [32.01370197891112, -14.338004783233279], [32.01076075992359, -14.347103339355495], [32.01659931789194, -14.361040573387786], [32.04133200738217, -14.366104915047542], [32.04746109937798, -14.361424771326721], [32.06018797757248, -14.373020176939566], [32.069021081218516, -14.372810624422907], [32.080627542861436, -14.380491329822908], [32.05790576537237, -14.39169481682703], [31.948816459326647, -14.41644727170646], [31.82655075901659, -14.477387564597096], [31.685358992974596, -14.510468021176965], [31.59753439702707, -14.558288346098001], [31.576093277569974, -14.554211557684715], [31.53944010236299, -14.525591379074427], [31.534217327843898, -14.513516158387343], [31.511612990705142, -14.500252022856495], [31.476977436117856, -14.455732288943738], [31.479536074303926, -14.293050082902587], [31.524034386007504, -14.29986050873634], [31.52230011109638, -14.22278800678423], [31.493659760900034, -14.223133597277734], [31.49342207992061, -14.078285057897206], [31.546662234731237, -14.078169787964312], [31.546543393893437, -14.056959077369077], [31.585379565789424, -14.05489105826237], [31.584808497289444, -13.959308107940656], [31.70351980498354, -13.958023200972248]]]}}, {"id": "110016", "type": "Feature", "properties": {"DIST_CODE": "110016", "DISTRICT": "Sioma", "PROVINCE": "Western", "Area_km": 8528.0257154}, "geometry": {"type": "Polygon", "coordinates": [[[23.234512311084757, -16.23640201803604], [23.24748988122729, -16.24889473820215], [23.25098029873846, -16.26500089239433], [23.269352787558034, -16.291336898665055], [23.289501250185893, -16.298380730266196], [23.28958053459455, -16.314115251034544], [23.298819515950534, -16.335941057217664], [23.322687268857656, -16.339805320273243], [23.338296874934883, -16.359904999806556], [23.36616262942132, -16.37868816278593], [23.384618045318046, -16.380114372390643], [23.41196656962681, -16.436134888631152], [23.41226821042448, -16.454173359043462], [23.4414689126271, -16.47037490860459], [23.458220069021298, -16.507244904118444], [23.457487003325237, -16.519240769760085], [23.489529982273346, -16.55290019731686], [23.497106577297174, -16.583426731401147], [23.521088903132263, -16.602239162709733], [23.537183844702987, -16.607574415395053], [23.560405452900962, -16.638727760942473], [23.584767133687254, -16.6461202872853], [23.58365331885467, -16.65476173975534], [23.57174268855488, -16.65303650162891], [23.576685504912376, -16.667638549695333], [23.59879315814059, -16.675645402832124], [23.62569166781453, -16.67002907538997], [23.63619957789985, -16.681234201976686], [23.646983221370075, -16.709066358749606], [23.661819086035205, -16.711026297050573], [23.69210587297588, -16.726041063957158], [23.606159658779053, -16.877445122062248], [23.606397336833556, -16.91621998478828], [23.591661224690817, -16.925884030076052], [23.500460008015732, -16.927681701837734], [23.489791169238828, -16.933738915788222], [23.47948529385415, -16.93276046107034], [23.448982551020883, -16.947744978692047], [23.428232506410165, -16.96726096811909], [23.417137458353448, -17.022873530861528], [23.395401314190785, -17.0706831341465], [23.37111313625597, -17.11959327387784], [23.288828209018824, -17.254850995407363], [23.24056847425255, -17.3253351557107], [23.222376181190747, -17.344374311217912], [23.121477439919477, -17.42379249197758], [23.088352515670174, -17.41889442178708], [23.083322837614606, -17.413431775239125], [23.069027259287225, -17.38483108326349], [23.058712318104707, -17.339359892191776], [23.048570945808134, -17.34803451262169], [23.04288514006568, -17.332117689175647], [23.01512558620876, -17.30743087669445], [22.995615318199768, -17.298315656823494], [22.99599160720094, -17.27459432642347], [22.97388879768871, -17.260098448356096], [22.965434192001126, -17.25995916410564], [22.96943385456541, -17.250804460183616], [22.961124208218582, -17.237772531401138], [22.943508791672702, -17.238276764960283], [22.944852603964108, -17.229520863150498], [22.939786435443374, -17.224081461347758], [22.928471209412212, -17.22637288165912], [22.932015757605782, -17.213308456682913], [22.923923814374803, -17.20997514502739], [22.921971447377327, -17.194832898771423], [22.915357746625062, -17.18534173308589], [22.903504736962564, -17.18420361990312], [22.907109993303013, -17.172000203802753], [22.89870522884232, -17.17215390975184], [22.89706440117867, -17.161886834895718], [22.892069072004613, -17.166863748873435], [22.883403574227675, -17.16490183058831], [22.888078359355507, -17.152854400075476], [22.89102824708549, -17.155520647070432], [22.896066646884183, -17.14992406398965], [22.89220291559205, -17.138704899983427], [22.888634698587385, -17.13977781119371], [22.886392534180946, -17.136095011744732], [22.89986739819004, -17.120646218322538], [22.892047048008774, -17.111940850163894], [22.89693714314055, -17.1014825679401], [22.89447752624826, -17.095266550816337], [22.90256006681312, -17.082641006718692], [22.893335995694223, -17.075259985123402], [22.896830564320318, -17.070034397289472], [22.893150463045334, -17.064343701953923], [22.884346729817516, -17.06210309576725], [22.88425709591846, -17.051714943152447], [22.869177312602563, -17.047895328027053], [22.866107391984283, -17.0430979187728], [22.862005749075703, -17.04658062922446], [22.841240013591953, -17.04289508729779], [22.835707184654147, -17.034648576130728], [22.81854245737788, -17.032806518179807], [22.817059851781824, -17.028537720817972], [22.795756990233517, -17.02145406087971], [22.79350417899431, -17.00640209524362], [22.784840540729995, -17.003874449330418], [22.78714054406432, -16.999512202868452], [22.777234170147747, -16.987394258846138], [22.776660980317782, -16.978448050083117], [22.747500487605635, -16.94408047730114], [22.754296167271512, -16.94021607529963], [22.750245208209567, -16.92985177691373], [22.740286036710486, -16.92824099805896], [22.740679840164734, -16.92000246282095], [22.730292088731805, -16.912369175639782], [22.722234179073688, -16.918814996276396], [22.702872390903078, -16.91477191103574], [22.694330304578187, -16.90825301983852], [22.697955826911457, -16.893554649135186], [22.689146614858707, -16.88684073015209], [22.690578359640032, -16.870950925707692], [22.683693619200252, -16.872065675151248], [22.679709855019862, -16.86766760812086], [22.68258910911737, -16.845661987707203], [22.67663582011761, -16.845956416592227], [22.673834742806008, -16.840132604309467], [22.671307059666308, -16.81358461616023], [22.65891018837118, -16.809696062774783], [22.650154753962937, -16.793896821043763], [22.62411448123675, -16.789846920821603], [22.60888671934238, -16.71539306419474], [22.616864596295223, -16.717612157718904], [23.027893968365998, -16.646665953208334], [22.645741206106255, -16.369104089837258], [22.638141254885028, -16.23973251393784], [22.64058699819609, -16.23634703792618], [22.67133908191124, -16.248622237864662], [22.67498628598219, -16.24449727778169], [22.68305507244176, -16.245998271598545], [22.704782794000373, -16.259527488885823], [22.717437988431833, -16.260741221354596], [22.74912135200873, -16.27528934196453], [22.816727802113476, -16.27509329681518], [22.86406946404927, -16.2876173899027], [22.906677759920907, -16.278014378319316], [22.930497325399557, -16.286975985607203], [22.953845020232503, -16.28008230972905], [22.97104260339028, -16.280411000922957], [22.988914670409468, -16.28693434682338], [23.02136758206274, -16.284843003605044], [23.040842722350835, -16.291392542832448], [23.064953969903932, -16.271746183741612], [23.048894941181636, -16.185831995797624], [23.02292399503918, -16.097123166149245], [23.030598027626908, -16.080605328153062], [23.055322037594877, -16.08295306258693], [23.063958210767698, -16.079713137015453], [23.07981692865635, -16.099923221123376], [23.092501224909746, -16.099812125920284], [23.09234836758101, -16.10559587087741], [23.105931828924774, -16.110045783910916], [23.103663774173558, -16.130434870401288], [23.118028069128574, -16.138173239376037], [23.134995185906977, -16.16498730420461], [23.131460405993806, -16.168914542082014], [23.135038275396216, -16.175969586633208], [23.152957176082744, -16.18137498317253], [23.15584659371938, -16.177091896364015], [23.185017447600046, -16.180176940335645], [23.1950266822099, -16.194182567687267], [23.201227148050005, -16.19397846889076], [23.20350960279523, -16.202645127117187], [23.217162316162604, -16.20503768663354], [23.2245995672145, -16.21204612868447], [23.23077455503649, -16.21010270997028], [23.237226477290914, -16.216414212922764], [23.234512311084757, -16.23640201803604]]]}}, {"id": "108008", "type": "Feature", "properties": {"DIST_CODE": "108008", "DISTRICT": "Solwezi", "PROVINCE": "North-Western", "Area_km": 3338.971941}, "geometry": {"type": "Polygon", "coordinates": [[[26.698869044589518, -11.998627762064839], [26.690441203307522, -12.017027226675053], [26.676304144390116, -12.032218080421005], [26.71216313881736, -12.053138799969878], [26.729577348010963, -12.080451612566588], [26.72107173687985, -12.124778787226077], [26.728306071085488, -12.136510139122255], [26.73545292106056, -12.138957598267844], [26.739456314328194, -12.159865492132383], [26.75511253129058, -12.165832806954992], [26.760948732079594, -12.175100472748962], [26.77230544680214, -12.204898989361423], [26.767496008704786, -12.225184892105798], [26.777699698929265, -12.240697876945875], [26.790906229874768, -12.244416896031664], [26.790279810372628, -12.267505737344708], [26.77106518690681, -12.27793488557302], [26.764156203632464, -12.277043739143659], [26.757843139361412, -12.289695432674169], [26.736761278644327, -12.30075398812838], [26.731872760055857, -12.298524066699724], [26.72417848393317, -12.30366062878507], [26.716591861015846, -12.29889148566513], [26.70558881930885, -12.303354126871318], [26.695247792847113, -12.324230623756849], [26.691988784946396, -12.322695671564693], [26.673547759162208, -12.339746041579401], [26.676267720400272, -12.357026147656864], [26.65900407872977, -12.36358481864429], [26.651398083643304, -12.373073925117831], [26.64797532993427, -12.366346229564993], [26.64051712208512, -12.374208222698472], [26.633765593717122, -12.370672485580956], [26.62830621373193, -12.377848351199864], [26.610755665431018, -12.379235436656298], [26.613244028412435, -12.39184808332447], [26.608051246843967, -12.397391505947176], [26.612843816376927, -12.399144991018487], [26.596348243257484, -12.409983413415862], [26.601329828207678, -12.415589488194692], [26.596500540037496, -12.421731343700952], [26.599842795713933, -12.432909772846742], [26.604832183430684, -12.433682735696307], [26.606489984761662, -12.44018107673102], [26.59637959086763, -12.460646859155744], [26.606031358876496, -12.485950888937975], [26.593265992363648, -12.508976926308668], [26.5820822230962, -12.513051124066802], [26.578024552720773, -12.522471576626838], [26.58823928683334, -12.530861459987072], [26.592578747035304, -12.527949117004303], [26.60879127628009, -12.532327712395563], [26.60913233605076, -12.548406408932376], [26.604905754554135, -12.557037456595644], [26.581977300769346, -12.563032007387081], [26.575452252057534, -12.573533917641928], [26.56714028087075, -12.577205177743476], [26.564539226931885, -12.588565666651467], [26.576314300557005, -12.597413155212427], [26.572124419731328, -12.612120777179992], [26.56320292455628, -12.615312376297183], [26.561346085304447, -12.632775030959197], [26.555428543863083, -12.631257921828722], [26.551369568235543, -12.641628098811802], [26.543139944712554, -12.644140657300484], [26.542496068249484, -12.66639983986513], [26.535158734111683, -12.670846829361272], [26.54728413812118, -12.681490653372709], [26.54497855624895, -12.692299796798146], [26.53732927673884, -12.690970683720245], [26.531015536036374, -12.69724660684186], [26.5235449152666, -12.683416158564903], [26.500080263376955, -12.673626523973256], [26.489776386743785, -12.658351645777701], [26.474577693433723, -12.650123779915072], [26.46652124084297, -12.638296226016436], [26.44677055671452, -12.636010707820182], [26.445018326277516, -12.624659300393649], [26.43223847083745, -12.619288336244733], [26.404317059430944, -12.629554120328638], [26.397536690650764, -12.628487544957277], [26.39034924580802, -12.618465870256092], [26.35281710862137, -12.64015064534612], [26.320840339103, -12.593291535994034], [26.32544457324339, -12.579097830068221], [26.33670376416374, -12.570707385844656], [26.339647976337762, -12.55274704620278], [26.355287443313372, -12.541396772645703], [26.3655691728815, -12.539531177184339], [26.372926036393565, -12.528566828676793], [26.372828044569122, -12.517342476905592], [26.360144836175543, -12.496019274591621], [26.345814742778284, -12.491415183302324], [26.33564577513451, -12.481929610846192], [26.31989988025565, -12.479210779025854], [26.325781040826293, -12.464607357232724], [26.324245142676038, -12.456014434363519], [26.30454737919926, -12.438642804380937], [26.306872120339886, -12.43407909535081], [26.29560170766496, -12.424862826757911], [26.29872624225924, -12.417131600039033], [26.268332127303385, -12.409693984281521], [26.262463856658727, -12.398736231012244], [26.24268207016017, -12.388107026297376], [26.248024325103675, -12.386782131025658], [26.259692251274963, -12.36568641482452], [26.2719448755933, -12.36020447967479], [26.325307517280464, -12.291131209690919], [26.337680773663394, -12.267590640227867], [26.33922245965905, -12.24637727777789], [26.326362710752562, -12.229507326794584], [26.321179846584847, -12.207301354632325], [26.32859326173899, -12.196209525381128], [26.330364537358356, -12.16938849686517], [26.324067100179978, -12.137256408060532], [26.30521273438073, -12.120147111408379], [26.21238248222669, -12.06134576780635], [26.164151828621122, -12.038917259106457], [26.12587453082146, -12.035582842436437], [26.12042684240969, -12.021253781330351], [26.10957863522337, -12.010566793683982], [26.085739113670666, -12.011826444274728], [26.06588083203244, -11.991662377571373], [26.001969867750237, -12.000460224823287], [25.98012842756153, -11.947878135887768], [26.009662269088913, -11.941383928061327], [26.04146375393918, -11.94240708580413], [26.0494022397668, -11.936314599391403], [26.127646249310228, -11.940081723147365], [26.16462914126081, -11.936128570411052], [26.168764759351745, -11.931663756601703], [26.185497379908362, -11.937942376306449], [26.20812444532207, -11.92078047316547], [26.23027615103351, -11.934128713235722], [26.239498106619944, -11.927989533635364], [26.249195420112017, -11.942779139410664], [26.29247779470487, -11.941703609187883], [26.302841665324294, -11.948069046742766], [26.30447961298915, -11.961241757733525], [26.312735060381637, -11.96368512887267], [26.332842724224218, -11.957965157560556], [26.388079382748113, -11.929782075944837], [26.404859536759677, -11.92927047328782], [26.409945874255143, -11.918201048171492], [26.4199759372032, -11.920340554259207], [26.421877370622376, -11.91243360694256], [26.43143208015635, -11.910666138841545], [26.438657526430568, -11.915549900211237], [26.457337940661535, -11.913576286679097], [26.479015465260375, -11.919317314130206], [26.499931238261205, -11.952012539001759], [26.539290923333194, -11.961871491929704], [26.54860795032111, -11.976705748754508], [26.55859047801756, -11.977356761212771], [26.566053605041244, -11.984471319227737], [26.577557282347637, -11.985122313840831], [26.592670529704513, -11.968119539307613], [26.59994666791021, -11.973590157304653], [26.608265442038647, -11.97075354364932], [26.624475166743093, -11.985773308641203], [26.638022885020053, -11.989818734850564], [26.666591929644095, -11.988795762673675], [26.698869044589518, -11.998627762064839]]]}}, {"id": "103009", "type": "Feature", "properties": {"DIST_CODE": "103009", "DISTRICT": "Vubwi", "PROVINCE": "Eastern", "Area_km": 954.7544202}, "geometry": {"type": "Polygon", "coordinates": [[[32.64327399995232, -14.202511518231287], [32.66606782592044, -14.166914927889167], [32.68173088894358, -14.11083936118431], [32.688980107335155, -14.098806554917996], [32.70630692482466, -14.089493369376022], [32.71034245442329, -14.067036790846135], [32.726171891725286, -14.03865411305146], [32.73494225613356, -13.99862187710169], [32.741335829217014, -13.996961403174815], [32.74354624356804, -13.97731155124216], [32.80860151509681, -13.99498032790235], [32.84585670168135, -13.975300098850646], [32.8262373153148, -13.95853881940294], [32.82096083681302, -13.868148273309924], [32.808007317265584, -13.826009343023031], [32.80827068713722, -13.79348985927304], [32.81896625169213, -13.78321792508649], [32.87403793910566, -13.80267628679401], [32.909237939321955, -13.82627628724008], [32.91913793879326, -13.853576287762134], [32.9607379404372, -13.89517628725663], [32.959197012619626, -13.93067480090489], [32.968823021437686, -13.934250446290152], [32.97951858778923, -13.930905490808797], [33.003186490698496, -13.946036434247738], [33.00800402261656, -13.96258194814993], [32.99682958055671, -13.98285699706], [32.99662889243065, -14.012621144195771], [33.0159769875814, -14.02523346022112], [33.02957217732955, -14.041558291158113], [33.03893226685722, -14.045132822353414], [33.057530855345576, -14.024793564363128], [33.06551281963294, -13.989714369686158], [33.07756099368085, -13.975129319997345], [33.10116163702979, -13.958271940374093], [33.12914396139908, -13.954709403368573], [33.142376369214674, -13.932772606206587], [33.158229618159865, -13.932612575858482], [33.18538833024573, -13.950995509265878], [33.19513794006039, -13.978576287775647], [33.206637940562366, -13.987776286759372], [33.24143793984723, -13.996876288091222], [32.64327399995232, -14.202511518231287]]]}}, {"id": "108009", "type": "Feature", "properties": {"DIST_CODE": "108009", "DISTRICT": "Zambezi", "PROVINCE": "North-Western", "Area_km": 14027.1466439}, "geometry": {"type": "Polygon", "coordinates": [[[23.53492884067618, -12.997086732795886], [23.513568345914138, -13.011959388916312], [23.508804986899314, -13.027232609772692], [23.486979272617965, -13.039377873304602], [23.505315085919428, -13.052300458331136], [23.51267459317338, -13.07349535603675], [23.5884695383341, -13.08017246110442], [23.595340668399036, -13.093334351372246], [23.607774440689365, -13.103602740317111], [23.639086761426405, -13.184842117202699], [23.64043718172502, -13.226391956051582], [23.719418571572795, -13.291797334890934], [23.71537884235021, -13.307289592799362], [23.675614531819747, -13.350657743091691], [23.66829401234742, -13.369250006050741], [23.662684782593033, -13.372626060882155], [23.66392071171037, -13.406522715634734], [23.659214664312316, -13.408164247156346], [23.655958458256986, -13.425434325586428], [23.664253462962993, -13.434427220678508], [23.659832630667637, -13.445847020722656], [23.667652276569676, -13.455717541002608], [23.66460998273967, -13.458214000787107], [23.667604742216444, -13.4710657368893], [23.66042682670221, -13.490550058921091], [23.66981612495133, -13.507904784064884], [23.665489394775264, -13.514469915234695], [23.669743854588432, -13.521033012216082], [23.66553693182348, -13.525793454569515], [23.66710561488838, -13.534875005666189], [23.66092595492857, -13.54820785202231], [23.663825641207232, -13.57764376029005], [23.65914816203186, -13.581182614730738], [23.6663450400834, -13.588409830093141], [23.668198940047624, -13.605782367704524], [23.67761103933532, -13.624839869303067], [23.66754280068264, -13.681262562778272], [23.677049695589, -13.712780204712535], [23.669627646726628, -13.733114534565612], [23.68972555486527, -13.782201304306676], [23.675088228657696, -13.82270266989173], [23.680352123558993, -13.837632476113555], [23.664710493440197, -13.853242438157208], [23.659057744801903, -13.85189925238639], [23.656420366586175, -13.863639834806513], [23.640606506071226, -13.853127598366445], [23.642983148275718, -13.857866034657006], [23.62922411300629, -13.867661560121242], [23.62804817428191, -13.872900482411033], [23.64405390506008, -13.888790977591192], [23.6341789631953, -13.903775533746451], [23.63702417473683, -13.913321887412092], [23.631400671650905, -13.916636161599515], [23.62679730977466, -13.930522425207887], [23.607620273616963, -13.94537103776088], [23.61314829117809, -13.955361042930031], [23.595607125780294, -13.969017658690825], [23.594501699415865, -13.98928148900155], [23.587203290177637, -13.999831995049776], [23.59990079885223, -14.022965196329785], [23.601668526126186, -14.035446389095576], [23.5943004696057, -14.03602284781649], [23.591329479551376, -14.049050415589079], [23.548071855341185, -14.080866843786046], [23.535831375347193, -14.084901218983616], [23.52941403643454, -14.098502302741036], [23.496257778049866, -14.1050720272387], [23.452049438926736, -14.100461712899426], [23.419249701216994, -14.107953425931587], [23.407484577331985, -14.113600859699098], [23.39952232387856, -14.13157951792389], [23.391322389675704, -14.136073961286963], [23.386093447323802, -14.156816390146021], [23.37646743491249, -14.168800042583227], [23.337012679337313, -14.17087407108323], [23.33130837997813, -14.16246261202649], [23.322276567194606, -14.171680634102811], [23.296726045181522, -14.166956443846656], [23.294586931911205, -14.170989292929724], [23.301360790600526, -14.175943841427118], [23.288407271951414, -14.189769909347302], [23.27664214986301, -14.191267683128025], [23.256201733869542, -14.183778716976397], [23.23647435563277, -14.205092816942427], [23.21852957178796, -14.19023076407376], [23.21734117612556, -14.18170480559918], [23.22375851593649, -14.17248719077143], [23.21508322292967, -14.163269204936418], [23.202486222260642, -14.16776301904778], [23.201892024429426, -14.185737393343967], [23.192622533591408, -14.179976530756202], [23.177767583319806, -14.185046097632538], [23.19247657712068, -14.13642769034146], [23.2167643139827, -14.121681469350303], [23.24205904970179, -14.066931106780377], [23.241474447674467, -14.03564284270653], [23.221909471366367, -14.0031250028265], [23.2141168854156, -14.01703993284107], [23.17692400238591, -14.02132579733344], [23.17458286429641, -14.032720730708158], [23.14867507959988, -14.040025829299116], [23.12265850802413, -14.036887856066794], [23.101056566774986, -14.008010052035127], [23.098021434314422, -13.986311010844389], [23.090362476355452, -13.990692661690362], [23.066561450307645, -13.991317507322057], [23.028880528753767, -14.008594215775041], [22.99435292291753, -14.00571673260617], [22.980891786064273, -13.964085917685605], [22.963150044829906, -13.940602552653479], [22.853680769385292, -13.875016351994956], [22.800156347403654, -13.92717277806715], [22.75486972630905, -13.92282600870652], [22.728712546831776, -14.002923547037106], [22.72395866683977, -14.00311258921943], [22.727894256168113, -14.010182623399526], [22.71924375306987, -14.00307478009809], [22.709502196651748, -14.002772313876529], [22.710515318425813, -13.992261363649444], [22.700617897119383, -14.005116418421172], [22.68814870425736, -13.990824578830196], [22.67614710516201, -13.99090020022518], [22.66827592830201, -13.983867384316218], [22.652299774554567, -13.999596395382332], [22.6492604092324, -13.994227477759658], [22.656040532772494, -13.985909190606536], [22.654793613665955, -13.97910309539862], [22.638194002161875, -13.975094967898789], [22.63827193191111, -13.962011346588723], [22.629855227941977, -13.962238238224497], [22.627049659952267, -13.948624445929113], [22.610021419106992, -13.95868360425036], [22.609242092868808, -13.943216524351097], [22.600591590668877, -13.941136518686987], [22.599032943582323, -13.945599048644803], [22.58763532227669, -13.947244114570857], [22.582842474266013, -13.933270152575735], [22.57684167606578, -13.94020996675904], [22.562015028115475, -13.933894175673835], [22.554767308113796, -13.940550332814102], [22.543077439693402, -13.92795642060119], [22.536920778401495, -13.930528205867457], [22.533141052164858, -13.92198068962144], [22.526438861068925, -13.922056332729225], [22.527374050398826, -13.918122858301487], [22.52059392775703, -13.913584149935604], [22.51467106200096, -13.916647789009216], [22.508202667339194, -13.912752044771466], [22.514748994445114, -13.906586802261247], [22.48766746560847, -13.88869531873743], [22.487005039833146, -13.882718574769406], [22.476075013192414, -13.873658596294748], [22.459728679886062, -13.87694973715087], [22.450980761681812, -13.870878116103881], [22.443577180385056, -13.874358439693944], [22.43108850306456, -13.867757123868328], [22.428945360850204, -13.857712933379325], [22.418619311999215, -13.85485659367976], [22.411927825228187, -13.836872491432587], [22.404420672670785, -13.837494958109414], [22.397908760023363, -13.83037766328019], [22.389180326277604, -13.833347808324104], [22.369599797436976, -13.811610000844148], [22.35093497436608, -13.804004127248087], [22.344817275703008, -13.794827554348409], [22.338874926386737, -13.80071195315472], [22.331069333729005, -13.800445424566808], [22.326671325828425, -13.794565341805415], [22.31691365632902, -13.797408652312832], [22.316003314399897, -13.781108373295407], [22.308231763399817, -13.771493801923064], [22.29406420398356, -13.770831069703995], [22.276821210988196, -13.752156488110401], [22.24101124660915, -13.744813631634056], [22.227295134640624, -13.75134272797023], [22.222502290223197, -13.76216738575623], [22.211825543576822, -13.763624511962027], [22.19573249116316, -13.755581815346694], [22.173424325878692, -13.769434004121399], [22.162455333914206, -13.767049671317729], [22.154350357925104, -13.752516053756217], [22.147336436154212, -13.753802923054778], [22.138763867296753, -13.747784866319616], [22.12726882998676, -13.75206186557209], [22.128281951760812, -13.757247149068784], [22.122514949994773, -13.756149543210695], [22.11674794912704, -13.765725028762745], [22.08467874296595, -13.751607674761665], [22.072910944796305, -13.752932394623189], [22.062390062139944, -13.743204984991129], [22.04953120705716, -13.74085823424357], [22.040374143970226, -13.728442773029954], [22.01753993513685, -13.72302972886841], [22.012006729804963, -13.715799522588028], [21.997711008645457, -13.717640932360379], [21.99620700517933, -13.434399329334036], [22.00284155043945, -13.437307008567233], [22.002539111937814, -13.44650319003322], [22.014827681443933, -13.443422354295357], [22.00963846708546, -13.45172039425888], [22.001106504773823, -13.454491505010187], [22.004385581038004, -13.459460845367552], [22.017390452778617, -13.45376389801393], [22.034088262719678, -13.482510422584129], [22.041601481600217, -13.479832515029237], [22.045533188409873, -13.488872272218655], [22.05899967742556, -13.486890985091861], [22.061562448760295, -13.493299155227268], [22.070333176087924, -13.496627000277888], [22.07041276592377, -13.505217270944328], [22.07520403379789, -13.504040963611114], [22.07746436842758, -13.494877952250148], [22.090103129079232, -13.506857899789495], [22.103203507904265, -13.49916541764578], [22.100306461774206, -13.511454695686304], [22.109124945339005, -13.508916409069922], [22.123960367134686, -13.519053920672002], [22.130773202825875, -13.514426317384649], [22.13191928604175, -13.52422311327008], [22.139018640291138, -13.518450324731104], [22.145735967999595, -13.524671928254325], [22.146133913585633, -13.53381831926315], [22.16217909208288, -13.52775171821812], [22.172844043849544, -13.534267117909092], [22.166652006003442, -13.539915717169011], [22.17968871403777, -13.538646729747311], [22.178510792731583, -13.547544984391164], [22.17200039644035, -13.545270157156866], [22.17196856014668, -13.549340070316862], [22.184448145618187, -13.552202893772309], [22.177237364340993, -13.561920764768983], [22.186485629785473, -13.562060030827732], [22.18852311215613, -13.56705807971341], [22.1759798558939, -13.574067546359052], [22.186883575371517, -13.578879664133064], [22.192996024280063, -13.5919848428207], [22.201354786913335, -13.594793926669785], [22.37347169621166, -13.406632132951204], [22.363114121884074, -13.39613539290521], [22.64517814657772, -13.291373746782053], [22.658162708308137, -13.318689898431328], [22.691042474231566, -13.349862227865755], [22.726212780636136, -13.401341451802722], [22.73449991789689, -13.407263389895109], [22.750328326627834, -13.44242834912469], [22.762781639072273, -13.43307454702376], [22.810920838792025, -13.418085702101326], [22.876378392973024, -13.376098636002876], [22.888722049867297, -13.395732627776898], [22.95900202998803, -13.346878909890973], [22.999614713066105, -13.332989755818684], [22.987837122361565, -13.318766177097144], [22.959077933137944, -13.322929299262519], [22.95069973904674, -13.318477068938178], [22.94345052155348, -13.305524663279275], [22.95517999310151, -13.28158980221912], [22.951472196766307, -13.269098092011081], [22.921096789226194, -13.239115374018668], [22.866668239860573, -13.219842121893556], [22.84532464240906, -13.200845028767887], [22.87713236965219, -13.153613873311429], [22.92138988075734, -13.119600404596357], [22.939775139128677, -13.08374910172207], [22.95999944202439, -13.070023979797018], [23.00853007274774, -13.057953876965554], [23.031384214298967, -13.043200726629719], [23.0765418382171, -13.036789051220932], [23.09051871314632, -13.030626021809935], [23.115062044062846, -12.992963108026526], [23.53492884067618, -12.997086732795886]]]}}, {"id": "109013", "type": "Feature", "properties": {"DIST_CODE": "109013", "DISTRICT": "Zimba", "PROVINCE": "Southern", "Area_km": 5447.86099004}, "geometry": {"type": "Polygon", "coordinates": [[[26.96849965721729, -17.331178047998296], [26.963211292207664, -17.340026479929378], [26.970341669775358, -17.340820549400753], [26.97372859777252, -17.34705954513574], [26.967786616765558, -17.35239088018879], [26.957031632247865, -17.351653578424564], [26.966419961214797, -17.370538953314412], [26.961309856991857, -17.38488599802493], [26.953228761816256, -17.388344998118136], [26.950495451613058, -17.40603591382779], [26.925895650801124, -17.41573116974971], [26.930649234349048, -17.422534550307955], [26.926905785676844, -17.433702885786197], [26.93985930522428, -17.444417042034157], [26.945801288027905, -17.441015790913784], [26.953525860731833, -17.447988286999102], [26.96142869601911, -17.444190295075863], [26.963864910899954, -17.45167283179183], [26.97759088637031, -17.446457763110416], [26.985374880833675, -17.451956255954382], [26.992327001207975, -17.449632170809558], [26.999338537951793, -17.46941429060469], [27.01514421032291, -17.474798736074195], [27.01686738295543, -17.484422327718658], [27.02147836164696, -17.484875723749457], [27.031841174949268, -17.5057760398973], [27.044770925972603, -17.521007726751716], [27.055704172175286, -17.523954186048293], [27.05995341277663, -17.536865445761844], [27.05576825978428, -17.54485465436762], [27.039898501600767, -17.54906513777218], [27.029749598727157, -17.566400544300343], [27.02273806018671, -17.568258618774998], [27.023118944968868, -17.57987531685852], [27.020804220942008, -17.582435738773984], [27.017794436243793, -17.57781909482312], [27.015560147367438, -17.581581820672415], [27.01453812508556, -17.596104807164618], [27.0060767452024, -17.614772263813407], [26.985339232089927, -17.644049551958354], [26.986048930808785, -17.655103969785745], [26.95577235501795, -17.75384971731587], [26.71042794582801, -17.754811743960044], [26.713244445416414, -17.7658690217308], [26.73237762402532, -17.782629056189446], [26.73849786492064, -17.8029970023397], [26.72780016417199, -17.833445404363196], [26.729050115092605, -17.857922279891092], [26.740221040248123, -17.860976330287347], [26.745687664247775, -17.87720715999205], [26.75299629990717, -17.880600176070338], [26.780462093886392, -17.87434307325238], [26.794114811745317, -17.88410622489779], [26.79132207888442, -17.908420467126444], [26.80324117041587, -17.912590891393943], [26.80443008979608, -17.917896464256565], [26.820000029863607, -17.92780041174913], [26.822636322016113, -17.936168561182658], [26.815898113867174, -17.9414538849186], [26.819650612167543, -17.965475041965558], [26.82444268403384, -17.966048861158182], [26.83740289962338, -17.990820704223083], [26.82501311423926, -17.99976694763824], [26.828994240965972, -18.01152098393986], [26.80605819462038, -18.0132162129987], [26.79952201398557, -18.02581690536645], [26.771891801359903, -18.019092880217833], [26.745889690863574, -18.02295781339652], [26.6974744271789, -18.062189982156845], [26.69716544355209, -18.074934033965516], [26.69300605693705, -18.077374280344806], [26.648385053331978, -18.05532384641305], [26.6256239889223, -18.05735423177606], [26.59857609121325, -18.050755705125287], [26.602212582874444, -18.035749909387675], [26.574665556939024, -18.01744291365613], [26.571100369951836, -17.99662487079639], [26.564065062887256, -17.98832861172325], [26.50761624017689, -17.98988842991081], [26.483848314352347, -17.982066602995122], [26.467495982096516, -17.96404795478677], [26.455754626735615, -17.96407056374484], [26.44829149881363, -17.95477792121681], [26.42946730203491, -17.952946466893888], [26.4137567046585, -17.939243872735908], [26.394457150872466, -17.936982617857378], [26.38623344634885, -17.925246234296075], [26.38499751363824, -17.910161917868926], [26.374919913642014, -17.916087243397712], [26.369191843063753, -17.91423277513522], [26.367076499215845, -17.900640272355368], [26.354408192974514, -17.880622793115943], [26.332304024311277, -17.855128344330556], [26.325221181096822, -17.855626053258923], [26.324817126966863, -17.847956665325448], [26.30171470364752, -17.834426969855567], [26.281654575056518, -17.842368439024693], [26.2686535202575, -17.82381516601882], [26.25101771914118, -17.83030903175164], [26.243411983667848, -17.822095497876475], [26.24246126605994, -17.805961476572786], [26.22852137836426, -17.79045967458256], [26.223934167298534, -17.777695138931097], [26.214284390854665, -17.774051192952403], [26.20698763810981, -17.75487964982674], [26.22381532827128, -17.748383041252087], [26.22543154838438, -17.744942233908176], [26.21863392206926, -17.73926023014988], [26.21982231593504, -17.73101986908688], [26.23943085514454, -17.725812853624888], [26.23973983877135, -17.718975587771908], [26.24865280983264, -17.710847500738623], [26.242164166246038, -17.69816785739976], [26.244089369087646, -17.69307310780749], [26.25549797409426, -17.690129408985726], [26.25233683944037, -17.673530566791776], [26.257494480711546, -17.662546861573237], [26.262414439436633, -17.663951001730943], [26.267405701937392, -17.658742040398213], [26.266146003397605, -17.65357822500636], [26.25915823427959, -17.652038111007638], [26.259395912334096, -17.6463078657935], [26.273181307767228, -17.62895747816483], [26.271850306350096, -17.61767656237567], [26.283235141934313, -17.610019637072604], [26.29198173781848, -17.592779038900296], [26.279313433373744, -17.582877977394972], [26.277483303730246, -17.573588157219355], [26.26239067091253, -17.57256851739687], [26.264815001082177, -17.56216782721391], [26.23681647919002, -17.53586711705468], [26.228488182021252, -17.52377350308061], [26.235276314940446, -17.521543258373338], [26.22382965909501, -17.50817934586424], [26.218258446941757, -17.50926735410216], [26.209625919132357, -17.499511317199303], [26.21443655737893, -17.491169310299178], [26.20375047633847, -17.480977032921178], [26.212888425971133, -17.46984010677127], [26.169801683785906, -17.469903472222835], [26.11016664366226, -17.56694368985968], [26.08192884740932, -17.54663141709652], [26.075888409250584, -17.528524840595622], [26.094716143594912, -17.470090327727263], [26.083890282001295, -17.467789745357294], [26.089072361041445, -17.45914487327095], [26.08211691420566, -17.455345709294924], [26.081507665101835, -17.4495521481199], [26.094815994931984, -17.424827480010208], [26.07811921715522, -17.41836125034614], [26.07362718708539, -17.4302813863842], [26.06153958957293, -17.42849058412408], [26.04370106384984, -17.41439192072726], [26.039004515237597, -17.400185510191328], [26.02923112162748, -17.39153048965119], [26.01451399358167, -17.394415543152615], [26.014361878261337, -17.3874840834239], [26.005826576013458, -17.381014963777908], [25.991981957348578, -17.377354061368866], [25.970438666206057, -17.384685114180265], [25.961596980055802, -17.373543250652126], [25.96992353988278, -17.365553277303317], [25.968060130352946, -17.357495520397084], [25.97880325531226, -17.352395722104927], [25.976892255733624, -17.334453756996233], [25.984126979808103, -17.332127278034914], [25.98311944106353, -17.316687885175558], [25.991176755138635, -17.31582563916558], [25.99791683178337, -17.307472640403383], [26.08596986571435, -17.326174888317464], [26.09382217525845, -17.31946505331349], [26.116610338247, -17.324471242019488], [26.12536868229844, -17.3128860290605], [26.148458857088894, -17.31550718110227], [26.158342880921182, -17.30895422962832], [26.162450688967578, -17.311151375642776], [26.24960251324259, -17.255100925872878], [26.263839127053053, -17.262917369220578], [26.24724911584442, -17.280938105680825], [26.235848516623605, -17.32144987601139], [26.25555714163045, -17.343480564741416], [26.27364453572156, -17.352283030696476], [26.28300909706272, -17.36956912017397], [26.303639656757472, -17.37000011613017], [26.3361304117387, -17.383655394019865], [26.375989222342138, -17.372812914111005], [26.39008360140208, -17.376283484691463], [26.395238465980693, -17.384155851614448], [26.405292295656224, -17.38152468823859], [26.410307326681085, -17.365079062758703], [26.443796333623467, -17.346771643594145], [26.451758588873517, -17.330527100414642], [26.538108358635316, -17.36274648099427], [26.543286464426966, -17.37132321380444], [26.553078849320485, -17.367149334950284], [26.569027130141283, -17.376268232971697], [26.602753812443247, -17.373841106624692], [26.608885938049795, -17.33942692408361], [26.61979541662667, -17.336182537685378], [26.63781150155222, -17.318303354146448], [26.707594892085556, -17.29757575873299], [26.751003161972232, -17.301775611887486], [26.77799735030876, -17.31688321082043], [26.79587082858125, -17.32087671238185], [26.850798506173263, -17.298049048109718], [26.889640023226473, -17.298553344941347], [26.90580221088272, -17.304929927995293], [26.91238592856576, -17.302887630758313], [26.914738951366445, -17.30942290568016], [26.924436263960217, -17.309059840420666], [26.930734764743892, -17.315322605785898], [26.93643906679805, -17.316048709990604], [26.943973500292337, -17.30890099968019], [26.95184068324258, -17.31012634118645], [26.95673687524019, -17.317296693254704], [26.95295777512931, -17.323037312071314], [26.95792527269922, -17.321993579343932], [26.96849965721729, -17.331178047998296]]]}}]}